customer_id,gender,age_group,home_branch_id,home_branch,joined_date,join_month,is_minor,has_purchase,orders,revenue,first_purchase,last_purchase,recency_days,top_branch_id
C00001,หญิง,18-24,B02,สีลม,2026-03-03,2026-03,False,True,3,344,2026-03-19,2026-04-30,143,B02
C00002,ชาย,25-34,B04,บางนา,2026-01-18,2026-01,False,True,5,504,2026-02-17,2026-05-30,113,B04
C00003,หญิง,18-24,B04,บางนา,2025-05-04,2025-05,False,True,11,1178,2025-05-04,2025-08-25,391,B04
C00004,หญิง,18-24,B05,มหาวิทยาลัย,2026-05-05,2026-05,False,False,0,0,,,,
C00005,หญิง,25-34,B04,บางนา,2026-07-10,2026-07,False,True,3,800,2026-07-31,2026-08-09,42,B04
C00006,ชาย,18-24,B04,บางนา,2026-08-16,2026-08,False,False,0,0,,,,
C00007,ชาย,45-54,B03,อารีย์,2026-07-17,2026-07,False,True,5,560,2026-07-20,2026-08-25,26,B03
C00008,หญิง,25-34,B01,สยาม,2026-04-07,2026-04,False,True,2,255,2026-04-29,2026-08-01,50,B01
C00009,ชาย,18-24,B04,บางนา,2026-01-10,2026-01,False,False,0,0,,,,
C00010,หญิง,18-24,B04,บางนา,2026-06-15,2026-06,False,True,4,245,2026-07-15,2026-09-02,18,B04
C00011,ไม่ระบุ,25-34,B05,มหาวิทยาลัย,2025-07-27,2025-07,False,True,3,255,2025-08-05,2026-03-14,190,B05
C00012,ชาย,25-34,B04,บางนา,2025-06-28,2025-06,False,True,13,2155,2025-06-29,2025-11-11,313,B04
C00013,ชาย,ต่ำกว่า 18,B03,อารีย์,2025-12-02,2025-12,True,True,12,1420,2025-12-10,2026-08-02,49,B03
C00014,ชาย,18-24,B03,อารีย์,2026-04-16,2026-04,False,True,2,170,2026-05-11,2026-05-23,120,B03
C00015,หญิง,25-34,B03,อารีย์,2026-06-26,2026-06,False,True,2,120,2026-07-08,2026-08-25,26,B03
C00016,ชาย,18-24,B05,มหาวิทยาลัย,2026-08-11,2026-08,False,False,0,0,,,,
C00017,หญิง,25-34,B04,บางนา,2026-04-05,2026-04,False,True,4,1040,2026-05-16,2026-07-20,62,B04
C00018,หญิง,35-44,B03,อารีย์,2026-02-11,2026-02,False,True,4,389,2026-03-05,2026-08-14,37,B03
C00019,หญิง,35-44,B02,สีลม,2025-06-05,2025-06,False,True,2,273,2025-07-27,2025-11-05,319,B02
C00020,หญิง,25-34,B04,บางนา,2025-07-03,2025-07,False,True,7,750,2025-07-03,2025-08-25,391,B04
C00021,หญิง,25-34,B03,อารีย์,2026-07-18,2026-07,False,True,2,407,2026-07-19,2026-08-24,27,B03
C00022,หญิง,25-34,B01,สยาม,2026-02-14,2026-02,False,True,1,105,2026-08-08,2026-08-08,43,B01
C00023,ชาย,18-24,B02,สีลม,2026-01-11,2026-01,False,True,4,315,2026-02-01,2026-04-28,145,B02
C00024,หญิง,55+,B01,สยาม,2026-08-07,2026-08,False,True,3,325,2026-08-09,2026-09-20,0,B01
C00025,หญิง,18-24,B01,สยาม,2025-05-29,2025-05,False,True,7,885,2025-06-28,2026-07-22,60,B01
C00026,หญิง,35-44,B05,มหาวิทยาลัย,2025-05-05,2025-05,False,True,9,1424,2025-05-05,2026-04-07,166,B05
C00027,หญิง,18-24,B05,มหาวิทยาลัย,2025-10-08,2025-10,False,True,6,624,2026-04-02,2026-07-13,69,B05
C00028,ชาย,45-54,B01,สยาม,2026-04-29,2026-04,False,True,8,1069,2026-05-01,2026-09-14,6,B01
C00029,หญิง,45-54,B01,สยาม,2026-05-01,2026-05,False,False,0,0,,,,
C00030,หญิง,25-34,B01,สยาม,2026-07-12,2026-07,False,True,2,194,2026-07-12,2026-07-29,53,B01
C00031,หญิง,45-54,B01,สยาม,2026-08-08,2026-08,False,False,0,0,,,,
C00032,ชาย,45-54,B05,มหาวิทยาลัย,2026-06-19,2026-06,False,True,1,179,2026-07-28,2026-07-28,54,B05
C00033,ชาย,25-34,B01,สยาม,2025-05-20,2025-05,False,True,9,978,2025-05-24,2025-10-26,329,B01
C00034,ชาย,18-24,B01,สยาม,2025-11-09,2025-11,False,True,10,1027,2026-02-03,2026-08-26,25,B01
C00035,หญิง,55+,B04,บางนา,2026-05-27,2026-05,False,True,1,65,2026-08-01,2026-08-01,50,B04
C00036,ชาย,35-44,B05,มหาวิทยาลัย,2026-09-04,2026-09,False,False,0,0,,,,
C00037,ชาย,45-54,B05,มหาวิทยาลัย,2026-01-09,2026-01,False,True,3,654,2026-01-30,2026-02-28,204,B02
C00038,หญิง,ต่ำกว่า 18,B05,มหาวิทยาลัย,2026-08-07,2026-08,True,True,1,290,2026-09-11,2026-09-11,9,B05
C00039,ชาย,35-44,B04,บางนา,2026-01-07,2026-01,False,True,4,415,2026-01-28,2026-09-13,7,B04
C00040,หญิง,35-44,B04,บางนา,2025-06-20,2025-06,False,True,3,569,2025-09-04,2025-09-24,361,B04
C00041,ชาย,35-44,B05,มหาวิทยาลัย,2026-08-29,2026-08,False,False,0,0,,,,
C00042,หญิง,55+,B05,มหาวิทยาลัย,2026-03-10,2026-03,False,True,9,1318,2026-04-04,2026-07-20,62,B05
C00043,หญิง,45-54,B01,สยาม,2026-04-15,2026-04,False,False,0,0,,,,
C00044,ชาย,45-54,B04,บางนา,2025-09-21,2025-09,False,True,18,1963,2025-10-18,2026-05-27,116,B04
C00045,หญิง,25-34,B04,บางนา,2025-11-21,2025-11,False,True,7,1087,2025-11-28,2026-08-09,42,B04
C00046,หญิง,18-24,B05,มหาวิทยาลัย,2025-09-12,2025-09,False,True,1,350,2025-10-21,2025-10-21,334,B05
C00047,ชาย,25-34,B01,สยาม,2026-03-07,2026-03,False,True,4,315,2026-03-15,2026-07-09,73,B01
C00048,หญิง,ต่ำกว่า 18,B04,บางนา,2025-09-06,2025-09,True,True,25,3001,2025-09-13,2026-09-11,9,B04
C00049,ชาย,25-34,B05,มหาวิทยาลัย,2026-05-30,2026-05,False,True,4,420,2026-06-19,2026-08-28,23,B05
C00050,หญิง,25-34,B01,สยาม,2025-08-02,2025-08,False,True,9,1455,2025-08-04,2026-06-11,101,B01
C00051,ชาย,ต่ำกว่า 18,B01,สยาม,2025-06-23,2025-06,True,True,5,684,2025-07-11,2025-08-31,385,B01
C00052,หญิง,55+,B03,อารีย์,2026-06-17,2026-06,False,True,3,529,2026-07-06,2026-09-04,16,B03
C00053,หญิง,25-34,B05,มหาวิทยาลัย,2025-09-16,2025-09,False,True,8,1299,2025-11-13,2026-06-30,82,B05
C00054,หญิง,45-54,B05,มหาวิทยาลัย,2025-10-13,2025-10,False,True,3,834,2026-02-20,2026-05-25,118,B05
C00055,หญิง,25-34,B02,สีลม,2026-05-20,2026-05,False,True,3,353,2026-06-07,2026-07-23,59,B02
C00056,ชาย,25-34,B05,มหาวิทยาลัย,2025-12-22,2025-12,False,True,3,480,2026-03-12,2026-08-31,20,B05
C00057,ชาย,18-24,B05,มหาวิทยาลัย,2026-08-20,2026-08,False,False,0,0,,,,
C00058,หญิง,35-44,B02,สีลม,2026-03-29,2026-03,False,True,2,155,2026-06-13,2026-09-10,10,B02
C00059,หญิง,18-24,B05,มหาวิทยาลัย,2025-12-30,2025-12,False,True,4,515,2026-02-06,2026-08-09,42,B05
C00060,ชาย,45-54,B01,สยาม,2025-08-20,2025-08,False,True,9,1195,2025-10-07,2026-08-29,22,B01
C00061,หญิง,45-54,B02,สีลม,2025-12-23,2025-12,False,True,1,65,2026-09-11,2026-09-11,9,B02
C00062,หญิง,25-34,B04,บางนา,2025-04-17,2025-04,False,True,12,1293,2025-04-20,2026-06-19,93,B04
C00063,หญิง,35-44,B01,สยาม,2026-09-10,2026-09,False,True,1,120,2026-09-20,2026-09-20,0,B01
C00064,หญิง,18-24,B02,สีลม,2026-03-25,2026-03,False,False,0,0,,,,
C00065,ชาย,25-34,B05,มหาวิทยาลัย,2025-05-04,2025-05,False,True,21,2570,2025-06-10,2026-09-15,5,B05
C00066,ไม่ระบุ,35-44,B01,สยาม,2025-10-20,2025-10,False,True,7,1190,2025-10-29,2026-09-05,15,B01
C00067,หญิง,18-24,B04,บางนา,2025-07-19,2025-07,False,True,9,769,2025-07-20,2026-01-02,261,B04
C00068,หญิง,25-34,B05,มหาวิทยาลัย,2025-04-12,2025-04,False,True,6,529,2025-05-04,2025-08-22,394,B05
C00069,ชาย,55+,B05,มหาวิทยาลัย,2026-07-12,2026-07,False,True,4,430,2026-07-26,2026-09-05,15,B05
C00070,หญิง,25-34,B05,มหาวิทยาลัย,2025-08-05,2025-08,False,True,5,280,2025-08-06,2025-11-16,308,B05
C00071,ชาย,18-24,B04,บางนา,2026-08-20,2026-08,False,True,2,324,2026-08-24,2026-09-20,0,B04
C00072,หญิง,25-34,B05,มหาวิทยาลัย,2025-07-31,2025-07,False,True,5,640,2025-10-16,2026-05-17,126,B05
C00073,ชาย,18-24,B01,สยาม,2025-11-14,2025-11,False,True,1,95,2025-11-26,2025-11-26,298,B01
C00074,ชาย,ต่ำกว่า 18,B03,อารีย์,2026-07-18,2026-07,True,True,2,149,2026-07-31,2026-08-19,32,B03
C00075,ชาย,55+,B05,มหาวิทยาลัย,2026-01-20,2026-01,False,True,8,725,2026-03-05,2026-08-27,24,B05
C00076,ชาย,25-34,B05,มหาวิทยาลัย,2025-05-24,2025-05,False,False,0,0,,,,
C00077,หญิง,25-34,B03,อารีย์,2026-03-10,2026-03,False,True,1,85,2026-05-08,2026-05-08,135,B03
C00078,ชาย,ต่ำกว่า 18,B04,บางนา,2026-01-02,2026-01,True,True,8,1150,2026-02-21,2026-08-01,50,B04
C00079,หญิง,25-34,B03,อารีย์,2025-11-26,2025-11,False,True,9,1098,2025-11-28,2026-05-19,124,B03
C00080,หญิง,18-24,B02,สีลม,2026-06-16,2026-06,False,True,3,670,2026-07-01,2026-07-15,67,B02
C00081,หญิง,18-24,B02,สีลม,2025-05-19,2025-05,False,True,9,985,2025-07-11,2026-07-23,59,B02
C00082,ชาย,25-34,B01,สยาม,2026-05-16,2026-05,False,True,2,313,2026-06-02,2026-06-20,92,B01
C00083,หญิง,45-54,B02,สีลม,2025-11-09,2025-11,False,False,0,0,,,,
C00084,หญิง,18-24,B01,สยาม,2025-10-20,2025-10,False,True,6,945,2025-11-02,2026-04-15,158,B01
C00085,หญิง,25-34,B01,สยาม,2025-07-13,2025-07,False,False,0,0,,,,
C00086,ชาย,25-34,B01,สยาม,2026-08-07,2026-08,False,False,0,0,,,,
C00087,หญิง,25-34,B02,สีลม,2026-07-01,2026-07,False,True,1,150,2026-08-19,2026-08-19,32,B02
C00088,ชาย,45-54,B03,อารีย์,2026-07-08,2026-07,False,True,2,279,2026-07-16,2026-09-12,8,B05
C00089,ชาย,18-24,B03,อารีย์,2026-05-23,2026-05,False,True,2,160,2026-06-02,2026-08-06,45,B03
C00090,ชาย,25-34,B01,สยาม,2025-05-15,2025-05,False,True,18,2088,2025-05-17,2026-07-29,53,B01
C00091,ชาย,45-54,B05,มหาวิทยาลัย,2026-06-17,2026-06,False,True,8,963,2026-06-18,2026-08-28,23,B05
C00092,หญิง,25-34,B04,บางนา,2026-08-02,2026-08,False,False,0,0,,,,
C00093,ชาย,25-34,B04,บางนา,2025-09-14,2025-09,False,True,9,1154,2025-10-01,2026-05-04,139,B04
C00094,ชาย,18-24,B01,สยาม,2026-07-25,2026-07,False,True,3,380,2026-07-31,2026-09-20,0,B01
C00095,ชาย,25-34,B04,บางนา,2026-07-25,2026-07,False,True,1,144,2026-08-24,2026-08-24,27,B02
C00096,ชาย,25-34,B04,บางนา,2026-06-10,2026-06,False,True,5,629,2026-06-28,2026-08-25,26,B04
C00097,หญิง,25-34,B02,สีลม,2025-04-08,2025-04,False,True,14,1861,2025-04-20,2026-02-06,226,B02
C00098,ชาย,25-34,B04,บางนา,2026-04-29,2026-04,False,True,2,310,2026-05-21,2026-08-10,41,B04
C00099,หญิง,18-24,B01,สยาม,2026-07-08,2026-07,False,True,1,160,2026-09-09,2026-09-09,11,B01
C00100,ชาย,25-34,B03,อารีย์,2025-12-17,2025-12,False,True,14,1948,2025-12-20,2026-09-16,4,B03
C00101,ชาย,25-34,B02,สีลม,2025-08-01,2025-08,False,True,7,719,2025-10-17,2026-09-10,10,B02
C00102,หญิง,55+,B03,อารีย์,2026-04-09,2026-04,False,True,1,75,2026-04-14,2026-04-14,159,B03
C00103,ชาย,45-54,B03,อารีย์,2026-08-11,2026-08,False,True,4,275,2026-08-31,2026-09-19,1,B03
C00104,หญิง,25-34,B02,สีลม,2025-06-15,2025-06,False,True,17,2009,2025-06-15,2026-09-08,12,B02
C00105,ชาย,45-54,B01,สยาม,2025-11-13,2025-11,False,True,13,1918,2025-11-15,2026-09-19,1,B01
C00106,หญิง,25-34,B02,สีลม,2025-08-12,2025-08,False,True,11,1838,2025-08-21,2026-08-24,27,B02
C00107,ชาย,18-24,B04,บางนา,2026-08-22,2026-08,False,False,0,0,,,,
C00108,ชาย,25-34,B04,บางนา,2026-03-03,2026-03,False,False,0,0,,,,
C00109,ชาย,25-34,B03,อารีย์,2026-02-15,2026-02,False,True,5,608,2026-02-26,2026-09-01,19,B03
C00110,หญิง,18-24,B02,สีลม,2026-05-18,2026-05,False,True,2,275,2026-05-20,2026-06-13,99,B02
C00111,ชาย,35-44,B05,มหาวิทยาลัย,2026-03-18,2026-03,False,False,0,0,,,,
C00112,หญิง,25-34,B01,สยาม,2025-09-24,2025-09,False,True,14,2143,2025-10-13,2026-09-19,1,B01
C00113,ชาย,55+,B04,บางนา,2026-06-16,2026-06,False,True,2,235,2026-06-16,2026-07-11,71,B04
C00114,หญิง,35-44,B02,สีลม,2025-06-21,2025-06,False,True,24,3314,2025-07-11,2026-09-14,6,B02
C00115,หญิง,55+,B01,สยาม,2025-10-20,2025-10,False,True,11,1415,2025-10-31,2026-09-12,8,B01
C00116,หญิง,25-34,B02,สีลม,2026-09-02,2026-09,False,False,0,0,,,,
C00117,หญิง,25-34,B04,บางนา,2026-07-11,2026-07,False,False,0,0,,,,
C00118,หญิง,55+,B05,มหาวิทยาลัย,2025-07-17,2025-07,False,True,8,1010,2025-07-20,2026-05-29,114,B05
C00119,หญิง,45-54,B05,มหาวิทยาลัย,2026-03-04,2026-03,False,False,0,0,,,,
C00120,หญิง,18-24,B05,มหาวิทยาลัย,2025-04-28,2025-04,False,True,6,1005,2025-05-14,2025-08-01,415,B05
C00121,ชาย,25-34,B05,มหาวิทยาลัย,2025-11-16,2025-11,False,True,4,425,2025-12-31,2026-07-03,79,B05
C00122,ชาย,35-44,B03,อารีย์,2026-01-08,2026-01,False,True,11,1464,2026-01-12,2026-07-15,67,B03
C00123,หญิง,25-34,B01,สยาม,2025-11-22,2025-11,False,True,25,3470,2025-12-06,2026-09-19,1,B01
C00124,หญิง,ต่ำกว่า 18,B01,สยาม,2025-07-02,2025-07,True,True,1,194,2025-08-09,2025-08-09,407,B01
C00125,หญิง,55+,B05,มหาวิทยาลัย,2025-09-23,2025-09,False,True,9,1222,2025-09-24,2026-04-01,172,B05
C00126,หญิง,25-34,B02,สีลม,2026-03-09,2026-03,False,True,5,520,2026-04-08,2026-09-14,6,B02
C00127,ชาย,18-24,B05,มหาวิทยาลัย,2025-07-28,2025-07,False,True,11,987,2025-07-29,2026-07-12,70,B05
C00128,ชาย,35-44,B02,สีลม,2026-06-30,2026-06,False,False,0,0,,,,
C00129,หญิง,35-44,B01,สยาม,2025-07-10,2025-07,False,True,10,1502,2025-07-11,2025-10-02,353,B01
C00130,หญิง,25-34,B02,สีลม,2026-01-31,2026-01,False,True,2,235,2026-03-30,2026-08-06,45,B02
C00131,ชาย,35-44,B01,สยาม,2025-09-15,2025-09,False,True,11,1284,2025-10-12,2026-07-08,74,B01
C00132,ชาย,18-24,B01,สยาม,2026-07-03,2026-07,False,True,1,85,2026-08-15,2026-08-15,36,B01
C00133,ชาย,35-44,B02,สีลม,2025-06-08,2025-06,False,True,6,475,2025-06-13,2026-05-31,112,B02
C00134,ชาย,25-34,B05,มหาวิทยาลัย,2026-02-21,2026-02,False,True,5,955,2026-05-19,2026-08-15,36,B05
C00135,หญิง,18-24,B05,มหาวิทยาลัย,2025-04-28,2025-04,False,True,7,994,2025-04-29,2025-09-25,360,B05
C00136,ชาย,ต่ำกว่า 18,B04,บางนา,2025-05-28,2025-05,True,True,19,2190,2025-06-14,2026-08-28,23,B04
C00137,ชาย,25-34,B04,บางนา,2026-01-24,2026-01,False,True,5,780,2026-01-26,2026-04-05,168,B04
C00138,ชาย,18-24,B04,บางนา,2025-10-15,2025-10,False,True,13,2179,2025-10-25,2026-08-08,43,B04
C00139,หญิง,25-34,B04,บางนา,2025-04-06,2025-04,False,True,16,2288,2025-04-07,2026-07-25,57,B04
C00140,ชาย,25-34,B02,สีลม,2026-09-01,2026-09,False,False,0,0,,,,
C00141,ชาย,35-44,B05,มหาวิทยาลัย,2025-09-10,2025-09,False,True,4,414,2025-10-17,2026-04-02,171,B05
C00142,หญิง,25-34,B05,มหาวิทยาลัย,2025-12-14,2025-12,False,True,13,1480,2026-01-15,2026-07-07,75,B05
C00143,หญิง,25-34,B05,มหาวิทยาลัย,2025-08-29,2025-08,False,True,13,1494,2025-09-21,2026-08-04,47,B05
C00144,หญิง,25-34,B02,สีลม,2025-06-13,2025-06,False,True,1,85,2025-06-14,2025-06-14,463,B02
C00145,ไม่ระบุ,35-44,B02,สีลม,2026-02-20,2026-02,False,True,3,230,2026-02-23,2026-07-21,61,B02
C00146,หญิง,25-34,B05,มหาวิทยาลัย,2025-05-16,2025-05,False,True,8,1107,2025-06-02,2026-01-29,234,B05
C00147,หญิง,25-34,B05,มหาวิทยาลัย,2026-03-05,2026-03,False,True,7,1143,2026-03-09,2026-06-10,102,B05
C00148,หญิง,25-34,B05,มหาวิทยาลัย,2026-02-26,2026-02,False,True,3,340,2026-02-28,2026-09-10,10,B05
C00149,หญิง,18-24,B03,อารีย์,2026-07-23,2026-07,False,True,1,65,2026-08-08,2026-08-08,43,B03
C00150,หญิง,45-54,B01,สยาม,2026-07-05,2026-07,False,True,2,310,2026-08-09,2026-08-13,38,B04
C00151,ชาย,45-54,B03,อารีย์,2026-08-30,2026-08,False,False,0,0,,,,
C00152,หญิง,18-24,B01,สยาม,2026-03-25,2026-03,False,True,8,955,2026-04-08,2026-09-12,8,B01
C00153,ชาย,35-44,B05,มหาวิทยาลัย,2025-08-10,2025-08,False,True,2,125,2025-09-17,2025-09-29,356,B05
C00154,หญิง,18-24,B05,มหาวิทยาลัย,2026-07-26,2026-07,False,True,1,60,2026-08-19,2026-08-19,32,B05
C00155,ชาย,25-34,B03,อารีย์,2026-05-03,2026-05,False,True,2,400,2026-05-13,2026-05-19,124,B03
C00156,หญิง,55+,B04,บางนา,2025-11-02,2025-11,False,True,6,653,2025-11-04,2026-08-29,22,B04
C00157,ชาย,35-44,B01,สยาม,2026-04-27,2026-04,False,True,3,255,2026-05-14,2026-07-31,51,B01
C00158,หญิง,25-34,B01,สยาม,2025-07-08,2025-07,False,True,9,1413,2025-07-24,2026-08-10,41,B01
C00159,หญิง,25-34,B05,มหาวิทยาลัย,2025-04-21,2025-04,False,True,9,1049,2025-07-17,2026-04-23,150,B05
C00160,ชาย,55+,B05,มหาวิทยาลัย,2025-11-13,2025-11,False,True,3,435,2026-02-28,2026-06-17,95,B05
C00161,หญิง,25-34,B05,มหาวิทยาลัย,2026-02-11,2026-02,False,True,3,550,2026-03-02,2026-07-23,59,B05
C00162,หญิง,25-34,B01,สยาม,2026-02-06,2026-02,False,True,3,517,2026-02-08,2026-03-21,183,B01
C00163,หญิง,25-34,B01,สยาม,2026-02-05,2026-02,False,True,5,800,2026-03-20,2026-06-21,91,B01
C00164,ชาย,35-44,B04,บางนา,2025-11-09,2025-11,False,True,7,916,2026-01-08,2026-06-19,93,B04
C00165,หญิง,18-24,B04,บางนา,2025-07-27,2025-07,False,True,11,1095,2025-10-29,2026-08-28,23,B04
C00166,หญิง,18-24,B02,สีลม,2026-08-13,2026-08,False,True,1,65,2026-08-14,2026-08-14,37,B02
C00167,ไม่ระบุ,25-34,B02,สีลม,2026-06-30,2026-06,False,True,1,105,2026-09-04,2026-09-04,16,B02
C00168,หญิง,18-24,B03,อารีย์,2026-03-07,2026-03,False,True,2,190,2026-04-08,2026-04-28,145,B03
C00169,หญิง,25-34,B01,สยาม,2026-07-29,2026-07,False,True,1,75,2026-08-21,2026-08-21,30,B01
C00170,หญิง,35-44,B02,สีลม,2025-08-15,2025-08,False,True,11,1730,2025-09-11,2026-09-03,17,B02
C00171,หญิง,18-24,B03,อารีย์,2026-07-07,2026-07,False,True,1,75,2026-08-30,2026-08-30,21,B03
C00172,หญิง,18-24,B01,สยาม,2025-07-26,2025-07,False,True,3,265,2025-09-18,2026-09-03,17,B01
C00173,ชาย,35-44,B01,สยาม,2026-08-04,2026-08,False,False,0,0,,,,
C00174,ชาย,25-34,B03,อารีย์,2026-07-26,2026-07,False,True,2,160,2026-08-07,2026-08-16,35,B03
C00175,ชาย,25-34,B01,สยาม,2025-10-18,2025-10,False,True,21,2861,2025-10-23,2026-09-08,12,B01
C00176,หญิง,45-54,B02,สีลม,2026-02-02,2026-02,False,True,2,195,2026-04-21,2026-05-08,135,B02
C00177,ชาย,25-34,B01,สยาม,2026-02-28,2026-02,False,False,0,0,,,,
C00178,หญิง,18-24,B04,บางนา,2026-02-09,2026-02,False,True,6,635,2026-04-03,2026-07-18,64,B04
C00179,ชาย,18-24,B02,สีลม,2025-12-06,2025-12,False,True,5,645,2026-01-05,2026-04-17,156,B02
C00180,หญิง,25-34,B01,สยาม,2025-09-30,2025-09,False,True,10,1201,2025-10-12,2026-08-23,28,B01
C00181,ชาย,25-34,B05,มหาวิทยาลัย,2026-02-06,2026-02,False,True,7,1210,2026-02-21,2026-09-01,19,B05
C00182,ชาย,18-24,B01,สยาม,2026-02-04,2026-02,False,True,3,316,2026-03-04,2026-06-06,106,B01
C00183,ชาย,18-24,B05,มหาวิทยาลัย,2025-04-27,2025-04,False,True,3,1004,2025-05-22,2025-06-20,457,B05
C00184,ไม่ระบุ,18-24,B02,สีลม,2025-08-31,2025-08,False,True,3,385,2025-09-06,2025-12-10,284,B02
C00185,หญิง,45-54,B04,บางนา,2026-02-12,2026-02,False,True,5,724,2026-02-15,2026-05-06,137,B04
C00186,ชาย,35-44,B05,มหาวิทยาลัย,2025-04-06,2025-04,False,True,13,2422,2025-04-09,2026-08-14,37,B05
C00187,ชาย,45-54,B02,สีลม,2025-10-12,2025-10,False,True,11,1749,2025-11-01,2026-08-01,50,B02
C00188,หญิง,35-44,B03,อารีย์,2026-07-16,2026-07,False,True,2,425,2026-08-24,2026-09-09,11,B05
C00189,ชาย,35-44,B01,สยาม,2026-05-13,2026-05,False,False,0,0,,,,
C00190,หญิง,55+,B05,มหาวิทยาลัย,2026-03-19,2026-03,False,False,0,0,,,,
C00191,หญิง,35-44,B01,สยาม,2026-03-29,2026-03,False,True,1,95,2026-07-15,2026-07-15,67,B01
C00192,หญิง,18-24,B05,มหาวิทยาลัย,2025-11-18,2025-11,False,True,9,1219,2025-12-02,2026-08-31,20,B05
C00193,หญิง,18-24,B03,อารีย์,2026-02-14,2026-02,False,True,4,518,2026-02-22,2026-03-17,187,B03
C00194,ชาย,35-44,B05,มหาวิทยาลัย,2025-10-01,2025-10,False,True,4,500,2025-11-06,2026-07-01,81,B05
C00195,ชาย,55+,B04,บางนา,2026-03-07,2026-03,False,True,3,353,2026-03-22,2026-05-22,121,B04
C00196,หญิง,25-34,B04,บางนา,2025-12-07,2025-12,False,True,5,680,2025-12-12,2026-08-02,49,B04
C00197,ชาย,25-34,B04,บางนา,2026-05-05,2026-05,False,True,3,335,2026-06-16,2026-09-08,12,B04
C00198,หญิง,18-24,B01,สยาม,2026-08-16,2026-08,False,False,0,0,,,,
C00199,หญิง,25-34,B03,อารีย์,2026-07-08,2026-07,False,True,1,75,2026-07-24,2026-07-24,58,B03
C00200,หญิง,18-24,B01,สยาม,2025-07-15,2025-07,False,True,12,1973,2025-08-01,2026-03-21,183,B01
C00201,ชาย,18-24,B01,สยาม,2026-04-09,2026-04,False,True,2,185,2026-07-18,2026-08-23,28,B01
C00202,ชาย,35-44,B02,สีลม,2026-04-29,2026-04,False,True,2,300,2026-07-07,2026-07-11,71,B02
C00203,หญิง,25-34,B02,สีลม,2026-01-26,2026-01,False,True,5,815,2026-02-03,2026-08-07,44,B02
C00204,ชาย,35-44,B05,มหาวิทยาลัย,2026-04-07,2026-04,False,True,5,624,2026-04-25,2026-06-24,88,B05
C00205,ชาย,25-34,B01,สยาม,2026-01-06,2026-01,False,True,12,1763,2026-01-12,2026-08-26,25,B01
C00206,ชาย,45-54,B01,สยาม,2026-04-24,2026-04,False,True,2,215,2026-05-01,2026-06-11,101,B01
C00207,หญิง,18-24,B05,มหาวิทยาลัย,2026-08-27,2026-08,False,False,0,0,,,,
C00208,หญิง,18-24,B03,อารีย์,2026-03-01,2026-03,False,True,10,1153,2026-03-11,2026-08-02,49,B03
C00209,ชาย,18-24,B01,สยาม,2025-07-23,2025-07,False,True,9,1594,2025-08-06,2026-05-02,141,B01
C00210,ชาย,18-24,B01,สยาม,2025-05-16,2025-05,False,True,25,3475,2025-05-17,2026-08-15,36,B01
C00211,หญิง,35-44,B05,มหาวิทยาลัย,2025-12-22,2025-12,False,True,17,2497,2026-01-26,2026-09-11,9,B05
C00212,หญิง,55+,B01,สยาม,2026-04-20,2026-04,False,True,2,210,2026-08-30,2026-09-11,9,B01
C00213,หญิง,25-34,B02,สีลม,2026-01-13,2026-01,False,True,4,599,2026-01-18,2026-05-03,140,B02
C00214,หญิง,18-24,B05,มหาวิทยาลัย,2026-03-26,2026-03,False,True,1,180,2026-05-08,2026-05-08,135,B05
C00215,หญิง,ต่ำกว่า 18,B05,มหาวิทยาลัย,2026-07-29,2026-07,True,False,0,0,,,,
C00216,หญิง,35-44,B05,มหาวิทยาลัย,2026-08-14,2026-08,False,False,0,0,,,,
C00217,หญิง,18-24,B01,สยาม,2025-11-11,2025-11,False,True,9,1250,2025-11-18,2026-03-29,175,B01
C00218,ชาย,35-44,B01,สยาม,2026-06-26,2026-06,False,True,1,115,2026-07-16,2026-07-16,66,B01
C00219,ชาย,18-24,B05,มหาวิทยาลัย,2026-05-05,2026-05,False,True,2,205,2026-05-25,2026-08-07,44,B02
C00220,หญิง,35-44,B05,มหาวิทยาลัย,2026-04-03,2026-04,False,False,0,0,,,,
C00221,หญิง,25-34,B02,สีลม,2026-07-22,2026-07,False,True,1,160,2026-09-08,2026-09-08,12,B04
C00222,หญิง,25-34,B01,สยาม,2025-10-31,2025-10,False,True,9,960,2025-12-14,2026-09-20,0,B01
C00223,ชาย,18-24,B01,สยาม,2025-11-28,2025-11,False,True,13,1912,2025-11-29,2026-08-26,25,B01
C00224,หญิง,25-34,B04,บางนา,2026-03-17,2026-03,False,True,2,229,2026-03-17,2026-03-18,186,B05
C00225,หญิง,35-44,B02,สีลม,2026-07-14,2026-07,False,True,1,60,2026-08-26,2026-08-26,25,B02
C00226,หญิง,ต่ำกว่า 18,B05,มหาวิทยาลัย,2025-12-11,2025-12,True,True,5,600,2026-02-02,2026-06-21,91,B05
C00227,ชาย,18-24,B02,สีลม,2026-06-09,2026-06,False,True,1,195,2026-08-20,2026-08-20,31,B02
C00228,ไม่ระบุ,35-44,B03,อารีย์,2026-04-03,2026-04,False,True,5,515,2026-04-08,2026-07-19,63,B03
C00229,หญิง,18-24,B03,อารีย์,2025-12-25,2025-12,False,True,8,720,2025-12-26,2026-09-16,4,B03
C00230,ชาย,35-44,B02,สีลม,2025-11-18,2025-11,False,True,3,269,2026-03-13,2026-08-14,37,B02
C00231,หญิง,25-34,B02,สีลม,2026-07-27,2026-07,False,True,3,279,2026-08-14,2026-08-26,25,B02
C00232,หญิง,35-44,B03,อารีย์,2026-05-20,2026-05,False,True,3,604,2026-06-21,2026-07-12,70,B03
C00233,ชาย,45-54,B05,มหาวิทยาลัย,2025-06-24,2025-06,False,True,4,1130,2025-07-01,2025-09-16,369,B05
C00234,ชาย,18-24,B05,มหาวิทยาลัย,2025-10-25,2025-10,False,True,2,300,2025-12-19,2026-07-30,52,B05
C00235,หญิง,45-54,B02,สีลม,2026-01-12,2026-01,False,True,2,130,2026-01-14,2026-01-27,236,B02
C00236,หญิง,45-54,B04,บางนา,2025-05-15,2025-05,False,True,17,2286,2025-05-29,2026-09-04,16,B04
C00237,หญิง,25-34,B05,มหาวิทยาลัย,2026-06-06,2026-06,False,True,2,160,2026-07-23,2026-09-05,15,B05
C00238,ชาย,18-24,B01,สยาม,2025-12-04,2025-12,False,True,5,594,2026-01-05,2026-03-22,182,B01
C00239,หญิง,35-44,B03,อารีย์,2026-08-30,2026-08,False,False,0,0,,,,
C00240,หญิง,25-34,B05,มหาวิทยาลัย,2025-08-26,2025-08,False,True,10,1470,2025-09-19,2026-07-27,55,B05
C00241,ชาย,25-34,B04,บางนา,2025-04-05,2025-04,False,True,4,484,2025-04-08,2025-06-06,471,B04
C00242,ชาย,18-24,B04,บางนา,2025-11-12,2025-11,False,True,5,610,2025-12-14,2026-03-22,182,B04
C00243,ไม่ระบุ,25-34,B03,อารีย์,2026-09-12,2026-09,False,False,0,0,,,,
C00244,หญิง,18-24,B02,สีลม,2025-10-24,2025-10,False,True,10,773,2025-11-11,2026-05-29,114,B02
C00245,หญิง,25-34,B01,สยาม,2025-08-12,2025-08,False,True,9,1052,2025-08-17,2026-07-02,80,B01
C00246,หญิง,18-24,B04,บางนา,2026-05-14,2026-05,False,True,3,385,2026-05-15,2026-08-02,49,B04
C00247,หญิง,35-44,B03,อารีย์,2026-07-28,2026-07,False,False,0,0,,,,
C00248,หญิง,25-34,B04,บางนา,2026-09-05,2026-09,False,False,0,0,,,,
C00249,หญิง,18-24,B01,สยาม,2025-09-21,2025-09,False,True,10,1118,2025-10-30,2026-05-25,118,B01
C00250,หญิง,25-34,B05,มหาวิทยาลัย,2025-07-15,2025-07,False,True,14,1611,2025-07-17,2026-08-11,40,B05
C00251,ไม่ระบุ,18-24,B01,สยาม,2025-08-16,2025-08,False,True,2,130,2025-09-12,2025-09-22,363,B01
C00252,หญิง,18-24,B01,สยาม,2025-08-20,2025-08,False,True,8,1039,2025-09-07,2026-06-28,84,B01
C00253,หญิง,25-34,B03,อารีย์,2026-01-28,2026-01,False,True,7,700,2026-03-02,2026-08-15,36,B03
C00254,ชาย,18-24,B04,บางนา,2025-05-09,2025-05,False,True,27,3399,2025-05-16,2026-09-08,12,B04
C00255,ชาย,25-34,B03,อารีย์,2026-01-04,2026-01,False,True,8,1344,2026-01-16,2026-07-04,78,B03
C00256,ชาย,25-34,B01,สยาม,2026-06-08,2026-06,False,True,1,20,2026-09-09,2026-09-09,11,B01
C00257,หญิง,25-34,B02,สีลม,2025-07-08,2025-07,False,True,14,1872,2025-07-14,2026-08-20,31,B02
C00258,ชาย,25-34,B05,มหาวิทยาลัย,2025-11-04,2025-11,False,True,6,420,2025-11-14,2026-09-20,0,B05
C00259,ไม่ระบุ,45-54,B01,สยาม,2026-06-24,2026-06,False,False,0,0,,,,
C00260,หญิง,55+,B01,สยาม,2025-05-07,2025-05,False,True,2,310,2025-06-15,2025-06-17,460,B01
C00261,ไม่ระบุ,18-24,B02,สีลม,2025-12-15,2025-12,False,True,2,290,2026-01-02,2026-01-12,251,B02
C00262,หญิง,25-34,B01,สยาม,2026-07-15,2026-07,False,True,2,320,2026-08-22,2026-09-19,1,B01
C00263,หญิง,ต่ำกว่า 18,B04,บางนา,2026-01-03,2026-01,True,True,8,1584,2026-01-13,2026-05-02,141,B04
C00264,ชาย,25-34,B03,อารีย์,2026-04-06,2026-04,False,True,3,475,2026-04-21,2026-05-14,129,B01
C00265,ชาย,25-34,B03,อารีย์,2026-01-08,2026-01,False,True,13,1245,2026-01-11,2026-09-17,3,B03
C00266,หญิง,ต่ำกว่า 18,B03,อารีย์,2026-08-21,2026-08,True,True,1,315,2026-09-08,2026-09-08,12,B03
C00267,หญิง,45-54,B03,อารีย์,2026-04-26,2026-04,False,True,10,1144,2026-04-29,2026-09-08,12,B03
C00268,หญิง,25-34,B04,บางนา,2025-07-15,2025-07,False,True,25,4042,2025-08-10,2026-09-13,7,B04
C00269,ชาย,25-34,B01,สยาม,2026-04-24,2026-04,False,True,1,85,2026-07-03,2026-07-03,79,B01
C00270,หญิง,35-44,B04,บางนา,2025-12-04,2025-12,False,True,7,765,2025-12-05,2026-08-09,42,B04
C00271,หญิง,25-34,B05,มหาวิทยาลัย,2025-05-29,2025-05,False,True,7,1043,2025-06-16,2026-07-09,73,B05
C00272,ชาย,45-54,B01,สยาม,2025-07-26,2025-07,False,True,2,285,2025-09-26,2025-10-18,337,B01
C00273,ไม่ระบุ,18-24,B01,สยาม,2025-11-21,2025-11,False,True,6,724,2025-12-25,2026-03-31,173,B01
C00274,ชาย,ต่ำกว่า 18,B01,สยาม,2026-02-04,2026-02,True,True,5,625,2026-03-29,2026-06-14,98,B01
C00275,หญิง,18-24,B01,สยาม,2026-06-19,2026-06,False,True,1,60,2026-08-01,2026-08-01,50,B01
C00276,ชาย,25-34,B01,สยาม,2026-08-14,2026-08,False,True,1,60,2026-09-17,2026-09-17,3,B01
C00277,หญิง,25-34,B02,สีลม,2026-03-03,2026-03,False,True,2,310,2026-05-08,2026-08-13,38,B02
C00278,หญิง,18-24,B02,สีลม,2026-04-26,2026-04,False,True,7,1182,2026-05-21,2026-09-11,9,B02
C00279,หญิง,18-24,B01,สยาม,2026-08-09,2026-08,False,False,0,0,,,,
C00280,หญิง,25-34,B05,มหาวิทยาลัย,2025-10-07,2025-10,False,True,3,517,2025-11-26,2026-05-26,117,B05
C00281,ชาย,45-54,B02,สีลม,2025-08-09,2025-08,False,True,2,245,2025-08-18,2025-09-10,375,B02
C00282,หญิง,18-24,B04,บางนา,2026-01-17,2026-01,False,True,5,669,2026-04-11,2026-09-17,3,B04
C00283,หญิง,25-34,B02,สีลม,2025-08-25,2025-08,False,True,3,465,2025-09-10,2025-10-06,349,B02
C00284,ชาย,45-54,B02,สีลม,2025-07-01,2025-07,False,True,4,495,2025-08-06,2025-09-10,375,B02
C00285,ชาย,35-44,B01,สยาม,2026-02-04,2026-02,False,True,2,164,2026-02-14,2026-04-30,143,B01
C00286,ชาย,25-34,B02,สีลม,2025-12-03,2025-12,False,True,1,130,2025-12-03,2025-12-03,291,B02
C00287,ชาย,35-44,B02,สีลม,2026-09-08,2026-09,False,False,0,0,,,,
C00288,ไม่ระบุ,25-34,B02,สีลม,2026-01-26,2026-01,False,False,0,0,,,,
C00289,หญิง,35-44,B03,อารีย์,2026-02-26,2026-02,False,True,8,852,2026-03-20,2026-06-08,104,B03
C00290,ชาย,18-24,B01,สยาม,2026-08-13,2026-08,False,False,0,0,,,,
C00291,หญิง,18-24,B04,บางนา,2025-08-28,2025-08,False,True,2,220,2025-09-06,2026-02-15,217,B04
C00292,หญิง,25-34,B01,สยาม,2026-05-12,2026-05,False,True,6,924,2026-05-16,2026-08-31,20,B01
C00293,ชาย,35-44,B03,อารีย์,2026-02-19,2026-02,False,True,1,65,2026-08-20,2026-08-20,31,B03
C00294,หญิง,45-54,B02,สีลม,2026-05-27,2026-05,False,True,3,624,2026-08-21,2026-09-02,18,B02
C00295,ชาย,25-34,B02,สีลม,2025-11-13,2025-11,False,True,13,1911,2025-12-12,2026-05-29,114,B02
C00296,หญิง,25-34,B01,สยาม,2025-12-14,2025-12,False,True,14,1903,2025-12-14,2026-07-30,52,B01
C00297,หญิง,55+,B04,บางนา,2025-06-22,2025-06,False,True,5,585,2025-07-24,2025-09-26,359,B04
C00298,หญิง,45-54,B01,สยาม,2025-11-19,2025-11,False,True,9,1029,2025-11-25,2026-09-15,5,B01
C00299,หญิง,25-34,B04,บางนา,2026-07-02,2026-07,False,True,2,174,2026-07-19,2026-07-19,63,B04
C00300,ชาย,25-34,B02,สีลม,2025-09-25,2025-09,False,True,11,1949,2025-10-07,2026-08-14,37,B02
C00301,ชาย,18-24,B01,สยาม,2025-06-03,2025-06,False,True,8,1548,2025-08-20,2026-03-02,202,B01
C00302,หญิง,25-34,B01,สยาม,2025-04-28,2025-04,False,True,20,2702,2025-06-13,2026-06-02,110,B01
C00303,หญิง,18-24,B02,สีลม,2026-03-17,2026-03,False,False,0,0,,,,
C00304,หญิง,18-24,B04,บางนา,2025-09-02,2025-09,False,True,11,1293,2025-09-15,2026-07-08,74,B04
C00305,หญิง,25-34,B02,สีลม,2025-06-15,2025-06,False,True,14,1932,2025-06-21,2026-04-23,150,B02
C00306,หญิง,25-34,B02,สีลม,2025-07-17,2025-07,False,True,15,2298,2025-07-18,2026-08-26,25,B02
C00307,ชาย,18-24,B04,บางนา,2026-04-28,2026-04,False,True,4,426,2026-06-03,2026-09-19,1,B04
C00308,หญิง,25-34,B01,สยาม,2026-01-05,2026-01,False,True,2,205,2026-02-10,2026-02-17,215,B05
C00309,หญิง,25-34,B05,มหาวิทยาลัย,2025-04-24,2025-04,False,True,8,868,2025-04-25,2025-10-15,340,B05
C00310,หญิง,55+,B01,สยาม,2026-03-23,2026-03,False,True,2,230,2026-04-11,2026-05-01,142,B01
C00311,หญิง,18-24,B04,บางนา,2025-07-29,2025-07,False,True,2,380,2025-09-15,2025-11-20,304,B04
C00312,ชาย,18-24,B04,บางนา,2026-06-05,2026-06,False,True,1,75,2026-07-10,2026-07-10,72,B03
C00313,หญิง,45-54,B02,สีลม,2026-06-17,2026-06,False,True,3,220,2026-08-04,2026-09-10,10,B02
C00314,ชาย,25-34,B04,บางนา,2025-12-10,2025-12,False,True,4,405,2026-03-03,2026-08-27,24,B04
C00315,ชาย,18-24,B03,อารีย์,2026-07-28,2026-07,False,True,1,120,2026-08-05,2026-08-05,46,B03
C00316,หญิง,35-44,B05,มหาวิทยาลัย,2026-08-19,2026-08,False,True,1,129,2026-09-02,2026-09-02,18,B01
C00317,หญิง,45-54,B02,สีลม,2026-02-23,2026-02,False,True,1,65,2026-02-27,2026-02-27,205,B02
C00318,หญิง,18-24,B03,อารีย์,2026-03-23,2026-03,False,True,1,65,2026-04-22,2026-04-22,151,B03
C00319,หญิง,45-54,B04,บางนา,2026-05-14,2026-05,False,True,1,55,2026-05-16,2026-05-16,127,B04
C00320,หญิง,25-34,B01,สยาม,2026-04-12,2026-04,False,True,8,1475,2026-04-22,2026-09-05,15,B01
C00321,ชาย,35-44,B01,สยาม,2025-12-22,2025-12,False,True,6,535,2025-12-23,2026-08-22,29,B01
C00322,ชาย,45-54,B01,สยาม,2025-05-18,2025-05,False,True,13,1405,2025-05-20,2026-07-02,80,B01
C00323,หญิง,18-24,B04,บางนา,2026-08-07,2026-08,False,False,0,0,,,,
C00324,ชาย,25-34,B05,มหาวิทยาลัย,2025-07-24,2025-07,False,True,11,1220,2025-08-05,2026-09-03,17,B05
C00325,หญิง,25-34,B02,สีลม,2025-06-10,2025-06,False,True,11,1520,2025-06-18,2026-09-08,12,B02
C00326,ชาย,25-34,B04,บางนา,2026-01-26,2026-01,False,True,3,300,2026-02-11,2026-06-14,98,B04
C00327,หญิง,18-24,B01,สยาม,2026-06-27,2026-06,False,True,1,20,2026-07-27,2026-07-27,55,B01
C00328,หญิง,18-24,B03,อารีย์,2026-01-01,2026-01,False,True,4,549,2026-01-04,2026-01-29,234,B03
C00329,ชาย,18-24,B05,มหาวิทยาลัย,2026-04-22,2026-04,False,False,0,0,,,,
C00330,ชาย,18-24,B04,บางนา,2026-05-21,2026-05,False,True,6,725,2026-06-11,2026-09-19,1,B04
C00331,หญิง,35-44,B05,มหาวิทยาลัย,2026-08-18,2026-08,False,True,1,85,2026-09-09,2026-09-09,11,B05
C00332,ชาย,25-34,B01,สยาม,2025-11-16,2025-11,False,False,0,0,,,,
C00333,หญิง,18-24,B02,สีลม,2025-05-15,2025-05,False,True,5,720,2025-07-20,2026-04-20,153,B02
C00334,ชาย,18-24,B05,มหาวิทยาลัย,2025-06-11,2025-06,False,True,12,1547,2025-08-11,2026-09-11,9,B05
C00335,ชาย,25-34,B02,สีลม,2026-03-08,2026-03,False,True,3,279,2026-07-24,2026-09-04,16,B02
C00336,หญิง,35-44,B05,มหาวิทยาลัย,2026-05-15,2026-05,False,True,4,525,2026-06-09,2026-09-13,7,B05
C00337,ชาย,18-24,B01,สยาม,2025-12-01,2025-12,False,True,6,630,2025-12-03,2026-03-18,186,B01
C00338,หญิง,25-34,B03,อารีย์,2026-07-19,2026-07,False,True,1,90,2026-08-28,2026-08-28,23,B03
C00339,ไม่ระบุ,25-34,B03,อารีย์,2025-11-06,2025-11,False,True,24,2976,2025-11-11,2026-09-11,9,B03
C00340,ชาย,35-44,B02,สีลม,2025-05-10,2025-05,False,True,3,450,2025-06-04,2025-09-02,383,B02
C00341,ชาย,18-24,B04,บางนา,2026-03-31,2026-03,False,True,5,610,2026-04-10,2026-09-13,7,B04
C00342,ชาย,25-34,B01,สยาม,2025-08-26,2025-08,False,True,17,2223,2025-09-19,2026-09-13,7,B01
C00343,หญิง,25-34,B01,สยาม,2026-02-09,2026-02,False,False,0,0,,,,
C00344,ชาย,25-34,B04,บางนา,2026-04-15,2026-04,False,True,2,145,2026-06-15,2026-07-10,72,B04
C00345,ชาย,35-44,B01,สยาม,2025-12-24,2025-12,False,True,10,1109,2025-12-31,2026-07-08,74,B01
C00346,หญิง,25-34,B02,สีลม,2026-06-01,2026-06,False,True,2,370,2026-07-10,2026-08-28,23,B02
C00347,หญิง,25-34,B04,บางนา,2026-01-23,2026-01,False,True,5,769,2026-04-17,2026-09-08,12,B04
C00348,หญิง,25-34,B05,มหาวิทยาลัย,2025-06-15,2025-06,False,True,5,482,2025-06-20,2025-12-11,283,B05
C00349,หญิง,45-54,B04,บางนา,2026-04-10,2026-04,False,True,2,274,2026-06-18,2026-06-29,83,B04
C00350,ชาย,18-24,B02,สีลม,2026-08-14,2026-08,False,False,0,0,,,,
C00351,หญิง,35-44,B05,มหาวิทยาลัย,2026-03-30,2026-03,False,True,1,323,2026-09-04,2026-09-04,16,B05
C00352,ชาย,25-34,B02,สีลม,2026-08-02,2026-08,False,False,0,0,,,,
C00353,หญิง,25-34,B05,มหาวิทยาลัย,2025-07-09,2025-07,False,True,4,360,2025-08-01,2026-03-10,194,B05
C00354,หญิง,35-44,B02,สีลม,2025-08-11,2025-08,False,True,9,975,2025-10-07,2026-09-18,2,B02
C00355,หญิง,45-54,B02,สีลม,2025-06-01,2025-06,False,True,24,2829,2025-06-23,2026-08-17,34,B02
C00356,ชาย,25-34,B03,อารีย์,2026-06-09,2026-06,False,False,0,0,,,,
C00357,หญิง,45-54,B05,มหาวิทยาลัย,2025-11-12,2025-11,False,True,8,1235,2026-03-27,2026-08-31,20,B05
C00358,หญิง,18-24,B04,บางนา,2026-05-23,2026-05,False,True,1,75,2026-05-28,2026-05-28,115,B04
C00359,หญิง,18-24,B01,สยาม,2026-07-25,2026-07,False,True,2,180,2026-07-28,2026-08-21,30,B01
C00360,หญิง,25-34,B01,สยาม,2025-07-08,2025-07,False,True,9,1085,2025-07-17,2026-05-23,120,B01
C00361,ชาย,25-34,B04,บางนา,2026-02-24,2026-02,False,True,5,879,2026-03-07,2026-08-14,37,B04
C00362,หญิง,18-24,B01,สยาม,2026-04-19,2026-04,False,True,10,1311,2026-05-27,2026-09-12,8,B01
C00363,ชาย,45-54,B01,สยาม,2026-07-20,2026-07,False,True,3,489,2026-08-16,2026-09-05,15,B01
C00364,ชาย,45-54,B02,สีลม,2026-08-10,2026-08,False,False,0,0,,,,
C00365,ชาย,25-34,B05,มหาวิทยาลัย,2025-07-19,2025-07,False,False,0,0,,,,
C00366,หญิง,25-34,B02,สีลม,2026-02-03,2026-02,False,True,8,1009,2026-02-17,2026-08-20,31,B02
C00367,ชาย,18-24,B02,สีลม,2025-04-11,2025-04,False,True,8,1003,2025-05-26,2025-10-17,338,B02
C00368,หญิง,45-54,B04,บางนา,2026-04-19,2026-04,False,True,2,160,2026-06-21,2026-07-23,59,B04
C00369,ไม่ระบุ,55+,B05,มหาวิทยาลัย,2025-07-30,2025-07,False,True,6,505,2025-09-18,2026-06-02,110,B05
C00370,หญิง,35-44,B05,มหาวิทยาลัย,2025-09-06,2025-09,False,False,0,0,,,,
C00371,หญิง,25-34,B04,บางนา,2025-12-19,2025-12,False,True,5,773,2026-02-22,2026-07-06,76,B04
C00372,หญิง,18-24,B05,มหาวิทยาลัย,2026-04-28,2026-04,False,True,3,200,2026-05-26,2026-06-23,89,B05
C00373,ชาย,25-34,B01,สยาม,2025-12-16,2025-12,False,True,3,755,2026-04-30,2026-06-16,96,B01
C00374,หญิง,18-24,B02,สีลม,2025-04-09,2025-04,False,True,12,1487,2025-04-09,2025-11-07,317,B02
C00375,ไม่ระบุ,45-54,B03,อารีย์,2025-12-08,2025-12,False,True,17,2288,2025-12-12,2026-09-18,2,B03
C00376,หญิง,18-24,B01,สยาม,2025-06-10,2025-06,False,True,17,2089,2025-08-06,2026-09-08,12,B01
C00377,ชาย,ต่ำกว่า 18,B03,อารีย์,2026-08-31,2026-08,True,True,1,55,2026-09-14,2026-09-14,6,B03
C00378,หญิง,ต่ำกว่า 18,B05,มหาวิทยาลัย,2025-07-22,2025-07,True,True,2,200,2025-08-11,2025-08-30,386,B05
C00379,หญิง,25-34,B03,อารีย์,2026-08-03,2026-08,False,False,0,0,,,,
C00380,ชาย,25-34,B01,สยาม,2025-11-28,2025-11,False,True,9,1404,2025-11-28,2026-05-03,140,B01
C00381,หญิง,25-34,B04,บางนา,2025-10-16,2025-10,False,True,10,1513,2025-12-14,2026-08-10,41,B04
C00382,หญิง,25-34,B03,อารีย์,2026-05-31,2026-05,False,False,0,0,,,,
C00383,หญิง,18-24,B03,อารีย์,2026-03-16,2026-03,False,True,9,1528,2026-03-27,2026-08-07,44,B03
C00384,หญิง,25-34,B04,บางนา,2025-05-26,2025-05,False,True,15,1828,2025-06-17,2026-09-12,8,B04
C00385,หญิง,18-24,B01,สยาม,2026-03-25,2026-03,False,True,11,1365,2026-03-27,2026-09-17,3,B01
C00386,หญิง,45-54,B01,สยาม,2025-12-10,2025-12,False,True,5,600,2025-12-30,2026-07-21,61,B01
C00387,หญิง,45-54,B04,บางนา,2026-08-26,2026-08,False,True,1,105,2026-09-20,2026-09-20,0,B04
C00388,ชาย,25-34,B02,สีลม,2026-03-06,2026-03,False,False,0,0,,,,
C00389,ชาย,35-44,B03,อารีย์,2026-05-25,2026-05,False,True,4,430,2026-06-05,2026-09-12,8,B03
C00390,หญิง,18-24,B05,มหาวิทยาลัย,2025-12-04,2025-12,False,True,1,55,2026-01-15,2026-01-15,248,B05
C00391,ชาย,18-24,B01,สยาม,2025-09-20,2025-09,False,True,26,3302,2025-09-21,2026-09-13,7,B01
C00392,หญิง,18-24,B05,มหาวิทยาลัย,2026-03-01,2026-03,False,False,0,0,,,,
C00393,ชาย,25-34,B04,บางนา,2025-11-07,2025-11,False,True,11,1299,2026-01-05,2026-08-22,29,B04
C00394,หญิง,18-24,B05,มหาวิทยาลัย,2026-05-31,2026-05,False,False,0,0,,,,
C00395,ชาย,45-54,B01,สยาม,2025-10-21,2025-10,False,True,9,1064,2025-11-23,2026-07-18,64,B01
C00396,ชาย,35-44,B01,สยาม,2025-06-12,2025-06,False,True,12,1884,2025-06-12,2026-05-27,116,B01
C00397,หญิง,55+,B02,สีลม,2025-09-20,2025-09,False,True,3,230,2025-10-22,2025-12-19,275,B02
C00398,ชาย,55+,B05,มหาวิทยาลัย,2026-07-11,2026-07,False,True,2,220,2026-08-18,2026-09-02,18,B05
C00399,ชาย,25-34,B01,สยาม,2026-08-08,2026-08,False,True,3,335,2026-09-07,2026-09-14,6,B01
C00400,ชาย,35-44,B01,สยาม,2026-06-15,2026-06,False,True,1,50,2026-06-16,2026-06-16,96,B01
C00401,หญิง,35-44,B01,สยาม,2025-11-29,2025-11,False,True,6,1154,2026-02-11,2026-08-09,42,B01
C00402,หญิง,18-24,B02,สีลม,2025-07-20,2025-07,False,True,1,65,2026-06-19,2026-06-19,93,B02
C00403,หญิง,25-34,B01,สยาม,2026-04-28,2026-04,False,True,6,1173,2026-05-07,2026-08-01,50,B01
C00404,หญิง,18-24,B04,บางนา,2025-12-15,2025-12,False,True,10,1235,2025-12-24,2026-08-23,28,B04
C00405,หญิง,18-24,B03,อารีย์,2026-03-17,2026-03,False,True,1,75,2026-08-11,2026-08-11,40,B03
C00406,ชาย,35-44,B02,สีลม,2026-02-01,2026-02,False,True,2,140,2026-02-03,2026-02-10,222,B01
C00407,หญิง,25-34,B01,สยาม,2025-12-25,2025-12,False,True,5,408,2026-02-04,2026-06-27,85,B01
C00408,ชาย,25-34,B01,สยาม,2026-03-09,2026-03,False,False,0,0,,,,
C00409,หญิง,25-34,B02,สีลม,2025-09-04,2025-09,False,True,5,644,2025-11-28,2026-07-20,62,B02
C00410,ชาย,18-24,B01,สยาม,2025-11-22,2025-11,False,False,0,0,,,,
C00411,หญิง,25-34,B02,สีลม,2025-06-12,2025-06,False,True,11,1429,2025-06-18,2026-01-13,250,B02
C00412,ชาย,25-34,B03,อารีย์,2026-01-26,2026-01,False,True,5,494,2026-02-15,2026-07-01,81,B03
C00413,ชาย,18-24,B03,อารีย์,2026-02-06,2026-02,False,True,8,670,2026-02-07,2026-04-18,155,B03
C00414,ชาย,45-54,B04,บางนา,2026-08-23,2026-08,False,True,1,150,2026-09-20,2026-09-20,0,B04
C00415,หญิง,45-54,B03,อารีย์,2026-02-12,2026-02,False,True,9,974,2026-02-12,2026-06-02,110,B03
C00416,หญิง,25-34,B04,บางนา,2025-09-07,2025-09,False,True,15,2033,2025-09-27,2026-09-01,19,B04
C00417,ชาย,18-24,B04,บางนา,2026-08-07,2026-08,False,False,0,0,,,,
C00418,ชาย,18-24,B01,สยาม,2025-08-21,2025-08,False,True,1,160,2025-09-23,2025-09-23,362,B01
C00419,หญิง,25-34,B01,สยาม,2026-05-13,2026-05,False,True,5,529,2026-05-30,2026-08-09,42,B01
C00420,ชาย,35-44,B03,อารีย์,2026-04-11,2026-04,False,True,3,504,2026-04-18,2026-05-26,117,B03
C00421,หญิง,18-24,B01,สยาม,2025-12-10,2025-12,False,True,8,1150,2026-01-05,2026-05-18,125,B01
C00422,หญิง,55+,B01,สยาม,2026-03-04,2026-03,False,True,1,120,2026-03-11,2026-03-11,193,B01
C00423,ชาย,25-34,B01,สยาม,2026-01-25,2026-01,False,False,0,0,,,,
C00424,ชาย,45-54,B04,บางนา,2026-05-14,2026-05,False,True,2,380,2026-07-22,2026-09-12,8,B03
C00425,หญิง,45-54,B02,สีลม,2026-09-09,2026-09,False,False,0,0,,,,
C00426,หญิง,35-44,B01,สยาม,2026-04-20,2026-04,False,False,0,0,,,,
C00427,หญิง,18-24,B03,อารีย์,2025-12-20,2025-12,False,True,11,1304,2025-12-20,2026-08-14,37,B03
C00428,หญิง,35-44,B02,สีลม,2025-10-23,2025-10,False,True,1,164,2026-03-01,2026-03-01,203,B01
C00429,ชาย,25-34,B02,สีลม,2025-12-20,2025-12,False,True,3,685,2026-03-13,2026-08-17,34,B03
C00430,ชาย,25-34,B04,บางนา,2025-07-22,2025-07,False,True,6,649,2025-07-28,2025-09-30,355,B04
C00431,ชาย,25-34,B03,อารีย์,2026-05-09,2026-05,False,True,14,1728,2026-05-14,2026-09-06,14,B03
C00432,หญิง,ต่ำกว่า 18,B01,สยาม,2025-06-16,2025-06,True,False,0,0,,,,
C00433,หญิง,25-34,B02,สีลม,2025-06-12,2025-06,False,True,12,1834,2025-07-16,2026-06-07,105,B02
C00434,ชาย,18-24,B02,สีลม,2026-01-20,2026-01,False,True,5,434,2026-01-27,2026-07-07,75,B02
C00435,หญิง,45-54,B05,มหาวิทยาลัย,2025-08-08,2025-08,False,True,8,812,2025-10-07,2026-02-21,211,B05
C00436,หญิง,18-24,B01,สยาม,2025-05-04,2025-05,False,True,10,1314,2025-05-05,2026-04-14,159,B01
C00437,ชาย,ต่ำกว่า 18,B03,อารีย์,2026-02-13,2026-02,True,True,5,565,2026-02-21,2026-08-28,23,B03
C00438,หญิง,25-34,B01,สยาม,2026-06-30,2026-06,False,True,2,230,2026-07-16,2026-08-20,31,B01
C00439,หญิง,35-44,B05,มหาวิทยาลัย,2025-08-08,2025-08,False,True,10,1314,2025-09-11,2026-08-18,33,B05
C00440,หญิง,55+,B01,สยาม,2026-06-25,2026-06,False,False,0,0,,,,
C00441,ชาย,25-34,B05,มหาวิทยาลัย,2025-12-18,2025-12,False,True,9,1035,2025-12-25,2026-08-05,46,B05
C00442,หญิง,25-34,B04,บางนา,2026-07-25,2026-07,False,False,0,0,,,,
C00443,ชาย,18-24,B05,มหาวิทยาลัย,2025-06-14,2025-06,False,False,0,0,,,,
C00444,หญิง,55+,B02,สีลม,2026-04-14,2026-04,False,True,5,655,2026-05-24,2026-08-16,35,B02
C00445,หญิง,18-24,B02,สีลม,2026-08-18,2026-08,False,False,0,0,,,,
C00446,หญิง,ต่ำกว่า 18,B05,มหาวิทยาลัย,2025-12-05,2025-12,True,True,4,460,2026-01-20,2026-09-10,10,B05
C00447,ชาย,ต่ำกว่า 18,B02,สีลม,2025-04-18,2025-04,True,True,15,2174,2025-04-24,2025-12-10,284,B02
C00448,หญิง,35-44,B01,สยาม,2026-01-25,2026-01,False,True,5,665,2026-03-01,2026-07-08,74,B01
C00449,ชาย,18-24,B04,บางนา,2026-03-03,2026-03,False,True,3,275,2026-03-07,2026-07-29,53,B04
C00450,ชาย,45-54,B02,สีลม,2025-07-23,2025-07,False,True,4,360,2025-08-08,2026-01-26,237,B02
C00451,ไม่ระบุ,35-44,B02,สีลม,2026-06-20,2026-06,False,True,2,205,2026-07-09,2026-09-14,6,B02
C00452,หญิง,35-44,B03,อารีย์,2026-02-04,2026-02,False,True,4,295,2026-03-10,2026-05-16,127,B03
C00453,หญิง,18-24,B02,สีลม,2026-01-15,2026-01,False,True,4,369,2026-02-11,2026-07-23,59,B02
C00454,ชาย,35-44,B04,บางนา,2025-09-26,2025-09,False,True,3,290,2025-11-10,2025-11-16,308,B04
C00455,หญิง,55+,B05,มหาวิทยาลัย,2025-08-25,2025-08,False,False,0,0,,,,
C00456,หญิง,45-54,B05,มหาวิทยาลัย,2026-01-01,2026-01,False,True,5,1004,2026-01-17,2026-08-29,22,B05
C00457,ชาย,18-24,B02,สีลม,2025-04-18,2025-04,False,True,6,859,2025-05-16,2025-08-04,412,B02
C00458,ชาย,18-24,B04,บางนา,2026-06-09,2026-06,False,True,1,150,2026-06-19,2026-06-19,93,B04
C00459,หญิง,25-34,B02,สีลม,2026-04-18,2026-04,False,True,9,1416,2026-04-27,2026-09-09,11,B02
C00460,หญิง,18-24,B03,อารีย์,2026-08-26,2026-08,False,True,2,325,2026-09-11,2026-09-13,7,B03
C00461,ชาย,ต่ำกว่า 18,B01,สยาม,2025-08-22,2025-08,True,True,12,1744,2025-08-26,2026-09-17,3,B01
C00462,ชาย,18-24,B05,มหาวิทยาลัย,2026-05-10,2026-05,False,True,2,245,2026-06-10,2026-06-15,97,B05
C00463,ชาย,25-34,B02,สีลม,2026-04-20,2026-04,False,True,5,889,2026-05-12,2026-09-11,9,B02
C00464,หญิง,35-44,B02,สีลม,2026-05-14,2026-05,False,True,1,105,2026-06-18,2026-06-18,94,B02
C00465,หญิง,18-24,B05,มหาวิทยาลัย,2025-06-03,2025-06,False,True,7,996,2025-06-23,2026-03-16,188,B05
C00466,หญิง,18-24,B03,อารีย์,2026-08-14,2026-08,False,True,1,150,2026-09-06,2026-09-06,14,B03
C00467,หญิง,18-24,B04,บางนา,2026-05-31,2026-05,False,True,6,931,2026-06-03,2026-08-07,44,B04
C00468,ชาย,35-44,B05,มหาวิทยาลัย,2025-10-01,2025-10,False,False,0,0,,,,
C00469,หญิง,18-24,B01,สยาม,2025-11-14,2025-11,False,True,3,510,2025-11-15,2025-11-18,306,B01
C00470,หญิง,18-24,B03,อารีย์,2026-04-19,2026-04,False,True,1,135,2026-04-23,2026-04-23,150,B03
C00471,หญิง,45-54,B05,มหาวิทยาลัย,2025-12-01,2025-12,False,True,4,305,2025-12-08,2026-09-02,18,B05
C00472,ชาย,35-44,B01,สยาม,2026-08-04,2026-08,False,True,4,814,2026-08-04,2026-09-11,9,B01
C00473,หญิง,18-24,B03,อารีย์,2026-05-15,2026-05,False,False,0,0,,,,
C00474,ชาย,18-24,B01,สยาม,2026-07-01,2026-07,False,True,2,235,2026-08-14,2026-09-09,11,B02
C00475,หญิง,55+,B03,อารีย์,2026-07-14,2026-07,False,True,2,180,2026-07-17,2026-07-24,58,B03
C00476,ชาย,18-24,B02,สีลม,2025-10-20,2025-10,False,True,8,684,2025-11-22,2026-05-15,128,B02
C00477,ชาย,35-44,B01,สยาม,2025-12-13,2025-12,False,True,8,1120,2025-12-23,2026-08-01,50,B01
C00478,ชาย,25-34,B02,สีลม,2026-06-08,2026-06,False,False,0,0,,,,
C00479,หญิง,35-44,B03,อารีย์,2026-08-02,2026-08,False,True,1,140,2026-09-05,2026-09-05,15,B03
C00480,ชาย,25-34,B02,สีลม,2025-09-21,2025-09,False,True,10,1242,2025-09-24,2026-07-30,52,B02
C00481,หญิง,25-34,B01,สยาม,2026-06-12,2026-06,False,True,2,410,2026-08-19,2026-08-30,21,B01
C00482,หญิง,18-24,B01,สยาม,2025-11-28,2025-11,False,True,8,1244,2025-11-28,2026-07-28,54,B01
C00483,หญิง,35-44,B01,สยาม,2025-10-03,2025-10,False,True,4,240,2025-10-20,2025-12-17,277,B01
C00484,หญิง,55+,B04,บางนา,2026-09-06,2026-09,False,False,0,0,,,,
C00485,หญิง,25-34,B05,มหาวิทยาลัย,2025-05-29,2025-05,False,False,0,0,,,,
C00486,ชาย,25-34,B04,บางนา,2026-08-04,2026-08,False,True,2,254,2026-08-06,2026-08-27,24,B04
C00487,หญิง,35-44,B05,มหาวิทยาลัย,2026-04-14,2026-04,False,True,1,270,2026-06-04,2026-06-04,108,B03
C00488,หญิง,35-44,B01,สยาม,2026-09-09,2026-09,False,False,0,0,,,,
C00489,ชาย,35-44,B04,บางนา,2025-11-25,2025-11,False,True,4,450,2025-11-26,2026-02-09,223,B04
C00490,หญิง,18-24,B05,มหาวิทยาลัย,2026-02-23,2026-02,False,True,2,270,2026-02-24,2026-05-06,137,B05
C00491,ชาย,45-54,B05,มหาวิทยาลัย,2025-04-10,2025-04,False,True,25,3376,2025-05-16,2026-09-15,5,B05
C00492,หญิง,45-54,B01,สยาม,2025-07-15,2025-07,False,True,1,150,2026-08-30,2026-08-30,21,B01
C00493,ชาย,35-44,B01,สยาม,2025-09-05,2025-09,False,True,5,312,2025-11-08,2026-03-10,194,B01
C00494,ชาย,ต่ำกว่า 18,B02,สีลม,2025-11-08,2025-11,True,True,8,846,2025-11-13,2026-08-17,34,B02
C00495,ชาย,25-34,B01,สยาม,2026-08-12,2026-08,False,True,2,110,2026-08-26,2026-09-20,0,B01
C00496,ชาย,25-34,B05,มหาวิทยาลัย,2026-07-01,2026-07,False,False,0,0,,,,
C00497,ชาย,45-54,B01,สยาม,2026-05-07,2026-05,False,False,0,0,,,,
C00498,หญิง,25-34,B03,อารีย์,2026-01-12,2026-01,False,True,3,360,2026-03-03,2026-08-05,46,B03
C00499,หญิง,25-34,B05,มหาวิทยาลัย,2026-07-12,2026-07,False,True,2,350,2026-09-09,2026-09-20,0,B05
C00500,หญิง,25-34,B05,มหาวิทยาลัย,2025-06-30,2025-06,False,True,3,318,2025-07-15,2025-09-29,356,B05
C00501,ชาย,18-24,B03,อารีย์,2025-12-24,2025-12,False,True,14,2050,2026-01-14,2026-07-23,59,B03
C00502,หญิง,55+,B02,สีลม,2026-03-29,2026-03,False,True,2,315,2026-04-02,2026-05-18,125,B02
C00503,ชาย,35-44,B03,อารีย์,2025-11-15,2025-11,False,True,12,1290,2025-11-19,2026-05-08,135,B03
C00504,หญิง,35-44,B01,สยาม,2025-08-10,2025-08,False,True,10,935,2025-08-20,2026-08-29,22,B01
C00505,หญิง,25-34,B01,สยาม,2026-04-21,2026-04,False,True,3,645,2026-06-14,2026-07-05,77,B01
C00506,หญิง,18-24,B04,บางนา,2025-04-15,2025-04,False,True,6,940,2025-05-20,2025-08-31,385,B04
C00507,หญิง,35-44,B01,สยาม,2026-07-28,2026-07,False,False,0,0,,,,
C00508,หญิง,18-24,B01,สยาม,2025-05-31,2025-05,False,True,5,395,2025-07-23,2025-11-15,309,B01
C00509,หญิง,18-24,B05,มหาวิทยาลัย,2025-06-02,2025-06,False,True,12,1994,2025-06-08,2025-10-30,325,B05
C00510,ชาย,25-34,B01,สยาม,2026-08-27,2026-08,False,False,0,0,,,,
C00511,หญิง,25-34,B04,บางนา,2025-07-28,2025-07,False,True,8,765,2025-08-27,2025-12-14,280,B04
C00512,หญิง,25-34,B01,สยาม,2025-10-14,2025-10,False,True,7,982,2025-11-12,2026-06-22,90,B01
C00513,ไม่ระบุ,45-54,B03,อารีย์,2026-05-30,2026-05,False,True,2,430,2026-08-30,2026-09-13,7,B03
C00514,หญิง,25-34,B01,สยาม,2025-09-24,2025-09,False,True,3,390,2025-09-28,2026-02-05,227,B01
C00515,หญิง,35-44,B03,อารีย์,2026-02-19,2026-02,False,True,8,619,2026-03-15,2026-09-01,19,B03
C00516,ไม่ระบุ,25-34,B03,อารีย์,2026-05-08,2026-05,False,True,4,497,2026-05-21,2026-07-18,64,B03
C00517,หญิง,35-44,B05,มหาวิทยาลัย,2026-04-04,2026-04,False,True,11,984,2026-04-06,2026-09-10,10,B05
C00518,ชาย,25-34,B01,สยาม,2026-02-22,2026-02,False,False,0,0,,,,
C00519,หญิง,25-34,B04,บางนา,2026-01-15,2026-01,False,True,2,315,2026-04-15,2026-07-02,80,B04
C00520,หญิง,25-34,B04,บางนา,2026-09-13,2026-09,False,False,0,0,,,,
C00521,ชาย,25-34,B04,บางนา,2025-12-01,2025-12,False,True,15,2081,2025-12-11,2026-09-10,10,B04
C00522,ชาย,25-34,B05,มหาวิทยาลัย,2025-09-17,2025-09,False,True,1,150,2025-11-17,2025-11-17,307,B05
C00523,ชาย,35-44,B04,บางนา,2026-07-24,2026-07,False,True,1,60,2026-07-29,2026-07-29,53,B04
C00524,ชาย,18-24,B03,อารีย์,2026-05-11,2026-05,False,True,3,360,2026-05-27,2026-08-21,30,B03
C00525,หญิง,25-34,B01,สยาม,2025-04-09,2025-04,False,True,26,2619,2025-04-11,2026-09-08,12,B01
C00526,ชาย,35-44,B03,อารีย์,2026-02-05,2026-02,False,True,6,690,2026-02-17,2026-08-23,28,B03
C00527,ชาย,25-34,B05,มหาวิทยาลัย,2025-07-30,2025-07,False,True,10,1344,2025-09-02,2026-09-07,13,B05
C00528,ไม่ระบุ,25-34,B05,มหาวิทยาลัย,2026-09-09,2026-09,False,False,0,0,,,,
C00529,หญิง,55+,B02,สีลม,2025-11-25,2025-11,False,True,8,684,2025-12-15,2026-09-09,11,B02
C00530,ชาย,25-34,B04,บางนา,2026-01-22,2026-01,False,True,7,525,2026-02-15,2026-09-13,7,B04
C00531,ชาย,45-54,B05,มหาวิทยาลัย,2026-08-01,2026-08,False,False,0,0,,,,
C00532,ชาย,ต่ำกว่า 18,B05,มหาวิทยาลัย,2025-09-05,2025-09,True,True,6,1074,2025-12-24,2026-08-17,34,B05
C00533,หญิง,35-44,B01,สยาม,2025-05-16,2025-05,False,True,12,1969,2025-05-22,2025-12-13,281,B01
C00534,ไม่ระบุ,35-44,B01,สยาม,2026-09-10,2026-09,False,False,0,0,,,,
C00535,ชาย,25-34,B04,บางนา,2026-03-26,2026-03,False,False,0,0,,,,
C00536,หญิง,18-24,B05,มหาวิทยาลัย,2026-04-04,2026-04,False,True,3,285,2026-04-15,2026-08-11,40,B05
C00537,หญิง,18-24,B01,สยาม,2026-09-07,2026-09,False,False,0,0,,,,
C00538,หญิง,25-34,B03,อารีย์,2026-05-23,2026-05,False,True,3,739,2026-07-03,2026-08-03,48,B04
C00539,ชาย,ต่ำกว่า 18,B05,มหาวิทยาลัย,2025-04-01,2025-04,True,True,10,1100,2025-04-07,2026-08-22,29,B05
C00540,ชาย,25-34,B03,อารีย์,2026-04-26,2026-04,False,False,0,0,,,,
C00541,ชาย,25-34,B01,สยาม,2025-05-29,2025-05,False,True,21,2672,2025-06-08,2026-08-15,36,B01
C00542,ชาย,55+,B02,สีลม,2026-06-13,2026-06,False,True,1,95,2026-07-07,2026-07-07,75,B02
C00543,ชาย,55+,B01,สยาม,2026-08-26,2026-08,False,True,1,60,2026-09-02,2026-09-02,18,B01
C00544,หญิง,25-34,B05,มหาวิทยาลัย,2026-08-21,2026-08,False,True,1,170,2026-09-01,2026-09-01,19,B05
C00545,ชาย,45-54,B02,สีลม,2026-08-08,2026-08,False,False,0,0,,,,
C00546,หญิง,25-34,B04,บางนา,2026-03-08,2026-03,False,True,1,45,2026-04-19,2026-04-19,154,B04
C00547,หญิง,25-34,B01,สยาม,2026-03-15,2026-03,False,True,2,135,2026-05-10,2026-05-19,124,B01
C00548,หญิง,25-34,B04,บางนา,2026-09-11,2026-09,False,False,0,0,,,,
C00549,หญิง,35-44,B02,สีลม,2026-03-22,2026-03,False,True,2,269,2026-04-07,2026-04-30,143,B02
C00550,ชาย,18-24,B04,บางนา,2026-08-24,2026-08,False,True,1,45,2026-09-08,2026-09-08,12,B04
C00551,ชาย,18-24,B02,สีลม,2026-04-12,2026-04,False,True,10,1503,2026-05-06,2026-08-19,32,B02
C00552,หญิง,35-44,B05,มหาวิทยาลัย,2025-06-29,2025-06,False,True,7,970,2025-07-22,2025-09-30,355,B05
C00553,หญิง,35-44,B04,บางนา,2026-05-01,2026-05,False,True,5,673,2026-05-02,2026-09-01,19,B04
C00554,ชาย,18-24,B01,สยาม,2026-05-12,2026-05,False,False,0,0,,,,
C00555,ชาย,55+,B04,บางนา,2026-06-11,2026-06,False,True,4,533,2026-06-22,2026-09-02,18,B04
C00556,ชาย,35-44,B02,สีลม,2026-07-26,2026-07,False,False,0,0,,,,
C00557,ชาย,18-24,B01,สยาม,2026-08-25,2026-08,False,False,0,0,,,,
C00558,หญิง,35-44,B03,อารีย์,2025-12-07,2025-12,False,True,19,2258,2026-01-17,2026-09-11,9,B03
C00559,หญิง,18-24,B02,สีลม,2026-01-19,2026-01,False,True,7,639,2026-02-05,2026-08-21,30,B02
C00560,หญิง,35-44,B02,สีลม,2025-07-12,2025-07,False,True,5,750,2025-07-14,2026-01-15,248,B02
C00561,ชาย,18-24,B01,สยาม,2025-12-05,2025-12,False,True,13,1498,2025-12-10,2026-09-10,10,B01
C00562,หญิง,18-24,B05,มหาวิทยาลัย,2025-06-30,2025-06,False,True,5,603,2025-07-24,2025-11-11,313,B05
C00563,หญิง,25-34,B01,สยาม,2025-08-06,2025-08,False,True,4,614,2025-09-15,2025-12-14,280,B01
C00564,ชาย,25-34,B01,สยาม,2026-01-08,2026-01,False,True,1,130,2026-01-14,2026-01-14,249,B01
C00565,หญิง,25-34,B03,อารีย์,2026-07-24,2026-07,False,True,4,455,2026-07-30,2026-09-17,3,B03
C00566,หญิง,25-34,B01,สยาม,2025-05-14,2025-05,False,True,7,1239,2025-05-14,2025-06-25,452,B01
C00567,ไม่ระบุ,35-44,B04,บางนา,2026-06-08,2026-06,False,True,1,140,2026-06-28,2026-06-28,84,B04
C00568,ชาย,25-34,B02,สีลม,2025-07-08,2025-07,False,True,7,635,2025-07-09,2026-05-18,125,B02
C00569,ชาย,25-34,B02,สีลม,2025-04-12,2025-04,False,True,23,3029,2025-04-21,2026-08-30,21,B02
C00570,ชาย,35-44,B01,สยาม,2025-08-19,2025-08,False,True,4,300,2025-09-12,2025-11-02,322,B01
C00571,ชาย,35-44,B05,มหาวิทยาลัย,2025-08-09,2025-08,False,True,13,1320,2025-08-19,2026-08-15,36,B05
C00572,ชาย,55+,B05,มหาวิทยาลัย,2026-05-04,2026-05,False,False,0,0,,,,
C00573,ชาย,18-24,B01,สยาม,2026-08-14,2026-08,False,False,0,0,,,,
C00574,ชาย,55+,B05,มหาวิทยาลัย,2025-07-23,2025-07,False,True,9,1024,2025-07-29,2026-08-06,45,B05
C00575,หญิง,18-24,B05,มหาวิทยาลัย,2026-06-16,2026-06,False,True,1,75,2026-08-10,2026-08-10,41,B05
C00576,หญิง,18-24,B01,สยาม,2026-08-06,2026-08,False,False,0,0,,,,
C00577,หญิง,35-44,B05,มหาวิทยาลัย,2026-04-17,2026-04,False,True,5,660,2026-04-24,2026-09-20,0,B01
C00578,หญิง,18-24,B04,บางนา,2025-05-27,2025-05,False,True,17,2505,2025-07-09,2026-09-14,6,B04
C00579,หญิง,35-44,B02,สีลม,2026-06-13,2026-06,False,True,1,135,2026-09-07,2026-09-07,13,B02
C00580,ชาย,25-34,B02,สีลม,2026-03-05,2026-03,False,True,1,65,2026-04-07,2026-04-07,166,B02
C00581,ชาย,55+,B04,บางนา,2025-07-01,2025-07,False,True,6,875,2025-07-03,2026-07-18,64,B04
C00582,หญิง,35-44,B01,สยาม,2025-12-14,2025-12,False,True,18,1790,2025-12-14,2026-09-14,6,B01
C00583,หญิง,25-34,B02,สีลม,2025-08-27,2025-08,False,True,6,918,2025-09-28,2026-01-23,240,B02
C00584,ชาย,35-44,B03,อารีย์,2025-12-17,2025-12,False,True,23,2412,2025-12-26,2026-09-05,15,B03
C00585,หญิง,18-24,B01,สยาม,2026-09-11,2026-09,False,False,0,0,,,,
C00586,ชาย,25-34,B05,มหาวิทยาลัย,2025-09-24,2025-09,False,True,3,395,2026-06-04,2026-08-07,44,B05
C00587,หญิง,35-44,B01,สยาม,2025-10-01,2025-10,False,True,6,1035,2025-10-17,2026-06-21,91,B01
C00588,ชาย,25-34,B01,สยาม,2026-04-06,2026-04,False,True,9,880,2026-04-12,2026-07-09,73,B01
C00589,หญิง,25-34,B05,มหาวิทยาลัย,2025-07-23,2025-07,False,True,16,2040,2025-08-09,2026-07-28,54,B05
C00590,หญิง,18-24,B01,สยาม,2026-02-01,2026-02,False,True,15,1655,2026-02-21,2026-08-24,27,B01
C00591,หญิง,25-34,B05,มหาวิทยาลัย,2025-04-12,2025-04,False,True,14,1420,2025-04-17,2025-09-03,382,B05
C00592,ชาย,35-44,B03,อารีย์,2026-01-22,2026-01,False,True,4,310,2026-02-04,2026-04-11,162,B03
C00593,ไม่ระบุ,35-44,B03,อารีย์,2026-06-16,2026-06,False,False,0,0,,,,
C00594,หญิง,18-24,B03,อารีย์,2026-04-07,2026-04,False,True,2,334,2026-04-09,2026-04-18,155,B03
C00595,หญิง,25-34,B05,มหาวิทยาลัย,2025-04-07,2025-04,False,False,0,0,,,,
C00596,หญิง,25-34,B05,มหาวิทยาลัย,2025-06-15,2025-06,False,True,2,350,2025-06-17,2025-06-18,459,B02
C00597,ชาย,25-34,B03,อารีย์,2026-04-29,2026-04,False,True,1,175,2026-05-13,2026-05-13,130,B03
C00598,หญิง,55+,B05,มหาวิทยาลัย,2025-06-22,2025-06,False,True,14,1455,2025-07-12,2026-06-22,90,B05
C00599,ชาย,35-44,B05,มหาวิทยาลัย,2025-12-16,2025-12,False,False,0,0,,,,
C00600,หญิง,18-24,B05,มหาวิทยาลัย,2025-09-15,2025-09,False,True,6,914,2025-11-19,2026-06-18,94,B05
C00601,หญิง,35-44,B03,อารีย์,2026-08-24,2026-08,False,True,1,95,2026-08-28,2026-08-28,23,B03
C00602,ชาย,18-24,B01,สยาม,2025-08-15,2025-08,False,True,5,635,2025-09-04,2025-10-05,350,B01
C00603,หญิง,25-34,B01,สยาม,2025-05-11,2025-05,False,True,15,1813,2025-05-25,2026-09-07,13,B01
C00604,หญิง,25-34,B02,สีลม,2025-09-28,2025-09,False,True,5,1140,2025-10-12,2026-08-25,26,B02
C00605,ชาย,25-34,B01,สยาม,2026-04-24,2026-04,False,True,2,711,2026-06-01,2026-06-08,104,B01
C00606,หญิง,25-34,B03,อารีย์,2026-06-27,2026-06,False,False,0,0,,,,
C00607,ชาย,25-34,B01,สยาม,2025-06-24,2025-06,False,True,2,190,2025-06-29,2025-09-27,358,B01
C00608,หญิง,18-24,B02,สีลม,2025-04-11,2025-04,False,True,4,614,2025-05-15,2025-07-11,436,B02
C00609,ชาย,18-24,B01,สยาม,2026-07-10,2026-07,False,True,1,65,2026-09-13,2026-09-13,7,B01
C00610,ชาย,25-34,B02,สีลม,2026-03-12,2026-03,False,True,2,269,2026-04-11,2026-04-17,156,B02
C00611,ชาย,25-34,B02,สีลม,2025-12-02,2025-12,False,True,7,1034,2025-12-16,2026-09-10,10,B02
C00612,หญิง,45-54,B03,อารีย์,2025-12-04,2025-12,False,True,12,1450,2025-12-23,2026-03-30,174,B03
C00613,ชาย,ต่ำกว่า 18,B01,สยาม,2025-05-14,2025-05,True,True,8,1024,2025-05-14,2025-10-08,347,B01
C00614,ชาย,45-54,B05,มหาวิทยาลัย,2026-09-08,2026-09,False,False,0,0,,,,
C00615,ชาย,18-24,B02,สีลม,2025-10-21,2025-10,False,True,6,472,2025-11-13,2026-09-07,13,B02
C00616,ชาย,35-44,B01,สยาม,2025-05-22,2025-05,False,True,7,915,2025-06-03,2026-07-26,56,B01
C00617,หญิง,25-34,B02,สีลม,2025-07-30,2025-07,False,False,0,0,,,,
C00618,ชาย,55+,B01,สยาม,2026-02-04,2026-02,False,False,0,0,,,,
C00619,หญิง,18-24,B03,อารีย์,2026-08-26,2026-08,False,False,0,0,,,,
C00620,หญิง,18-24,B01,สยาม,2026-05-10,2026-05,False,False,0,0,,,,
C00621,ชาย,25-34,B05,มหาวิทยาลัย,2026-05-09,2026-05,False,False,0,0,,,,
C00622,ชาย,35-44,B01,สยาม,2025-05-07,2025-05,False,True,4,990,2025-05-23,2025-08-05,411,B01
C00623,ชาย,35-44,B03,อารีย์,2025-11-08,2025-11,False,True,3,320,2025-12-06,2026-01-10,253,B03
C00624,หญิง,45-54,B02,สีลม,2025-09-25,2025-09,False,True,14,2317,2025-10-09,2026-07-13,69,B02
C00625,ชาย,35-44,B02,สีลม,2025-12-02,2025-12,False,True,4,310,2026-05-13,2026-08-24,27,B02
C00626,ชาย,55+,B05,มหาวิทยาลัย,2026-01-15,2026-01,False,True,7,865,2026-02-02,2026-05-14,129,B05
C00627,หญิง,ต่ำกว่า 18,B01,สยาม,2026-05-10,2026-05,True,True,10,1459,2026-05-10,2026-09-06,14,B01
C00628,ชาย,25-34,B05,มหาวิทยาลัย,2026-06-19,2026-06,False,True,2,355,2026-07-08,2026-07-22,60,B05
C00629,ไม่ระบุ,18-24,B02,สีลม,2025-05-16,2025-05,False,True,3,355,2025-06-19,2025-07-05,442,B02
C00630,หญิง,35-44,B04,บางนา,2025-11-17,2025-11,False,True,6,585,2025-12-14,2026-08-20,31,B04
C00631,หญิง,25-34,B01,สยาม,2026-08-13,2026-08,False,False,0,0,,,,
C00632,ชาย,25-34,B04,บางนา,2025-08-05,2025-08,False,True,11,1555,2025-08-09,2026-04-08,165,B04
C00633,ชาย,18-24,B04,บางนา,2026-02-12,2026-02,False,True,4,405,2026-03-11,2026-05-12,131,B04
C00634,ชาย,45-54,B02,สีลม,2026-04-13,2026-04,False,True,2,343,2026-05-19,2026-08-24,27,B02
C00635,ไม่ระบุ,25-34,B05,มหาวิทยาลัย,2026-09-13,2026-09,False,False,0,0,,,,
C00636,ชาย,ต่ำกว่า 18,B04,บางนา,2025-04-16,2025-04,True,True,25,3648,2025-05-04,2026-08-03,48,B04
C00637,ชาย,18-24,B05,มหาวิทยาลัย,2025-12-15,2025-12,False,True,6,484,2026-01-04,2026-07-24,58,B05
C00638,ชาย,25-34,B01,สยาม,2026-04-18,2026-04,False,True,2,180,2026-05-01,2026-06-20,92,B01
C00639,หญิง,25-34,B04,บางนา,2025-11-28,2025-11,False,True,10,855,2026-01-02,2026-09-19,1,B04
C00640,หญิง,35-44,B03,อารีย์,2025-12-20,2025-12,False,True,4,723,2025-12-20,2026-01-21,242,B01
C00641,ชาย,18-24,B02,สีลม,2026-08-08,2026-08,False,False,0,0,,,,
C00642,หญิง,18-24,B01,สยาม,2025-12-12,2025-12,False,True,8,1060,2026-01-17,2026-08-30,21,B01
C00643,หญิง,25-34,B01,สยาม,2025-11-15,2025-11,False,True,3,350,2026-01-21,2026-07-11,71,B01
C00644,หญิง,18-24,B05,มหาวิทยาลัย,2025-10-21,2025-10,False,True,2,375,2025-10-28,2025-11-03,321,B05
C00645,หญิง,35-44,B01,สยาม,2025-11-05,2025-11,False,True,10,1195,2025-12-28,2026-06-18,94,B01
C00646,ชาย,45-54,B01,สยาม,2025-09-21,2025-09,False,True,14,1659,2025-09-23,2026-09-08,12,B01
C00647,ชาย,25-34,B01,สยาม,2025-09-23,2025-09,False,True,9,1115,2025-10-05,2026-09-01,19,B01
C00648,หญิง,18-24,B02,สีลม,2026-02-01,2026-02,False,True,8,705,2026-02-02,2026-09-17,3,B02
C00649,ชาย,45-54,B01,สยาม,2025-05-19,2025-05,False,True,1,55,2025-06-03,2025-06-03,474,B01
C00650,หญิง,55+,B01,สยาม,2025-12-09,2025-12,False,True,9,1387,2026-01-11,2026-08-01,50,B01
C00651,ชาย,25-34,B01,สยาม,2026-03-12,2026-03,False,True,1,89,2026-08-23,2026-08-23,28,B01
C00652,ชาย,35-44,B03,อารีย์,2026-08-01,2026-08,False,True,1,65,2026-08-11,2026-08-11,40,B03
C00653,หญิง,18-24,B05,มหาวิทยาลัย,2026-08-10,2026-08,False,True,2,444,2026-08-11,2026-08-14,37,B05
C00654,หญิง,35-44,B05,มหาวิทยาลัย,2026-03-24,2026-03,False,False,0,0,,,,
C00655,ชาย,18-24,B01,สยาม,2026-03-06,2026-03,False,True,11,1434,2026-03-09,2026-08-31,20,B01
C00656,หญิง,35-44,B03,อารีย์,2026-03-20,2026-03,False,True,12,1010,2026-03-20,2026-09-03,17,B03
C00657,ชาย,18-24,B04,บางนา,2025-04-21,2025-04,False,True,1,195,2025-06-06,2025-06-06,471,B04
C00658,ชาย,25-34,B01,สยาม,2025-05-06,2025-05,False,True,15,2459,2025-05-13,2026-07-10,72,B01
C00659,ชาย,25-34,B05,มหาวิทยาลัย,2025-10-30,2025-10,False,True,7,665,2025-11-03,2026-07-19,63,B05
C00660,ชาย,45-54,B05,มหาวิทยาลัย,2025-04-13,2025-04,False,True,21,2523,2025-04-21,2026-07-21,61,B05
C00661,หญิง,25-34,B02,สีลม,2026-02-28,2026-02,False,True,3,305,2026-03-26,2026-07-14,68,B02
C00662,ชาย,25-34,B05,มหาวิทยาลัย,2025-05-26,2025-05,False,True,2,185,2025-07-01,2025-07-21,426,B05
C00663,หญิง,18-24,B03,อารีย์,2026-07-25,2026-07,False,False,0,0,,,,
C00664,หญิง,25-34,B02,สีลม,2026-06-23,2026-06,False,True,1,95,2026-07-16,2026-07-16,66,B02
C00665,ไม่ระบุ,25-34,B01,สยาม,2025-07-05,2025-07,False,True,12,2270,2025-07-12,2026-06-20,92,B01
C00666,หญิง,25-34,B04,บางนา,2025-08-22,2025-08,False,True,9,1360,2025-09-01,2026-03-27,177,B04
C00667,หญิง,25-34,B02,สีลม,2026-01-29,2026-01,False,True,1,90,2026-07-20,2026-07-20,62,B02
C00668,ชาย,55+,B02,สีลม,2026-01-14,2026-01,False,False,0,0,,,,
C00669,ชาย,18-24,B04,บางนา,2026-03-22,2026-03,False,True,3,315,2026-04-22,2026-09-06,14,B04
C00670,หญิง,25-34,B04,บางนา,2025-12-30,2025-12,False,True,8,891,2026-03-14,2026-09-08,12,B04
C00671,ไม่ระบุ,ต่ำกว่า 18,B05,มหาวิทยาลัย,2025-12-12,2025-12,True,True,3,400,2026-02-19,2026-07-18,64,B05
C00672,ชาย,18-24,B02,สีลม,2025-10-20,2025-10,False,True,5,524,2025-10-30,2026-06-04,108,B02
C00673,ชาย,18-24,B02,สีลม,2025-08-01,2025-08,False,False,0,0,,,,
C00674,ชาย,55+,B01,สยาม,2026-01-23,2026-01,False,True,1,285,2026-02-13,2026-02-13,219,B05
C00675,หญิง,45-54,B05,มหาวิทยาลัย,2026-04-05,2026-04,False,False,0,0,,,,
C00676,หญิง,ต่ำกว่า 18,B04,บางนา,2026-06-13,2026-06,True,True,10,1435,2026-06-16,2026-09-18,2,B04
C00677,หญิง,35-44,B01,สยาม,2025-12-31,2025-12,False,True,8,750,2026-01-15,2026-04-25,148,B01
C00678,หญิง,18-24,B01,สยาม,2026-02-27,2026-02,False,True,1,319,2026-03-06,2026-03-06,198,B01
C00679,หญิง,25-34,B02,สีลม,2026-06-18,2026-06,False,True,1,145,2026-09-01,2026-09-01,19,B02
C00680,หญิง,25-34,B01,สยาม,2026-03-21,2026-03,False,True,3,260,2026-06-22,2026-08-05,46,B01
C00681,หญิง,35-44,B02,สีลม,2026-01-20,2026-01,False,False,0,0,,,,
C00682,หญิง,25-34,B03,อารีย์,2026-08-30,2026-08,False,True,1,75,2026-08-30,2026-08-30,21,B03
C00683,ชาย,35-44,B02,สีลม,2025-11-23,2025-11,False,False,0,0,,,,
C00684,ชาย,35-44,B02,สีลม,2026-02-08,2026-02,False,True,1,259,2026-02-20,2026-02-20,212,B02
C00685,หญิง,45-54,B03,อารีย์,2026-02-13,2026-02,False,True,3,235,2026-02-27,2026-03-29,175,B03
C00686,ชาย,35-44,B04,บางนา,2025-09-10,2025-09,False,True,8,1519,2025-09-11,2026-02-07,225,B04
C00687,ชาย,35-44,B04,บางนา,2026-05-29,2026-05,False,True,1,95,2026-07-11,2026-07-11,71,B04
C00688,หญิง,25-34,B04,บางนา,2025-04-07,2025-04,False,True,2,140,2025-05-01,2025-05-16,492,B04
C00689,ชาย,25-34,B05,มหาวิทยาลัย,2025-11-02,2025-11,False,True,2,229,2025-11-21,2026-07-10,72,B05
C00690,ชาย,18-24,B04,บางนา,2025-08-23,2025-08,False,True,10,964,2025-09-23,2026-08-22,29,B04
C00691,หญิง,35-44,B02,สีลม,2026-04-30,2026-04,False,True,9,1624,2026-05-05,2026-09-15,5,B02
C00692,ชาย,18-24,B05,มหาวิทยาลัย,2026-01-22,2026-01,False,False,0,0,,,,
C00693,ชาย,18-24,B04,บางนา,2026-08-13,2026-08,False,False,0,0,,,,
C00694,หญิง,25-34,B04,บางนา,2026-07-14,2026-07,False,True,2,115,2026-08-19,2026-09-01,19,B04
C00695,ชาย,25-34,B05,มหาวิทยาลัย,2025-07-19,2025-07,False,True,2,409,2025-07-23,2025-07-31,416,B05
C00696,ชาย,55+,B05,มหาวิทยาลัย,2025-05-17,2025-05,False,True,14,2310,2025-05-17,2026-08-07,44,B05
C00697,ชาย,35-44,B02,สีลม,2025-11-22,2025-11,False,True,17,2116,2025-12-09,2026-08-03,48,B02
C00698,หญิง,25-34,B01,สยาม,2025-06-19,2025-06,False,True,17,2215,2025-07-18,2026-08-11,40,B01
C00699,ชาย,55+,B04,บางนา,2026-05-20,2026-05,False,True,4,493,2026-06-06,2026-09-16,4,B04
C00700,ชาย,55+,B05,มหาวิทยาลัย,2025-10-30,2025-10,False,True,4,610,2026-01-02,2026-08-13,38,B05
C00701,หญิง,25-34,B01,สยาม,2025-04-01,2025-04,False,True,8,803,2025-04-01,2025-07-04,443,B01
C00702,หญิง,18-24,B02,สีลม,2025-09-09,2025-09,False,True,5,779,2025-11-26,2026-09-04,16,B02
C00703,ชาย,25-34,B01,สยาม,2025-11-13,2025-11,False,True,9,820,2025-12-05,2026-07-10,72,B01
C00704,หญิง,45-54,B03,อารีย์,2026-02-21,2026-02,False,True,6,580,2026-02-22,2026-09-13,7,B03
C00705,หญิง,35-44,B05,มหาวิทยาลัย,2026-09-09,2026-09,False,False,0,0,,,,
C00706,หญิง,18-24,B01,สยาม,2025-11-19,2025-11,False,True,1,75,2026-07-29,2026-07-29,53,B01
C00707,หญิง,25-34,B05,มหาวิทยาลัย,2025-09-11,2025-09,False,True,8,1105,2025-10-07,2026-07-04,78,B05
C00708,ชาย,35-44,B04,บางนา,2026-03-24,2026-03,False,True,2,145,2026-05-17,2026-08-11,40,B04
C00709,หญิง,25-34,B02,สีลม,2025-12-16,2025-12,False,True,17,2111,2025-12-17,2026-09-15,5,B02
C00710,หญิง,25-34,B05,มหาวิทยาลัย,2025-07-18,2025-07,False,True,2,240,2025-07-20,2025-10-20,335,B01
C00711,หญิง,55+,B05,มหาวิทยาลัย,2025-07-27,2025-07,False,True,2,335,2025-08-04,2025-08-11,405,B05
C00712,ไม่ระบุ,18-24,B05,มหาวิทยาลัย,2026-04-27,2026-04,False,False,0,0,,,,
C00713,หญิง,35-44,B04,บางนา,2025-07-29,2025-07,False,True,10,1512,2025-09-14,2026-06-29,83,B04
C00714,ชาย,45-54,B02,สีลม,2026-01-12,2026-01,False,True,3,320,2026-02-28,2026-09-12,8,B01
C00715,หญิง,25-34,B05,มหาวิทยาลัย,2025-04-10,2025-04,False,True,9,1155,2025-06-01,2026-04-29,144,B05
C00716,หญิง,25-34,B04,บางนา,2025-05-02,2025-05,False,True,1,55,2025-06-02,2025-06-02,475,B04
C00717,ชาย,25-34,B05,มหาวิทยาลัย,2026-06-08,2026-06,False,False,0,0,,,,
C00718,ชาย,25-34,B01,สยาม,2026-07-19,2026-07,False,True,2,125,2026-08-21,2026-09-01,19,B01
C00719,ชาย,35-44,B04,บางนา,2025-11-26,2025-11,False,True,13,1259,2025-12-17,2026-04-29,144,B04
C00720,หญิง,35-44,B05,มหาวิทยาลัย,2025-10-19,2025-10,False,True,7,954,2025-10-27,2026-08-20,31,B05
C00721,ชาย,25-34,B01,สยาม,2026-03-13,2026-03,False,True,4,440,2026-03-31,2026-07-28,54,B01
C00722,ชาย,25-34,B03,อารีย์,2026-06-27,2026-06,False,True,1,75,2026-07-11,2026-07-11,71,B03
C00723,ชาย,35-44,B01,สยาม,2025-10-23,2025-10,False,True,4,695,2025-12-16,2026-09-01,19,B01
C00724,ไม่ระบุ,18-24,B01,สยาม,2026-03-21,2026-03,False,True,3,405,2026-03-25,2026-04-15,158,B01
C00725,ชาย,25-34,B02,สีลม,2025-12-06,2025-12,False,True,3,299,2025-12-09,2026-01-12,251,B02
C00726,ชาย,55+,B04,บางนา,2025-08-26,2025-08,False,True,9,1014,2025-09-09,2026-04-25,148,B04
C00727,ไม่ระบุ,25-34,B03,อารีย์,2025-12-28,2025-12,False,True,2,219,2026-01-08,2026-01-24,239,B03
C00728,ชาย,35-44,B04,บางนา,2026-04-03,2026-04,False,True,5,620,2026-04-09,2026-09-20,0,B04
C00729,ชาย,25-34,B02,สีลม,2025-04-14,2025-04,False,True,5,395,2025-05-12,2025-07-02,445,B02
C00730,หญิง,18-24,B03,อารีย์,2025-11-22,2025-11,False,True,9,862,2025-11-29,2026-04-10,163,B03
C00731,หญิง,25-34,B02,สีลม,2025-09-08,2025-09,False,True,8,1129,2025-09-29,2026-03-25,179,B02
C00732,ชาย,35-44,B02,สีลม,2025-07-24,2025-07,False,True,11,1233,2025-07-26,2026-08-15,36,B02
C00733,ชาย,25-34,B05,มหาวิทยาลัย,2025-11-17,2025-11,False,False,0,0,,,,
C00734,หญิง,35-44,B02,สีลม,2026-07-25,2026-07,False,False,0,0,,,,
C00735,หญิง,25-34,B05,มหาวิทยาลัย,2025-10-24,2025-10,False,True,3,559,2025-11-07,2026-03-17,187,B05
C00736,หญิง,18-24,B04,บางนา,2025-05-24,2025-05,False,True,2,280,2025-06-11,2025-06-17,460,B04
C00737,หญิง,18-24,B05,มหาวิทยาลัย,2026-06-10,2026-06,False,True,3,510,2026-08-19,2026-09-09,11,B05
C00738,ชาย,55+,B04,บางนา,2026-04-12,2026-04,False,True,3,330,2026-04-23,2026-06-02,110,B04
C00739,ไม่ระบุ,25-34,B05,มหาวิทยาลัย,2025-05-08,2025-05,False,True,9,815,2025-06-10,2026-07-28,54,B05
C00740,หญิง,35-44,B03,อารีย์,2026-07-30,2026-07,False,True,4,589,2026-08-02,2026-09-09,11,B03
C00741,ชาย,25-34,B02,สีลม,2026-04-21,2026-04,False,False,0,0,,,,
C00742,หญิง,25-34,B02,สีลม,2025-11-28,2025-11,False,True,6,610,2025-12-09,2026-08-03,48,B02
C00743,ชาย,45-54,B05,มหาวิทยาลัย,2025-04-18,2025-04,False,True,9,1133,2025-08-07,2026-09-08,12,B05
C00744,หญิง,18-24,B02,สีลม,2025-04-27,2025-04,False,True,5,530,2025-05-19,2025-09-16,369,B02
C00745,ชาย,25-34,B05,มหาวิทยาลัย,2025-11-06,2025-11,False,False,0,0,,,,
C00746,หญิง,18-24,B05,มหาวิทยาลัย,2026-06-30,2026-06,False,False,0,0,,,,
C00747,ชาย,55+,B05,มหาวิทยาลัย,2026-06-26,2026-06,False,True,2,120,2026-07-06,2026-08-05,46,B05
C00748,หญิง,45-54,B01,สยาม,2026-04-19,2026-04,False,True,2,225,2026-08-02,2026-08-14,37,B01
C00749,หญิง,25-34,B05,มหาวิทยาลัย,2026-05-22,2026-05,False,True,5,565,2026-05-29,2026-08-30,21,B05
C00750,ชาย,18-24,B03,อารีย์,2026-04-25,2026-04,False,True,5,573,2026-04-30,2026-07-26,56,B03
C00751,ชาย,25-34,B03,อารีย์,2026-09-03,2026-09,False,False,0,0,,,,
C00752,หญิง,45-54,B05,มหาวิทยาลัย,2025-06-28,2025-06,False,True,12,1484,2025-07-03,2026-09-12,8,B05
C00753,ชาย,35-44,B01,สยาม,2025-08-01,2025-08,False,True,12,1594,2025-08-12,2026-09-05,15,B01
C00754,หญิง,45-54,B03,อารีย์,2026-06-25,2026-06,False,True,1,65,2026-08-01,2026-08-01,50,B03
C00755,หญิง,45-54,B03,อารีย์,2026-06-12,2026-06,False,True,13,2174,2026-06-12,2026-09-02,18,B03
C00756,หญิง,18-24,B01,สยาม,2026-05-14,2026-05,False,True,6,765,2026-05-24,2026-09-15,5,B01
C00757,ชาย,25-34,B05,มหาวิทยาลัย,2025-05-26,2025-05,False,True,2,150,2025-06-13,2025-06-18,459,B05
C00758,ชาย,18-24,B02,สีลม,2025-08-01,2025-08,False,True,13,1923,2025-09-08,2026-06-22,90,B02
C00759,ชาย,18-24,B01,สยาม,2025-04-03,2025-04,False,True,6,828,2025-04-04,2025-11-02,322,B01
C00760,ชาย,18-24,B02,สีลม,2025-05-18,2025-05,False,True,23,3307,2025-05-31,2026-09-09,11,B02
C00761,ชาย,55+,B05,มหาวิทยาลัย,2025-08-01,2025-08,False,True,5,564,2025-08-04,2026-09-19,1,B05
C00762,ชาย,45-54,B01,สยาม,2026-05-24,2026-05,False,True,1,85,2026-05-26,2026-05-26,117,B01
C00763,หญิง,45-54,B03,อารีย์,2026-05-16,2026-05,False,True,7,549,2026-07-01,2026-09-09,11,B03
C00764,ชาย,18-24,B01,สยาม,2026-07-24,2026-07,False,True,1,60,2026-07-24,2026-07-24,58,B01
C00765,ชาย,18-24,B01,สยาม,2025-05-09,2025-05,False,True,14,1980,2025-05-27,2026-09-10,10,B01
C00766,หญิง,18-24,B05,มหาวิทยาลัย,2025-12-25,2025-12,False,False,0,0,,,,
C00767,หญิง,25-34,B04,บางนา,2025-09-10,2025-09,False,True,10,1010,2025-09-14,2026-03-16,188,B04
C00768,ชาย,45-54,B04,บางนา,2025-06-15,2025-06,False,True,9,1070,2025-06-22,2026-08-02,49,B04
C00769,หญิง,25-34,B05,มหาวิทยาลัย,2025-05-11,2025-05,False,True,1,65,2025-06-13,2025-06-13,464,B05
C00770,ชาย,25-34,B04,บางนา,2026-03-09,2026-03,False,True,10,1594,2026-03-17,2026-08-21,30,B04
C00771,ชาย,45-54,B01,สยาม,2025-08-20,2025-08,False,True,14,1724,2025-09-04,2026-09-17,3,B01
C00772,ชาย,25-34,B03,อารีย์,2026-04-01,2026-04,False,True,1,70,2026-07-28,2026-07-28,54,B03
C00773,ชาย,45-54,B04,บางนา,2025-11-07,2025-11,False,True,2,369,2025-11-15,2025-11-25,299,B04
C00774,หญิง,55+,B02,สีลม,2025-12-27,2025-12,False,True,2,165,2026-02-18,2026-02-18,214,B02
C00775,หญิง,25-34,B05,มหาวิทยาลัย,2025-09-13,2025-09,False,False,0,0,,,,
C00776,ชาย,35-44,B05,มหาวิทยาลัย,2025-11-04,2025-11,False,True,21,3500,2025-11-04,2026-08-29,22,B05
C00777,ชาย,35-44,B03,อารีย์,2026-04-06,2026-04,False,True,7,800,2026-04-10,2026-08-02,49,B03
C00778,ชาย,18-24,B02,สีลม,2025-05-03,2025-05,False,True,7,1039,2025-06-02,2026-05-15,128,B02
C00779,ชาย,25-34,B04,บางนา,2026-08-24,2026-08,False,False,0,0,,,,
C00780,ไม่ระบุ,18-24,B03,อารีย์,2026-03-02,2026-03,False,True,5,420,2026-03-27,2026-07-11,71,B03
C00781,ชาย,55+,B01,สยาม,2025-05-24,2025-05,False,True,6,1152,2025-06-05,2025-11-16,308,B01
C00782,ชาย,25-34,B03,อารีย์,2026-02-07,2026-02,False,True,8,994,2026-02-16,2026-09-14,6,B03
C00783,ชาย,25-34,B05,มหาวิทยาลัย,2026-02-04,2026-02,False,False,0,0,,,,
C00784,หญิง,18-24,B04,บางนา,2026-05-19,2026-05,False,True,3,458,2026-07-31,2026-08-02,49,B04
C00785,หญิง,45-54,B04,บางนา,2025-06-26,2025-06,False,True,5,630,2025-08-08,2026-01-07,256,B04
C00786,ชาย,25-34,B01,สยาม,2026-08-07,2026-08,False,False,0,0,,,,
C00787,ชาย,18-24,B05,มหาวิทยาลัย,2025-08-21,2025-08,False,True,1,240,2025-10-08,2025-10-08,347,B01
C00788,ไม่ระบุ,25-34,B02,สีลม,2025-10-13,2025-10,False,True,2,217,2025-11-13,2026-03-20,184,B02
C00789,หญิง,25-34,B01,สยาม,2025-09-23,2025-09,False,True,17,2474,2025-09-26,2026-09-18,2,B01
C00790,หญิง,25-34,B04,บางนา,2026-04-15,2026-04,False,True,9,1187,2026-05-30,2026-08-12,39,B04
C00791,หญิง,25-34,B04,บางนา,2026-03-16,2026-03,False,True,2,305,2026-03-21,2026-03-29,175,B04
C00792,หญิง,18-24,B01,สยาม,2025-08-10,2025-08,False,True,11,1520,2025-10-10,2026-09-09,11,B01
C00793,หญิง,18-24,B05,มหาวิทยาลัย,2026-06-24,2026-06,False,True,3,210,2026-07-09,2026-08-18,33,B05
C00794,หญิง,18-24,B04,บางนา,2025-06-06,2025-06,False,True,2,230,2025-06-06,2025-06-23,454,B04
C00795,ไม่ระบุ,25-34,B02,สีลม,2025-12-23,2025-12,False,True,1,60,2025-12-30,2025-12-30,264,B02
C00796,ชาย,35-44,B01,สยาม,2025-04-21,2025-04,False,True,11,1771,2025-05-01,2026-07-18,64,B01
C00797,หญิง,18-24,B01,สยาม,2025-11-22,2025-11,False,True,4,470,2025-12-22,2026-02-09,223,B01
C00798,ชาย,25-34,B02,สีลม,2026-01-04,2026-01,False,True,16,1867,2026-01-06,2026-07-01,81,B02
C00799,หญิง,35-44,B02,สีลม,2026-04-21,2026-04,False,True,1,89,2026-04-22,2026-04-22,151,B02
C00800,หญิง,18-24,B01,สยาม,2026-06-30,2026-06,False,True,1,55,2026-08-31,2026-08-31,20,B01
C00801,ชาย,35-44,B03,อารีย์,2026-05-13,2026-05,False,True,4,630,2026-07-13,2026-08-02,49,B03
C00802,ชาย,18-24,B02,สีลม,2025-09-09,2025-09,False,True,6,964,2025-09-23,2026-08-01,50,B02
C00803,ชาย,35-44,B05,มหาวิทยาลัย,2026-01-16,2026-01,False,True,7,685,2026-01-23,2026-09-04,16,B05
C00804,หญิง,25-34,B05,มหาวิทยาลัย,2026-05-25,2026-05,False,True,8,994,2026-05-27,2026-08-11,40,B05
C00805,หญิง,25-34,B05,มหาวิทยาลัย,2026-01-15,2026-01,False,True,4,533,2026-02-03,2026-06-13,99,B05
C00806,หญิง,18-24,B01,สยาม,2026-04-08,2026-04,False,True,3,285,2026-04-20,2026-05-26,117,B01
C00807,ชาย,45-54,B01,สยาม,2025-05-17,2025-05,False,True,18,1964,2025-06-02,2026-09-07,13,B01
C00808,ชาย,25-34,B03,อารีย์,2026-05-17,2026-05,False,True,3,205,2026-05-23,2026-09-15,5,B03
C00809,ชาย,25-34,B02,สีลม,2025-07-06,2025-07,False,True,10,1196,2025-09-22,2026-09-17,3,B02
C00810,ไม่ระบุ,45-54,B04,บางนา,2026-02-16,2026-02,False,True,4,529,2026-03-13,2026-08-30,21,B04
C00811,หญิง,18-24,B03,อารีย์,2026-08-19,2026-08,False,True,1,60,2026-09-12,2026-09-12,8,B03
C00812,ชาย,45-54,B03,อารีย์,2026-01-15,2026-01,False,True,7,660,2026-01-21,2026-05-16,127,B03
C00813,ไม่ระบุ,18-24,B02,สีลม,2026-06-10,2026-06,False,True,3,305,2026-07-13,2026-08-02,49,B02
C00814,หญิง,45-54,B01,สยาม,2026-07-14,2026-07,False,True,1,75,2026-08-28,2026-08-28,23,B01
C00815,หญิง,18-24,B02,สีลม,2025-05-06,2025-05,False,True,10,1537,2025-05-14,2026-01-26,237,B02
C00816,หญิง,45-54,B01,สยาม,2026-02-24,2026-02,False,True,3,544,2026-04-04,2026-07-14,68,B01
C00817,ชาย,ต่ำกว่า 18,B05,มหาวิทยาลัย,2026-03-04,2026-03,True,True,5,619,2026-03-21,2026-07-30,52,B05
C00818,ชาย,25-34,B01,สยาม,2026-09-14,2026-09,False,False,0,0,,,,
C00819,หญิง,35-44,B02,สีลม,2026-02-19,2026-02,False,True,3,279,2026-02-25,2026-03-16,188,B02
C00820,ชาย,18-24,B02,สีลม,2026-03-11,2026-03,False,False,0,0,,,,
C00821,หญิง,18-24,B01,สยาม,2026-03-15,2026-03,False,True,2,250,2026-03-23,2026-04-06,167,B01
C00822,ชาย,25-34,B02,สีลม,2025-06-20,2025-06,False,True,10,2020,2025-08-11,2026-03-28,176,B02
C00823,หญิง,25-34,B04,บางนา,2025-06-29,2025-06,False,True,4,300,2025-07-09,2025-09-10,375,B04
C00824,ชาย,18-24,B02,สีลม,2026-03-08,2026-03,False,True,4,345,2026-07-06,2026-08-25,26,B02
C00825,หญิง,18-24,B02,สีลม,2025-04-03,2025-04,False,True,18,2232,2025-04-03,2026-08-24,27,B02
C00826,ชาย,25-34,B05,มหาวิทยาลัย,2025-06-29,2025-06,False,True,3,560,2025-07-03,2025-09-23,362,B05
C00827,หญิง,25-34,B02,สีลม,2025-08-06,2025-08,False,True,27,4032,2025-08-24,2026-09-18,2,B02
C00828,ชาย,35-44,B01,สยาม,2025-11-16,2025-11,False,True,16,2959,2025-11-17,2026-09-02,18,B01
C00829,ชาย,18-24,B03,อารีย์,2026-07-19,2026-07,False,False,0,0,,,,
C00830,หญิง,25-34,B05,มหาวิทยาลัย,2025-11-20,2025-11,False,True,5,609,2025-12-02,2026-08-05,46,B05
C00831,ชาย,35-44,B03,อารีย์,2026-07-21,2026-07,False,True,1,65,2026-08-30,2026-08-30,21,B03
C00832,หญิง,25-34,B01,สยาม,2025-07-03,2025-07,False,True,15,1949,2025-08-09,2026-06-14,98,B01
C00833,หญิง,35-44,B04,บางนา,2025-04-10,2025-04,False,True,23,2973,2025-04-12,2026-02-08,224,B04
C00834,หญิง,18-24,B03,อารีย์,2026-07-26,2026-07,False,True,7,745,2026-07-26,2026-09-03,17,B03
C00835,หญิง,35-44,B01,สยาม,2025-12-07,2025-12,False,True,1,145,2026-02-10,2026-02-10,222,B01
C00836,หญิง,18-24,B04,บางนา,2025-06-11,2025-06,False,True,11,1190,2025-06-20,2026-06-01,111,B04
C00837,ชาย,25-34,B04,บางนา,2026-04-25,2026-04,False,True,6,685,2026-05-30,2026-09-03,17,B04
C00838,หญิง,25-34,B05,มหาวิทยาลัย,2026-05-05,2026-05,False,True,2,120,2026-06-15,2026-06-28,84,B05
C00839,ชาย,18-24,B02,สีลม,2026-04-18,2026-04,False,True,3,380,2026-04-25,2026-08-19,32,B02
C00840,ชาย,18-24,B05,มหาวิทยาลัย,2026-01-03,2026-01,False,True,6,748,2026-01-06,2026-09-04,16,B05
C00841,ชาย,18-24,B03,อารีย์,2026-07-04,2026-07,False,False,0,0,,,,
C00842,หญิง,18-24,B04,บางนา,2026-04-15,2026-04,False,True,7,555,2026-05-23,2026-09-16,4,B04
C00843,หญิง,35-44,B05,มหาวิทยาลัย,2026-01-05,2026-01,False,True,2,210,2026-06-05,2026-07-02,80,B05
C00844,หญิง,18-24,B05,มหาวิทยาลัย,2025-12-13,2025-12,False,True,10,1024,2025-12-13,2026-09-01,19,B05
C00845,ชาย,25-34,B04,บางนา,2026-05-15,2026-05,False,True,2,239,2026-05-15,2026-07-30,52,B04
C00846,ชาย,45-54,B05,มหาวิทยาลัย,2025-06-18,2025-06,False,True,1,155,2025-07-04,2025-07-04,443,B05
C00847,หญิง,18-24,B01,สยาม,2025-10-21,2025-10,False,True,8,949,2025-12-01,2026-07-21,61,B01
C00848,หญิง,25-34,B02,สีลม,2026-02-22,2026-02,False,True,1,228,2026-06-08,2026-06-08,104,B02
C00849,ชาย,25-34,B03,อารีย์,2026-07-30,2026-07,False,False,0,0,,,,
C00850,หญิง,ต่ำกว่า 18,B04,บางนา,2026-02-09,2026-02,True,True,2,215,2026-03-12,2026-04-24,149,B04
C00851,ชาย,25-34,B02,สีลม,2025-08-22,2025-08,False,True,18,2329,2025-09-01,2026-06-28,84,B02
C00852,ไม่ระบุ,18-24,B05,มหาวิทยาลัย,2025-10-18,2025-10,False,True,18,2079,2025-10-29,2026-09-13,7,B05
C00853,หญิง,55+,B01,สยาม,2025-05-04,2025-05,False,True,21,2624,2025-05-04,2026-09-07,13,B01
C00854,หญิง,55+,B04,บางนา,2025-08-03,2025-08,False,True,3,335,2025-08-18,2025-11-17,307,B04
C00855,หญิง,25-34,B01,สยาม,2025-09-06,2025-09,False,True,6,930,2025-09-24,2026-01-14,249,B01
C00856,ชาย,25-34,B03,อารีย์,2026-01-17,2026-01,False,True,3,225,2026-01-20,2026-03-24,180,B03
C00857,ชาย,35-44,B05,มหาวิทยาลัย,2025-07-11,2025-07,False,True,12,1455,2025-09-13,2026-03-14,190,B05
C00858,ชาย,25-34,B02,สีลม,2025-05-07,2025-05,False,True,20,2299,2025-05-20,2026-08-25,26,B02
C00859,หญิง,55+,B03,อารีย์,2026-05-29,2026-05,False,False,0,0,,,,
C00860,หญิง,45-54,B05,มหาวิทยาลัย,2025-11-04,2025-11,False,True,2,165,2025-11-11,2025-11-19,305,B05
C00861,ชาย,45-54,B04,บางนา,2026-04-17,2026-04,False,True,1,299,2026-08-02,2026-08-02,49,B04
C00862,ชาย,25-34,B01,สยาม,2026-07-21,2026-07,False,True,2,415,2026-07-23,2026-08-24,27,B02
C00863,หญิง,25-34,B02,สีลม,2026-05-23,2026-05,False,True,6,834,2026-05-28,2026-09-11,9,B02
C00864,ชาย,18-24,B05,มหาวิทยาลัย,2026-02-21,2026-02,False,False,0,0,,,,
C00865,ชาย,45-54,B01,สยาม,2025-11-08,2025-11,False,True,6,735,2025-12-24,2026-07-22,60,B01
C00866,หญิง,25-34,B01,สยาม,2025-04-27,2025-04,False,True,23,3089,2025-04-27,2026-09-18,2,B01
C00867,ชาย,35-44,B05,มหาวิทยาลัย,2025-04-02,2025-04,False,True,10,1262,2025-04-18,2025-12-02,292,B05
C00868,หญิง,18-24,B05,มหาวิทยาลัย,2026-01-10,2026-01,False,True,6,805,2026-02-23,2026-08-31,20,B05
C00869,หญิง,45-54,B02,สีลม,2025-10-20,2025-10,False,True,13,1932,2026-01-02,2026-08-11,40,B02
C00870,หญิง,25-34,B01,สยาม,2026-09-09,2026-09,False,False,0,0,,,,
C00871,ชาย,25-34,B01,สยาม,2026-08-21,2026-08,False,True,1,75,2026-08-23,2026-08-23,28,B01
C00872,ชาย,25-34,B04,บางนา,2026-02-23,2026-02,False,True,4,684,2026-03-10,2026-06-18,94,B04
C00873,ชาย,ต่ำกว่า 18,B02,สีลม,2026-08-08,2026-08,True,False,0,0,,,,
C00874,หญิง,25-34,B01,สยาม,2025-08-30,2025-08,False,True,8,1299,2025-08-30,2025-11-23,301,B01
C00875,ชาย,25-34,B01,สยาม,2026-03-08,2026-03,False,True,2,130,2026-04-16,2026-08-01,50,B01
C00876,หญิง,25-34,B02,สีลม,2025-06-12,2025-06,False,True,7,760,2025-07-07,2026-02-19,213,B02
C00877,หญิง,35-44,B05,มหาวิทยาลัย,2025-09-25,2025-09,False,True,7,1113,2025-10-01,2026-04-27,146,B05
C00878,ชาย,25-34,B05,มหาวิทยาลัย,2026-03-21,2026-03,False,True,3,330,2026-04-18,2026-04-29,144,B05
C00879,หญิง,18-24,B03,อารีย์,2026-01-04,2026-01,False,True,12,1904,2026-01-10,2026-09-09,11,B03
C00880,หญิง,25-34,B04,บางนา,2025-06-02,2025-06,False,True,24,3177,2025-06-14,2026-09-04,16,B04
C00881,หญิง,25-34,B05,มหาวิทยาลัย,2026-06-11,2026-06,False,True,2,304,2026-07-04,2026-08-23,28,B05
C00882,ชาย,18-24,B03,อารีย์,2025-12-09,2025-12,False,True,11,1323,2026-01-29,2026-08-31,20,B03
C00883,ชาย,35-44,B02,สีลม,2025-10-04,2025-10,False,True,14,1974,2025-10-15,2026-09-19,1,B02
C00884,ชาย,45-54,B01,สยาม,2025-09-07,2025-09,False,True,5,460,2025-10-24,2026-08-13,38,B01
C00885,หญิง,35-44,B01,สยาม,2026-03-23,2026-03,False,True,3,320,2026-04-11,2026-05-10,133,B01
C00886,หญิง,35-44,B01,สยาม,2025-08-29,2025-08,False,True,4,520,2025-09-04,2025-10-17,338,B01
C00887,หญิง,25-34,B03,อารีย์,2026-04-26,2026-04,False,True,2,305,2026-06-09,2026-07-05,77,B03
C00888,หญิง,45-54,B04,บางนา,2026-08-26,2026-08,False,False,0,0,,,,
C00889,ชาย,55+,B03,อารีย์,2026-04-10,2026-04,False,True,14,1949,2026-04-25,2026-09-16,4,B03
C00890,หญิง,25-34,B04,บางนา,2026-03-20,2026-03,False,True,5,575,2026-03-24,2026-08-20,31,B04
C00891,หญิง,35-44,B05,มหาวิทยาลัย,2025-10-20,2025-10,False,True,4,649,2025-11-03,2026-02-16,216,B05
C00892,ชาย,18-24,B04,บางนา,2025-10-12,2025-10,False,True,11,1115,2025-11-24,2026-05-16,127,B04
C00893,หญิง,35-44,B05,มหาวิทยาลัย,2025-08-18,2025-08,False,False,0,0,,,,
C00894,ชาย,35-44,B03,อารีย์,2026-08-26,2026-08,False,True,1,90,2026-08-30,2026-08-30,21,B03
C00895,ชาย,35-44,B03,อารีย์,2026-06-17,2026-06,False,False,0,0,,,,
C00896,ชาย,55+,B01,สยาม,2026-06-23,2026-06,False,True,1,409,2026-09-04,2026-09-04,16,B01
C00897,ไม่ระบุ,45-54,B04,บางนา,2026-03-13,2026-03,False,True,3,260,2026-03-15,2026-07-26,56,B04
C00898,ชาย,18-24,B05,มหาวิทยาลัย,2026-08-31,2026-08,False,False,0,0,,,,
C00899,ชาย,25-34,B01,สยาม,2025-09-06,2025-09,False,True,2,340,2025-10-02,2025-10-10,345,B01
C00900,ชาย,25-34,B01,สยาม,2026-05-04,2026-05,False,True,1,85,2026-05-14,2026-05-14,129,B01
C00901,ชาย,18-24,B03,อารีย์,2026-08-17,2026-08,False,False,0,0,,,,
C00902,ชาย,45-54,B05,มหาวิทยาลัย,2025-05-26,2025-05,False,True,5,370,2025-06-18,2025-11-04,320,B05
C00903,หญิง,55+,B05,มหาวิทยาลัย,2026-02-16,2026-02,False,True,2,239,2026-03-21,2026-05-20,123,B05
C00904,หญิง,18-24,B05,มหาวิทยาลัย,2026-01-16,2026-01,False,True,4,490,2026-01-16,2026-02-18,214,B05
C00905,หญิง,18-24,B01,สยาม,2026-07-13,2026-07,False,True,1,230,2026-09-11,2026-09-11,9,B01
C00906,ชาย,55+,B02,สีลม,2025-10-30,2025-10,False,True,7,745,2025-11-10,2026-03-31,173,B02
C00907,หญิง,25-34,B01,สยาม,2025-08-19,2025-08,False,True,22,2344,2025-09-28,2026-09-10,10,B01
C00908,ชาย,18-24,B05,มหาวิทยาลัย,2026-05-09,2026-05,False,True,6,679,2026-06-06,2026-09-10,10,B05
C00909,หญิง,18-24,B03,อารีย์,2026-06-18,2026-06,False,True,1,60,2026-08-14,2026-08-14,37,B03
C00910,ไม่ระบุ,45-54,B01,สยาม,2025-04-09,2025-04,False,True,24,3511,2025-04-10,2026-07-19,63,B01
C00911,หญิง,18-24,B05,มหาวิทยาลัย,2025-10-18,2025-10,False,False,0,0,,,,
C00912,หญิง,35-44,B03,อารีย์,2026-06-20,2026-06,False,True,6,643,2026-06-30,2026-09-17,3,B03
C00913,ชาย,18-24,B05,มหาวิทยาลัย,2026-06-20,2026-06,False,True,3,399,2026-07-20,2026-07-30,52,B05
C00914,หญิง,18-24,B04,บางนา,2026-07-18,2026-07,False,False,0,0,,,,
C00915,หญิง,35-44,B01,สยาม,2025-06-15,2025-06,False,True,12,1299,2025-06-16,2026-09-06,14,B01
C00916,หญิง,35-44,B03,อารีย์,2026-08-18,2026-08,False,False,0,0,,,,
C00917,หญิง,18-24,B02,สีลม,2026-01-13,2026-01,False,True,1,75,2026-02-09,2026-02-09,223,B02
C00918,ชาย,18-24,B01,สยาม,2025-09-30,2025-09,False,True,2,395,2025-10-19,2025-10-31,324,B01
C00919,ชาย,18-24,B01,สยาม,2026-02-26,2026-02,False,True,7,794,2026-03-22,2026-09-01,19,B01
C00920,ชาย,25-34,B04,บางนา,2025-07-29,2025-07,False,True,16,2094,2025-08-24,2026-01-25,238,B04
C00921,หญิง,25-34,B05,มหาวิทยาลัย,2026-07-10,2026-07,False,False,0,0,,,,
C00922,หญิง,35-44,B05,มหาวิทยาลัย,2026-06-01,2026-06,False,True,1,60,2026-06-13,2026-06-13,99,B05
C00923,ชาย,18-24,B05,มหาวิทยาลัย,2025-08-22,2025-08,False,True,2,320,2025-09-01,2025-12-20,274,B01
C00924,ชาย,25-34,B04,บางนา,2026-05-20,2026-05,False,True,1,28,2026-06-06,2026-06-06,106,B04
C00925,ชาย,18-24,B01,สยาม,2025-09-18,2025-09,False,True,8,768,2025-10-11,2026-03-22,182,B01
C00926,ชาย,18-24,B03,อารีย์,2026-03-30,2026-03,False,True,2,390,2026-04-03,2026-07-02,80,B03
C00927,หญิง,ต่ำกว่า 18,B02,สีลม,2026-07-20,2026-07,True,True,2,185,2026-08-13,2026-09-18,2,B02
C00928,หญิง,ต่ำกว่า 18,B04,บางนา,2026-05-04,2026-05,True,True,5,980,2026-05-09,2026-09-18,2,B04
C00929,ชาย,25-34,B03,อารีย์,2026-07-31,2026-07,False,True,1,89,2026-09-16,2026-09-16,4,B03
C00930,หญิง,25-34,B01,สยาม,2026-04-12,2026-04,False,True,4,610,2026-04-13,2026-05-22,121,B01
C00931,หญิง,18-24,B03,อารีย์,2026-02-05,2026-02,False,True,6,589,2026-03-05,2026-06-15,97,B03
C00932,ชาย,55+,B01,สยาม,2025-04-30,2025-04,False,True,12,1863,2025-05-10,2026-06-26,86,B01
C00933,หญิง,45-54,B01,สยาม,2026-06-23,2026-06,False,False,0,0,,,,
C00934,ชาย,35-44,B02,สีลม,2026-07-20,2026-07,False,False,0,0,,,,
C00935,หญิง,18-24,B05,มหาวิทยาลัย,2025-11-18,2025-11,False,True,1,150,2026-08-24,2026-08-24,27,B02
C00936,ชาย,25-34,B01,สยาม,2025-09-22,2025-09,False,True,1,55,2025-10-12,2025-10-12,343,B01
C00937,หญิง,25-34,B05,มหาวิทยาลัย,2025-05-19,2025-05,False,True,9,1508,2025-05-21,2026-07-25,57,B05
C00938,ชาย,ต่ำกว่า 18,B05,มหาวิทยาลัย,2025-04-13,2025-04,True,True,16,2653,2025-04-17,2026-08-29,22,B05
C00939,หญิง,18-24,B05,มหาวิทยาลัย,2026-06-19,2026-06,False,True,2,150,2026-07-14,2026-08-17,34,B05
C00940,หญิง,18-24,B04,บางนา,2026-04-16,2026-04,False,True,1,239,2026-09-06,2026-09-06,14,B04
C00941,ชาย,18-24,B03,อารีย์,2026-08-28,2026-08,False,True,2,310,2026-09-02,2026-09-09,11,B03
C00942,ไม่ระบุ,25-34,B05,มหาวิทยาลัย,2026-07-06,2026-07,False,True,2,319,2026-08-13,2026-09-09,11,B05
C00943,ชาย,45-54,B05,มหาวิทยาลัย,2025-08-04,2025-08,False,True,4,520,2025-11-11,2026-08-14,37,B05
C00944,หญิง,25-34,B04,บางนา,2026-04-27,2026-04,False,True,3,230,2026-06-21,2026-08-21,30,B04
C00945,หญิง,35-44,B01,สยาม,2025-11-22,2025-11,False,True,8,1104,2025-11-26,2026-08-27,24,B01
C00946,หญิง,35-44,B02,สีลม,2026-09-07,2026-09,False,False,0,0,,,,
C00947,หญิง,25-34,B05,มหาวิทยาลัย,2025-06-14,2025-06,False,True,11,1485,2025-08-08,2026-09-12,8,B05
C00948,หญิง,25-34,B02,สีลม,2026-05-04,2026-05,False,True,3,275,2026-07-23,2026-09-18,2,B02
C00949,ชาย,25-34,B01,สยาม,2025-11-05,2025-11,False,True,2,190,2025-12-27,2026-02-07,225,B01
C00950,หญิง,35-44,B03,อารีย์,2026-03-06,2026-03,False,True,6,915,2026-03-20,2026-09-14,6,B03
C00951,หญิง,18-24,B01,สยาม,2026-08-14,2026-08,False,False,0,0,,,,
C00952,หญิง,ต่ำกว่า 18,B02,สีลม,2026-01-04,2026-01,True,True,1,145,2026-01-26,2026-01-26,237,B02
C00953,หญิง,25-34,B01,สยาม,2025-11-28,2025-11,False,True,2,85,2026-02-01,2026-02-23,209,B01
C00954,หญิง,55+,B03,อารีย์,2025-11-16,2025-11,False,True,11,1452,2025-11-30,2026-08-12,39,B03
C00955,หญิง,35-44,B02,สีลม,2025-07-24,2025-07,False,False,0,0,,,,
C00956,หญิง,25-34,B03,อารีย์,2026-07-20,2026-07,False,False,0,0,,,,
C00957,ชาย,45-54,B04,บางนา,2025-10-21,2025-10,False,True,5,584,2025-12-25,2026-05-08,135,B04
C00958,ไม่ระบุ,45-54,B01,สยาม,2025-11-07,2025-11,False,True,11,1247,2025-11-08,2026-08-07,44,B01
C00959,หญิง,25-34,B02,สีลม,2025-08-10,2025-08,False,True,4,410,2025-09-10,2026-03-05,199,B02
C00960,หญิง,25-34,B01,สยาม,2025-11-14,2025-11,False,True,7,954,2025-11-22,2026-08-18,33,B01
C00961,ชาย,18-24,B05,มหาวิทยาลัย,2025-10-30,2025-10,False,True,8,1467,2025-11-28,2026-06-18,94,B05
C00962,หญิง,35-44,B01,สยาม,2026-03-10,2026-03,False,True,3,280,2026-04-04,2026-07-27,55,B01
C00963,หญิง,18-24,B05,มหาวิทยาลัย,2025-05-18,2025-05,False,False,0,0,,,,
C00964,หญิง,18-24,B01,สยาม,2025-10-16,2025-10,False,True,12,1773,2025-11-05,2026-08-28,23,B01
C00965,ไม่ระบุ,25-34,B03,อารีย์,2026-05-29,2026-05,False,True,4,300,2026-05-30,2026-09-01,19,B03
C00966,ชาย,25-34,B04,บางนา,2026-02-12,2026-02,False,True,4,1050,2026-02-15,2026-08-29,22,B05
C00967,หญิง,55+,B01,สยาม,2025-06-11,2025-06,False,True,10,2108,2025-09-27,2026-09-11,9,B01
C00968,หญิง,18-24,B01,สยาม,2026-07-07,2026-07,False,True,2,230,2026-08-10,2026-08-15,36,B01
C00969,ชาย,25-34,B04,บางนา,2025-09-08,2025-09,False,True,6,690,2025-10-23,2026-08-25,26,B04
C00970,หญิง,25-34,B01,สยาม,2025-09-04,2025-09,False,False,0,0,,,,
C00971,หญิง,25-34,B01,สยาม,2026-07-28,2026-07,False,False,0,0,,,,
C00972,ชาย,25-34,B04,บางนา,2026-02-14,2026-02,False,False,0,0,,,,
C00973,ชาย,35-44,B01,สยาม,2026-06-04,2026-06,False,True,3,494,2026-06-04,2026-09-19,1,B01
C00974,หญิง,55+,B02,สีลม,2025-08-08,2025-08,False,True,6,657,2025-11-12,2026-03-01,203,B02
C00975,หญิง,25-34,B01,สยาม,2025-11-05,2025-11,False,True,9,1100,2025-11-21,2026-06-30,82,B01
C00976,หญิง,25-34,B02,สีลม,2026-02-20,2026-02,False,True,2,175,2026-06-03,2026-09-14,6,B02
C00977,ไม่ระบุ,18-24,B05,มหาวิทยาลัย,2026-01-19,2026-01,False,True,7,810,2026-02-10,2026-06-24,88,B05
C00978,หญิง,18-24,B02,สีลม,2026-08-02,2026-08,False,True,4,690,2026-08-04,2026-08-21,30,B02
C00979,หญิง,35-44,B02,สีลม,2026-05-24,2026-05,False,True,3,300,2026-06-25,2026-09-04,16,B02
C00980,ชาย,25-34,B02,สีลม,2025-10-27,2025-10,False,True,1,129,2025-12-03,2025-12-03,291,B02
C00981,ชาย,25-34,B02,สีลม,2025-09-02,2025-09,False,True,9,725,2025-09-02,2026-03-02,202,B02
C00982,ชาย,35-44,B02,สีลม,2025-04-14,2025-04,False,True,3,254,2025-04-26,2025-05-19,489,B02
C00983,หญิง,25-34,B05,มหาวิทยาลัย,2026-05-27,2026-05,False,True,1,215,2026-09-14,2026-09-14,6,B05
C00984,หญิง,25-34,B05,มหาวิทยาลัย,2025-07-30,2025-07,False,True,8,935,2025-08-02,2025-12-01,293,B05
C00985,หญิง,25-34,B05,มหาวิทยาลัย,2025-08-17,2025-08,False,True,18,2718,2025-08-28,2026-09-15,5,B05
C00986,ชาย,18-24,B04,บางนา,2026-01-11,2026-01,False,True,2,140,2026-02-11,2026-02-13,219,B04
C00987,หญิง,18-24,B01,สยาม,2025-05-22,2025-05,False,True,20,2379,2025-06-15,2026-01-27,236,B01
C00988,ชาย,45-54,B05,มหาวิทยาลัย,2025-10-08,2025-10,False,True,5,615,2025-10-31,2026-08-17,34,B05
C00989,ชาย,25-34,B02,สีลม,2026-04-03,2026-04,False,True,5,795,2026-04-03,2026-09-09,11,B02
C00990,ชาย,25-34,B05,มหาวิทยาลัย,2026-01-11,2026-01,False,True,6,1638,2026-01-24,2026-07-14,68,B05
C00991,หญิง,18-24,B01,สยาม,2025-07-17,2025-07,False,True,11,1175,2025-07-17,2026-01-31,232,B01
C00992,ชาย,18-24,B05,มหาวิทยาลัย,2026-03-07,2026-03,False,True,1,225,2026-04-01,2026-04-01,172,B02
C00993,ชาย,25-34,B01,สยาม,2025-10-10,2025-10,False,False,0,0,,,,
C00994,ชาย,35-44,B05,มหาวิทยาลัย,2025-06-14,2025-06,False,True,2,279,2025-07-16,2025-08-29,387,B05
C00995,หญิง,18-24,B05,มหาวิทยาลัย,2026-07-07,2026-07,False,True,2,225,2026-07-07,2026-08-21,30,B05
C00996,ชาย,35-44,B03,อารีย์,2026-01-18,2026-01,False,True,9,876,2026-02-17,2026-09-13,7,B03
C00997,ชาย,ต่ำกว่า 18,B04,บางนา,2025-06-01,2025-06,True,True,2,195,2025-06-02,2025-07-05,442,B04
C00998,หญิง,25-34,B01,สยาม,2026-01-16,2026-01,False,True,9,695,2026-02-19,2026-08-21,30,B01
C00999,หญิง,25-34,B02,สีลม,2026-05-24,2026-05,False,False,0,0,,,,
C01000,หญิง,ต่ำกว่า 18,B02,สีลม,2025-06-16,2025-06,True,True,7,490,2025-07-07,2025-12-01,293,B02
C01001,ชาย,45-54,B05,มหาวิทยาลัย,2026-03-09,2026-03,False,True,1,65,2026-04-27,2026-04-27,146,B01
C01002,หญิง,25-34,B04,บางนา,2026-04-20,2026-04,False,True,1,165,2026-04-25,2026-04-25,148,B04
C01003,ชาย,55+,B01,สยาม,2026-05-04,2026-05,False,True,2,135,2026-06-02,2026-06-21,91,B01
C01004,ชาย,ต่ำกว่า 18,B03,อารีย์,2026-04-14,2026-04,True,True,2,154,2026-07-20,2026-08-05,46,B03
C01005,ชาย,35-44,B01,สยาม,2025-12-22,2025-12,False,True,12,1514,2026-01-28,2026-08-17,34,B01
C01006,หญิง,55+,B05,มหาวิทยาลัย,2026-03-11,2026-03,False,False,0,0,,,,
C01007,ไม่ระบุ,25-34,B02,สีลม,2025-05-09,2025-05,False,True,3,195,2025-05-23,2025-06-18,459,B02
C01008,หญิง,25-34,B05,มหาวิทยาลัย,2025-06-24,2025-06,False,True,8,1638,2025-07-28,2025-11-06,318,B05
C01009,ชาย,25-34,B03,อารีย์,2026-07-07,2026-07,False,False,0,0,,,,
C01010,หญิง,18-24,B04,บางนา,2026-08-12,2026-08,False,False,0,0,,,,
C01011,ชาย,35-44,B05,มหาวิทยาลัย,2025-07-18,2025-07,False,True,5,604,2025-12-23,2026-08-21,30,B05
C01012,หญิง,35-44,B02,สีลม,2026-09-02,2026-09,False,False,0,0,,,,
C01013,หญิง,45-54,B01,สยาม,2025-07-25,2025-07,False,True,20,2218,2025-09-06,2026-08-16,35,B01
C01014,ชาย,35-44,B01,สยาม,2026-03-15,2026-03,False,True,6,670,2026-03-17,2026-09-17,3,B01
C01015,หญิง,18-24,B05,มหาวิทยาลัย,2025-11-19,2025-11,False,True,9,1160,2025-12-01,2026-08-19,32,B05
C01016,หญิง,18-24,B01,สยาม,2025-10-13,2025-10,False,True,4,505,2025-11-09,2025-12-11,283,B01
C01017,ชาย,25-34,B01,สยาม,2026-06-29,2026-06,False,False,0,0,,,,
C01018,หญิง,35-44,B01,สยาม,2026-04-17,2026-04,False,False,0,0,,,,
C01019,ชาย,18-24,B05,มหาวิทยาลัย,2025-09-06,2025-09,False,True,4,435,2025-11-30,2026-08-16,35,B05
C01020,ชาย,35-44,B02,สีลม,2025-09-23,2025-09,False,True,1,95,2025-12-06,2025-12-06,288,B02
C01021,หญิง,25-34,B01,สยาม,2026-04-14,2026-04,False,True,9,825,2026-04-14,2026-07-16,66,B01
C01022,ชาย,25-34,B01,สยาม,2026-03-16,2026-03,False,True,3,255,2026-03-22,2026-08-22,29,B01
C01023,หญิง,25-34,B05,มหาวิทยาลัย,2026-05-15,2026-05,False,True,9,1130,2026-05-20,2026-08-25,26,B05
C01024,หญิง,45-54,B04,บางนา,2025-11-11,2025-11,False,True,10,1499,2025-12-21,2026-09-12,8,B04
C01025,หญิง,55+,B02,สีลม,2025-11-08,2025-11,False,True,3,375,2025-11-24,2026-05-15,128,B02
C01026,หญิง,18-24,B01,สยาม,2026-03-07,2026-03,False,True,4,765,2026-03-13,2026-08-09,42,B01
C01027,ชาย,45-54,B01,สยาม,2025-07-24,2025-07,False,True,2,265,2025-08-21,2025-09-13,372,B01
C01028,หญิง,55+,B02,สีลม,2026-07-25,2026-07,False,False,0,0,,,,
C01029,ไม่ระบุ,18-24,B05,มหาวิทยาลัย,2025-12-27,2025-12,False,False,0,0,,,,
C01030,ชาย,18-24,B01,สยาม,2025-08-15,2025-08,False,True,21,3212,2025-09-10,2026-08-23,28,B01
C01031,หญิง,18-24,B02,สีลม,2026-02-05,2026-02,False,True,2,180,2026-03-02,2026-03-24,180,B02
C01032,ชาย,25-34,B03,อารีย์,2026-04-18,2026-04,False,True,2,205,2026-05-17,2026-08-02,49,B03
C01033,หญิง,25-34,B03,อารีย์,2026-02-26,2026-02,False,True,6,525,2026-04-26,2026-09-14,6,B03
C01034,ชาย,25-34,B02,สีลม,2025-09-14,2025-09,False,True,12,1787,2025-10-04,2026-07-22,60,B02
C01035,ชาย,18-24,B03,อารีย์,2026-04-16,2026-04,False,True,1,530,2026-05-14,2026-05-14,129,B03
C01036,ชาย,18-24,B05,มหาวิทยาลัย,2026-07-24,2026-07,False,True,1,180,2026-08-02,2026-08-02,49,B05
C01037,หญิง,ต่ำกว่า 18,B04,บางนา,2025-04-03,2025-04,True,True,28,4272,2025-04-24,2026-08-27,24,B04
C01038,หญิง,35-44,B04,บางนา,2026-08-19,2026-08,False,False,0,0,,,,
C01039,ชาย,25-34,B05,มหาวิทยาลัย,2026-09-08,2026-09,False,False,0,0,,,,
C01040,หญิง,18-24,B01,สยาม,2025-09-21,2025-09,False,True,15,1843,2025-10-11,2026-09-14,6,B01
C01041,ชาย,25-34,B01,สยาม,2026-01-03,2026-01,False,True,18,3151,2026-01-04,2026-09-10,10,B01
C01042,ชาย,18-24,B01,สยาม,2026-04-25,2026-04,False,True,6,555,2026-04-26,2026-09-16,4,B01
C01043,ชาย,35-44,B01,สยาม,2025-11-02,2025-11,False,True,4,364,2025-12-01,2026-01-08,255,B01
C01044,ชาย,25-34,B04,บางนา,2025-08-07,2025-08,False,True,23,2791,2025-08-19,2026-07-15,67,B04
C01045,ชาย,25-34,B05,มหาวิทยาลัย,2026-06-20,2026-06,False,True,1,65,2026-09-09,2026-09-09,11,B05
C01046,หญิง,25-34,B02,สีลม,2025-12-24,2025-12,False,True,5,840,2026-02-02,2026-05-17,126,B02
C01047,ชาย,35-44,B05,มหาวิทยาลัย,2025-08-24,2025-08,False,True,12,1688,2025-09-12,2026-08-22,29,B05
C01048,หญิง,45-54,B05,มหาวิทยาลัย,2026-03-20,2026-03,False,True,3,569,2026-04-29,2026-08-14,37,B05
C01049,ชาย,25-34,B01,สยาม,2025-07-05,2025-07,False,True,16,2113,2025-07-13,2026-03-19,185,B01
C01050,ชาย,35-44,B01,สยาม,2026-04-20,2026-04,False,True,1,60,2026-06-18,2026-06-18,94,B01
C01051,หญิง,25-34,B01,สยาม,2025-10-22,2025-10,False,True,14,1569,2025-10-24,2026-06-27,85,B01
C01052,หญิง,18-24,B05,มหาวิทยาลัย,2026-08-12,2026-08,False,False,0,0,,,,
C01053,ชาย,18-24,B02,สีลม,2025-08-29,2025-08,False,True,18,1994,2025-11-07,2026-07-17,65,B02
C01054,ชาย,35-44,B02,สีลม,2025-12-24,2025-12,False,True,11,1958,2026-01-29,2026-09-20,0,B02
C01055,หญิง,45-54,B01,สยาม,2026-04-24,2026-04,False,True,1,65,2026-05-16,2026-05-16,127,B04
C01056,หญิง,25-34,B02,สีลม,2025-11-21,2025-11,False,True,1,335,2025-12-19,2025-12-19,275,B02
C01057,ชาย,25-34,B02,สีลม,2025-10-23,2025-10,False,True,6,1020,2026-01-07,2026-07-09,73,B02
C01058,ชาย,25-34,B01,สยาม,2026-03-12,2026-03,False,True,3,443,2026-03-28,2026-06-16,96,B01
C01059,หญิง,18-24,B03,อารีย์,2026-06-06,2026-06,False,True,4,220,2026-06-11,2026-07-16,66,B03
C01060,หญิง,45-54,B04,บางนา,2025-11-16,2025-11,False,True,9,1099,2025-11-16,2026-04-18,155,B04
C01061,ชาย,25-34,B05,มหาวิทยาลัย,2026-04-03,2026-04,False,True,3,300,2026-04-08,2026-08-29,22,B05
C01062,ชาย,35-44,B01,สยาม,2026-08-09,2026-08,False,True,1,50,2026-08-28,2026-08-28,23,B01
C01063,ชาย,25-34,B02,สีลม,2025-11-25,2025-11,False,True,11,1499,2026-02-10,2026-09-18,2,B02
C01064,ชาย,25-34,B02,สีลม,2026-06-03,2026-06,False,True,3,379,2026-06-06,2026-08-12,39,B02
C01065,ชาย,35-44,B05,มหาวิทยาลัย,2025-09-04,2025-09,False,True,19,3114,2025-09-06,2026-09-02,18,B05
C01066,ชาย,55+,B01,สยาม,2025-12-03,2025-12,False,True,14,1919,2025-12-18,2026-09-15,5,B01
C01067,หญิง,35-44,B02,สีลม,2026-05-29,2026-05,False,True,1,65,2026-07-30,2026-07-30,52,B03
C01068,หญิง,35-44,B03,อารีย์,2026-05-09,2026-05,False,True,5,505,2026-05-18,2026-09-11,9,B03
C01069,หญิง,35-44,B01,สยาม,2025-06-14,2025-06,False,True,3,410,2025-06-17,2025-07-15,432,B01
C01070,ชาย,25-34,B05,มหาวิทยาลัย,2025-07-05,2025-07,False,True,2,140,2025-07-11,2025-08-18,398,B05
C01071,หญิง,45-54,B02,สีลม,2025-04-06,2025-04,False,True,5,605,2025-04-23,2025-08-11,405,B02
C01072,ชาย,18-24,B03,อารีย์,2026-05-14,2026-05,False,True,9,1777,2026-05-14,2026-09-12,8,B03
C01073,หญิง,25-34,B02,สีลม,2025-04-05,2025-04,False,True,6,699,2025-04-22,2025-07-29,418,B02
C01074,ชาย,45-54,B01,สยาม,2026-08-07,2026-08,False,True,2,255,2026-08-27,2026-08-30,21,B01
C01075,หญิง,18-24,B04,บางนา,2026-08-30,2026-08,False,False,0,0,,,,
C01076,หญิง,18-24,B04,บางนา,2026-05-16,2026-05,False,True,2,130,2026-07-31,2026-08-07,44,B04
C01077,หญิง,25-34,B05,มหาวิทยาลัย,2025-05-30,2025-05,False,True,8,1153,2025-06-15,2026-01-09,254,B05
C01078,หญิง,45-54,B02,สีลม,2026-01-29,2026-01,False,True,11,1210,2026-02-01,2026-09-09,11,B02
C01079,หญิง,25-34,B04,บางนา,2026-07-16,2026-07,False,False,0,0,,,,
C01080,หญิง,25-34,B04,บางนา,2026-08-15,2026-08,False,True,4,585,2026-08-19,2026-09-09,11,B04
C01081,ไม่ระบุ,18-24,B04,บางนา,2025-09-07,2025-09,False,True,18,2594,2025-09-12,2026-07-26,56,B04
C01082,หญิง,55+,B05,มหาวิทยาลัย,2026-02-27,2026-02,False,True,5,506,2026-03-03,2026-07-21,61,B05
C01083,หญิง,35-44,B01,สยาม,2025-09-22,2025-09,False,True,8,1084,2025-10-16,2026-09-02,18,B01
C01084,หญิง,25-34,B04,บางนา,2026-06-01,2026-06,False,True,1,85,2026-06-25,2026-06-25,87,B04
C01085,หญิง,35-44,B01,สยาม,2026-01-12,2026-01,False,True,2,325,2026-05-08,2026-06-27,85,B01
C01086,ชาย,25-34,B03,อารีย์,2026-08-22,2026-08,False,True,1,185,2026-09-08,2026-09-08,12,B03
C01087,หญิง,35-44,B01,สยาม,2025-12-25,2025-12,False,True,2,280,2026-01-29,2026-03-14,190,B01
C01088,หญิง,25-34,B02,สีลม,2025-07-21,2025-07,False,True,9,1475,2025-08-14,2026-06-26,86,B02
C01089,หญิง,45-54,B03,อารีย์,2026-04-06,2026-04,False,True,10,802,2026-04-14,2026-08-23,28,B03
C01090,ชาย,18-24,B02,สีลม,2026-05-07,2026-05,False,True,5,510,2026-05-22,2026-08-14,37,B02
C01091,ชาย,18-24,B01,สยาม,2025-04-29,2025-04,False,True,9,1244,2025-05-02,2025-09-03,382,B01
C01092,หญิง,45-54,B02,สีลม,2026-02-16,2026-02,False,False,0,0,,,,
C01093,หญิง,25-34,B05,มหาวิทยาลัย,2026-02-18,2026-02,False,True,2,325,2026-08-04,2026-09-14,6,B05
C01094,หญิง,18-24,B01,สยาม,2026-07-21,2026-07,False,False,0,0,,,,
C01095,หญิง,18-24,B04,บางนา,2025-11-13,2025-11,False,True,13,1540,2025-11-20,2026-08-30,21,B04
C01096,หญิง,35-44,B02,สีลม,2026-07-12,2026-07,False,True,2,190,2026-07-30,2026-08-14,37,B02
C01097,ชาย,45-54,B01,สยาม,2026-04-06,2026-04,False,True,3,450,2026-04-16,2026-07-02,80,B01
C01098,หญิง,35-44,B03,อารีย์,2026-08-12,2026-08,False,False,0,0,,,,
C01099,ชาย,35-44,B01,สยาม,2025-10-27,2025-10,False,True,3,355,2025-11-01,2025-11-25,299,B01
C01100,หญิง,45-54,B05,มหาวิทยาลัย,2025-04-02,2025-04,False,True,5,669,2025-04-25,2025-08-17,399,B05
C01101,หญิง,ต่ำกว่า 18,B01,สยาม,2025-04-15,2025-04,True,True,16,1943,2025-04-17,2026-08-08,43,B01
C01102,ชาย,25-34,B03,อารีย์,2025-12-23,2025-12,False,True,15,1455,2026-01-16,2026-09-14,6,B03
C01103,หญิง,35-44,B02,สีลม,2026-05-22,2026-05,False,True,2,164,2026-07-29,2026-08-02,49,B01
C01104,ชาย,45-54,B04,บางนา,2026-05-09,2026-05,False,True,4,675,2026-05-21,2026-07-04,78,B04
C01105,ชาย,35-44,B01,สยาม,2026-08-02,2026-08,False,True,3,420,2026-08-12,2026-09-18,2,B01
C01106,ชาย,25-34,B05,มหาวิทยาลัย,2025-05-16,2025-05,False,False,0,0,,,,
C01107,หญิง,35-44,B01,สยาม,2026-07-05,2026-07,False,False,0,0,,,,
C01108,หญิง,35-44,B04,บางนา,2026-06-14,2026-06,False,True,1,60,2026-06-17,2026-06-17,95,B04
C01109,ชาย,18-24,B02,สีลม,2026-07-02,2026-07,False,False,0,0,,,,
C01110,หญิง,18-24,B03,อารีย์,2025-11-06,2025-11,False,True,3,565,2025-11-30,2025-12-31,263,B03
C01111,ชาย,25-34,B05,มหาวิทยาลัย,2026-06-22,2026-06,False,False,0,0,,,,
C01112,ชาย,45-54,B01,สยาม,2025-12-14,2025-12,False,True,19,1697,2025-12-20,2026-08-22,29,B01
C01113,หญิง,25-34,B01,สยาม,2026-07-04,2026-07,False,True,8,979,2026-07-17,2026-09-07,13,B01
C01114,ชาย,25-34,B05,มหาวิทยาลัย,2026-06-04,2026-06,False,True,2,164,2026-06-12,2026-07-08,74,B05
C01115,ชาย,25-34,B01,สยาม,2026-07-04,2026-07,False,True,1,65,2026-09-16,2026-09-16,4,B01
C01116,หญิง,35-44,B04,บางนา,2026-07-11,2026-07,False,True,1,165,2026-08-11,2026-08-11,40,B04
C01117,หญิง,18-24,B03,อารีย์,2026-01-13,2026-01,False,True,7,978,2026-01-19,2026-06-07,105,B03
C01118,หญิง,18-24,B04,บางนา,2025-10-28,2025-10,False,True,9,1259,2025-11-09,2026-08-01,50,B04
C01119,หญิง,45-54,B01,สยาม,2026-07-25,2026-07,False,False,0,0,,,,
C01120,ชาย,18-24,B05,มหาวิทยาลัย,2026-09-07,2026-09,False,False,0,0,,,,
C01121,ชาย,55+,B05,มหาวิทยาลัย,2025-12-07,2025-12,False,True,3,260,2025-12-08,2026-03-28,176,B05
C01122,หญิง,18-24,B02,สีลม,2026-02-14,2026-02,False,True,3,205,2026-02-24,2026-03-12,192,B02
C01123,ชาย,18-24,B01,สยาม,2025-11-17,2025-11,False,True,7,526,2026-03-30,2026-06-15,97,B01
C01124,หญิง,25-34,B01,สยาม,2026-08-09,2026-08,False,False,0,0,,,,
C01125,หญิง,18-24,B01,สยาม,2025-11-18,2025-11,False,True,5,1300,2026-01-19,2026-06-02,110,B01
C01126,หญิง,35-44,B01,สยาม,2025-10-16,2025-10,False,True,2,315,2025-10-22,2025-11-14,310,B01
C01127,หญิง,35-44,B05,มหาวิทยาลัย,2025-09-15,2025-09,False,True,4,625,2025-09-15,2025-12-07,287,B04
C01128,ชาย,18-24,B04,บางนา,2025-10-30,2025-10,False,False,0,0,,,,
C01129,ชาย,18-24,B03,อารีย์,2026-08-10,2026-08,False,True,1,195,2026-09-07,2026-09-07,13,B03
C01130,หญิง,35-44,B02,สีลม,2025-09-07,2025-09,False,True,13,2227,2025-09-09,2026-05-18,125,B02
C01131,ชาย,45-54,B01,สยาม,2026-08-21,2026-08,False,True,1,65,2026-09-08,2026-09-08,12,B01
C01132,ชาย,25-34,B04,บางนา,2026-04-03,2026-04,False,True,8,796,2026-04-24,2026-09-19,1,B04
C01133,ชาย,35-44,B02,สีลม,2025-12-18,2025-12,False,True,6,595,2025-12-30,2026-05-18,125,B02
C01134,ชาย,25-34,B02,สีลม,2025-05-18,2025-05,False,True,37,5196,2025-05-26,2026-07-24,58,B02
C01135,ไม่ระบุ,18-24,B02,สีลม,2026-04-10,2026-04,False,True,4,425,2026-05-03,2026-09-11,9,B02
C01136,หญิง,ต่ำกว่า 18,B04,บางนา,2025-11-10,2025-11,True,True,3,353,2025-11-10,2025-12-28,266,B04
C01137,ชาย,35-44,B02,สีลม,2025-10-03,2025-10,False,True,2,383,2025-10-30,2025-11-08,316,B04
C01138,ชาย,45-54,B02,สีลม,2026-06-23,2026-06,False,True,4,395,2026-07-04,2026-09-04,16,B02
C01139,หญิง,25-34,B02,สีลม,2025-10-01,2025-10,False,True,15,1674,2025-10-29,2026-07-31,51,B02
C01140,หญิง,25-34,B01,สยาม,2025-08-28,2025-08,False,True,18,2250,2025-08-31,2026-09-19,1,B01
C01141,หญิง,25-34,B05,มหาวิทยาลัย,2025-12-31,2025-12,False,True,4,515,2026-01-16,2026-04-22,151,B05
C01142,ชาย,18-24,B04,บางนา,2025-11-06,2025-11,False,True,1,60,2025-11-10,2025-11-10,314,B04
C01143,ชาย,25-34,B05,มหาวิทยาลัย,2026-01-08,2026-01,False,True,2,229,2026-01-22,2026-03-15,189,B05
C01144,หญิง,25-34,B01,สยาม,2025-11-03,2025-11,False,True,9,1219,2025-11-06,2026-09-08,12,B01
C01145,ชาย,18-24,B03,อารีย์,2025-11-24,2025-11,False,True,19,2793,2025-11-24,2026-08-27,24,B03
C01146,ชาย,25-34,B01,สยาม,2025-06-03,2025-06,False,False,0,0,,,,
C01147,หญิง,25-34,B01,สยาม,2026-05-25,2026-05,False,True,1,255,2026-07-06,2026-07-06,76,B01
C01148,หญิง,ต่ำกว่า 18,B01,สยาม,2025-08-06,2025-08,True,True,29,4017,2025-10-04,2026-09-07,13,B01
C01149,หญิง,55+,B02,สีลม,2025-06-18,2025-06,False,True,6,750,2025-07-18,2026-04-05,168,B02
C01150,ชาย,25-34,B05,มหาวิทยาลัย,2026-09-03,2026-09,False,True,1,60,2026-09-08,2026-09-08,12,B05
C01151,หญิง,25-34,B04,บางนา,2025-05-25,2025-05,False,True,12,1491,2025-06-01,2025-11-29,295,B04
C01152,ชาย,25-34,B02,สีลม,2025-10-11,2025-10,False,True,17,1756,2025-10-14,2026-05-20,123,B02
C01153,ชาย,18-24,B03,อารีย์,2026-05-01,2026-05,False,True,6,655,2026-05-09,2026-07-05,77,B03
C01154,ไม่ระบุ,25-34,B05,มหาวิทยาลัย,2025-07-01,2025-07,False,True,9,1040,2025-07-31,2026-08-21,30,B05
C01155,ชาย,25-34,B01,สยาม,2026-06-12,2026-06,False,True,7,1250,2026-07-12,2026-09-04,16,B01
C01156,หญิง,25-34,B02,สีลม,2025-06-30,2025-06,False,True,10,1793,2025-07-31,2026-04-03,170,B02
C01157,หญิง,25-34,B05,มหาวิทยาลัย,2026-05-27,2026-05,False,True,2,348,2026-08-16,2026-09-10,10,B05
C01158,ชาย,25-34,B02,สีลม,2026-03-04,2026-03,False,False,0,0,,,,
C01159,หญิง,25-34,B02,สีลม,2025-09-08,2025-09,False,True,14,1547,2025-09-16,2026-04-10,163,B02
C01160,หญิง,45-54,B01,สยาม,2025-11-13,2025-11,False,False,0,0,,,,
C01161,หญิง,25-34,B03,อารีย์,2026-01-16,2026-01,False,True,1,75,2026-01-24,2026-01-24,239,B03
C01162,หญิง,35-44,B04,บางนา,2025-04-18,2025-04,False,True,32,4652,2025-05-02,2026-08-23,28,B04
C01163,หญิง,25-34,B01,สยาม,2025-04-08,2025-04,False,True,22,3050,2025-04-21,2026-04-17,156,B01
C01164,หญิง,25-34,B01,สยาม,2026-03-24,2026-03,False,False,0,0,,,,
C01165,หญิง,35-44,B05,มหาวิทยาลัย,2026-04-16,2026-04,False,True,7,934,2026-04-22,2026-08-19,32,B05
C01166,ชาย,25-34,B04,บางนา,2026-02-27,2026-02,False,True,2,300,2026-04-01,2026-07-30,52,B03
C01167,หญิง,45-54,B01,สยาม,2026-08-05,2026-08,False,True,1,85,2026-09-12,2026-09-12,8,B01
C01168,ชาย,35-44,B05,มหาวิทยาลัย,2026-08-04,2026-08,False,False,0,0,,,,
C01169,หญิง,45-54,B02,สีลม,2026-04-09,2026-04,False,True,6,907,2026-04-27,2026-09-08,12,B02
C01170,ชาย,35-44,B02,สีลม,2025-09-22,2025-09,False,True,3,315,2025-10-02,2026-03-01,203,B02
C01171,หญิง,35-44,B04,บางนา,2025-04-07,2025-04,False,True,17,2098,2025-04-07,2026-06-21,91,B04
C01172,ชาย,25-34,B05,มหาวิทยาลัย,2026-03-31,2026-03,False,True,6,795,2026-04-29,2026-07-31,51,B05
C01173,ชาย,35-44,B03,อารีย์,2026-04-29,2026-04,False,True,3,314,2026-05-31,2026-06-28,84,B03
C01174,หญิง,45-54,B04,บางนา,2025-04-26,2025-04,False,True,30,3368,2025-04-27,2026-09-13,7,B04
C01175,ชาย,25-34,B03,อารีย์,2026-03-09,2026-03,False,True,5,715,2026-03-20,2026-09-16,4,B03
C01176,หญิง,18-24,B03,อารีย์,2026-04-25,2026-04,False,True,8,1129,2026-05-14,2026-09-18,2,B03
C01177,ชาย,ต่ำกว่า 18,B05,มหาวิทยาลัย,2025-10-02,2025-10,True,True,1,65,2025-10-30,2025-10-30,325,B05
C01178,หญิง,18-24,B01,สยาม,2026-06-24,2026-06,False,False,0,0,,,,
C01179,หญิง,25-34,B05,มหาวิทยาลัย,2025-07-18,2025-07,False,True,8,1427,2025-08-20,2026-09-01,19,B05
C01180,หญิง,18-24,B02,สีลม,2025-06-08,2025-06,False,True,19,2406,2025-06-09,2026-08-27,24,B02
C01181,หญิง,18-24,B05,มหาวิทยาลัย,2025-10-31,2025-10,False,True,4,918,2026-03-02,2026-08-25,26,B05
C01182,ชาย,25-34,B05,มหาวิทยาลัย,2026-08-30,2026-08,False,False,0,0,,,,
C01183,หญิง,18-24,B04,บางนา,2025-04-12,2025-04,False,True,28,4259,2025-04-23,2026-08-16,35,B04
C01184,หญิง,25-34,B01,สยาม,2025-12-26,2025-12,False,True,3,335,2026-04-15,2026-07-25,57,B01
C01185,ชาย,45-54,B05,มหาวิทยาลัย,2025-08-11,2025-08,False,True,1,50,2025-08-27,2025-08-27,389,B05
C01186,หญิง,18-24,B03,อารีย์,2025-12-10,2025-12,False,True,16,2047,2025-12-14,2026-08-16,35,B03
C01187,ไม่ระบุ,ต่ำกว่า 18,B01,สยาม,2026-01-25,2026-01,True,False,0,0,,,,
C01188,ชาย,35-44,B01,สยาม,2026-01-20,2026-01,False,True,3,260,2026-03-02,2026-09-14,6,B01
C01189,ชาย,ต่ำกว่า 18,B05,มหาวิทยาลัย,2025-11-18,2025-11,True,True,1,110,2026-01-12,2026-01-12,251,B05
C01190,หญิง,35-44,B05,มหาวิทยาลัย,2025-08-01,2025-08,False,True,6,909,2025-09-11,2026-07-18,64,B05
C01191,หญิง,25-34,B01,สยาม,2025-09-19,2025-09,False,True,3,470,2026-01-11,2026-06-14,98,B01
C01192,หญิง,18-24,B05,มหาวิทยาลัย,2026-04-05,2026-04,False,True,3,454,2026-05-05,2026-07-03,79,B03
C01193,ชาย,35-44,B01,สยาม,2026-04-06,2026-04,False,True,3,310,2026-04-07,2026-08-16,35,B01
C01194,หญิง,35-44,B05,มหาวิทยาลัย,2025-08-05,2025-08,False,True,11,1315,2025-09-17,2026-08-19,32,B05
C01195,หญิง,25-34,B02,สีลม,2026-02-04,2026-02,False,True,1,85,2026-02-26,2026-02-26,206,B02
C01196,ชาย,55+,B05,มหาวิทยาลัย,2026-08-26,2026-08,False,True,2,235,2026-09-02,2026-09-04,16,B05
C01197,หญิง,18-24,B01,สยาม,2025-04-28,2025-04,False,True,20,2861,2025-05-17,2026-08-19,32,B01
C01198,หญิง,35-44,B05,มหาวิทยาลัย,2026-05-18,2026-05,False,True,5,858,2026-06-09,2026-09-10,10,B05
C01199,หญิง,35-44,B04,บางนา,2026-05-11,2026-05,False,False,0,0,,,,
C01200,หญิง,18-24,B02,สีลม,2026-07-01,2026-07,False,True,2,215,2026-08-18,2026-09-16,4,B02
C01201,หญิง,35-44,B03,อารีย์,2026-02-12,2026-02,False,True,6,789,2026-02-28,2026-08-26,25,B03
C01202,หญิง,25-34,B05,มหาวิทยาลัย,2026-01-22,2026-01,False,True,2,239,2026-02-26,2026-03-30,174,B05
C01203,ไม่ระบุ,18-24,B02,สีลม,2025-10-20,2025-10,False,True,18,1968,2025-10-24,2026-08-01,50,B02
C01204,ชาย,45-54,B05,มหาวิทยาลัย,2026-08-01,2026-08,False,True,1,95,2026-08-05,2026-08-05,46,B05
C01205,หญิง,25-34,B04,บางนา,2025-05-11,2025-05,False,True,10,929,2025-05-29,2026-09-04,16,B04
C01206,ชาย,25-34,B01,สยาม,2025-06-10,2025-06,False,True,9,774,2025-07-23,2026-02-18,214,B01
C01207,หญิง,35-44,B03,อารีย์,2025-12-23,2025-12,False,True,8,988,2026-01-24,2026-05-12,131,B03
C01208,ชาย,25-34,B04,บางนา,2025-07-29,2025-07,False,True,9,750,2025-08-20,2026-08-05,46,B04
C01209,หญิง,35-44,B03,อารีย์,2025-11-27,2025-11,False,True,9,1504,2025-12-12,2026-02-09,223,B03
C01210,ชาย,45-54,B05,มหาวิทยาลัย,2025-08-26,2025-08,False,True,2,144,2025-09-29,2025-10-05,350,B05
C01211,ชาย,45-54,B02,สีลม,2025-11-14,2025-11,False,False,0,0,,,,
C01212,ไม่ระบุ,18-24,B04,บางนา,2026-04-02,2026-04,False,True,3,195,2026-05-04,2026-08-06,45,B04
C01213,หญิง,25-34,B05,มหาวิทยาลัย,2026-01-29,2026-01,False,True,6,893,2026-01-31,2026-08-25,26,B05
C01214,หญิง,25-34,B01,สยาม,2025-07-30,2025-07,False,True,1,310,2025-08-17,2025-08-17,399,B01
C01215,หญิง,25-34,B01,สยาม,2026-01-30,2026-01,False,True,19,2250,2026-02-12,2026-09-20,0,B01
C01216,หญิง,18-24,B03,อารีย์,2026-03-07,2026-03,False,True,4,355,2026-03-08,2026-07-07,75,B03
C01217,หญิง,18-24,B05,มหาวิทยาลัย,2026-08-09,2026-08,False,True,2,510,2026-08-10,2026-08-27,24,B05
C01218,หญิง,35-44,B01,สยาม,2026-03-04,2026-03,False,True,16,1548,2026-03-22,2026-08-22,29,B01
C01219,ชาย,35-44,B05,มหาวิทยาลัย,2025-10-21,2025-10,False,True,7,890,2025-11-20,2026-07-16,66,B05
C01220,หญิง,18-24,B04,บางนา,2025-05-21,2025-05,False,True,19,2747,2025-05-21,2026-07-24,58,B04
C01221,หญิง,35-44,B04,บางนา,2026-01-15,2026-01,False,True,19,2734,2026-01-24,2026-08-17,34,B04
C01222,ชาย,25-34,B05,มหาวิทยาลัย,2025-09-15,2025-09,False,True,6,1384,2025-10-28,2026-09-10,10,B05
C01223,ชาย,45-54,B05,มหาวิทยาลัย,2026-06-21,2026-06,False,False,0,0,,,,
C01224,หญิง,25-34,B01,สยาม,2026-02-05,2026-02,False,True,5,615,2026-03-31,2026-07-20,62,B01
C01225,หญิง,18-24,B05,มหาวิทยาลัย,2026-03-26,2026-03,False,True,3,285,2026-07-03,2026-09-17,3,B05
C01226,ชาย,ต่ำกว่า 18,B04,บางนา,2026-04-01,2026-04,True,True,1,85,2026-07-08,2026-07-08,74,B04
C01227,ชาย,18-24,B05,มหาวิทยาลัย,2026-03-21,2026-03,False,True,1,275,2026-03-30,2026-03-30,174,B05
C01228,หญิง,ต่ำกว่า 18,B01,สยาม,2025-06-11,2025-06,True,True,13,2275,2025-06-19,2026-02-01,231,B01
C01229,ชาย,25-34,B05,มหาวิทยาลัย,2025-08-22,2025-08,False,False,0,0,,,,
C01230,หญิง,18-24,B01,สยาม,2026-04-02,2026-04,False,True,2,225,2026-04-18,2026-06-13,99,B01
C01231,ชาย,25-34,B01,สยาม,2025-08-18,2025-08,False,True,5,394,2025-09-09,2025-11-19,305,B01
C01232,ชาย,18-24,B05,มหาวิทยาลัย,2025-12-15,2025-12,False,True,6,815,2026-02-03,2026-09-15,5,B05
C01233,หญิง,25-34,B01,สยาม,2025-08-22,2025-08,False,True,2,334,2025-08-28,2025-10-06,349,B01
C01234,ชาย,35-44,B03,อารีย์,2026-07-10,2026-07,False,True,1,140,2026-09-20,2026-09-20,0,B03
C01235,หญิง,25-34,B05,มหาวิทยาลัย,2025-06-17,2025-06,False,True,9,1070,2025-06-25,2026-09-07,13,B05
C01236,หญิง,18-24,B02,สีลม,2026-03-06,2026-03,False,True,10,1194,2026-03-06,2026-08-25,26,B02
C01237,หญิง,35-44,B02,สีลม,2025-12-24,2025-12,False,True,9,1329,2026-01-02,2026-08-22,29,B02
C01238,หญิง,35-44,B02,สีลม,2026-04-25,2026-04,False,True,2,95,2026-06-08,2026-07-03,79,B02
C01239,หญิง,25-34,B03,อารีย์,2026-08-26,2026-08,False,True,1,350,2026-09-06,2026-09-06,14,B03
C01240,ชาย,35-44,B04,บางนา,2025-05-05,2025-05,False,True,22,2767,2025-05-13,2026-08-14,37,B04
C01241,ชาย,55+,B01,สยาม,2026-08-11,2026-08,False,False,0,0,,,,
C01242,ชาย,35-44,B02,สีลม,2026-03-09,2026-03,False,True,1,274,2026-03-26,2026-03-26,178,B02
C01243,ชาย,35-44,B02,สีลม,2026-07-25,2026-07,False,False,0,0,,,,
C01244,หญิง,55+,B05,มหาวิทยาลัย,2025-07-09,2025-07,False,True,4,694,2025-08-19,2026-02-14,218,B03
C01245,ชาย,25-34,B05,มหาวิทยาลัย,2026-08-28,2026-08,False,False,0,0,,,,
C01246,ชาย,55+,B05,มหาวิทยาลัย,2026-05-10,2026-05,False,True,2,230,2026-06-29,2026-08-20,31,B05
C01247,หญิง,18-24,B02,สีลม,2026-08-18,2026-08,False,False,0,0,,,,
C01248,หญิง,25-34,B05,มหาวิทยาลัย,2025-05-28,2025-05,False,False,0,0,,,,
C01249,หญิง,25-34,B02,สีลม,2026-07-20,2026-07,False,True,1,85,2026-07-27,2026-07-27,55,B02
C01250,ชาย,25-34,B05,มหาวิทยาลัย,2026-03-30,2026-03,False,True,1,60,2026-04-21,2026-04-21,152,B05
C01251,ชาย,ต่ำกว่า 18,B02,สีลม,2025-07-12,2025-07,True,True,19,2577,2025-07-27,2026-05-11,132,B02
C01252,หญิง,55+,B03,อารีย์,2026-09-10,2026-09,False,True,1,139,2026-09-16,2026-09-16,4,B03
C01253,ชาย,18-24,B01,สยาม,2025-12-09,2025-12,False,True,7,1319,2026-02-07,2026-03-23,181,B01
C01254,ชาย,18-24,B01,สยาม,2025-06-03,2025-06,False,True,9,974,2025-06-25,2026-03-10,194,B01
C01255,หญิง,35-44,B04,บางนา,2025-05-01,2025-05,False,True,16,1760,2025-05-17,2026-07-11,71,B04
C01256,ชาย,45-54,B03,อารีย์,2025-11-06,2025-11,False,True,11,1579,2025-12-02,2026-03-10,194,B03
C01257,หญิง,25-34,B02,สีลม,2026-05-03,2026-05,False,True,7,834,2026-05-28,2026-09-17,3,B02
C01258,หญิง,25-34,B04,บางนา,2026-04-26,2026-04,False,True,2,210,2026-07-12,2026-07-15,67,B04
C01259,หญิง,35-44,B05,มหาวิทยาลัย,2026-09-04,2026-09,False,True,1,90,2026-09-14,2026-09-14,6,B05
C01260,หญิง,45-54,B04,บางนา,2025-06-23,2025-06,False,True,26,3280,2025-06-28,2026-09-13,7,B04
C01261,ไม่ระบุ,18-24,B01,สยาม,2025-04-09,2025-04,False,True,11,1360,2025-04-12,2026-08-01,50,B01
C01262,ชาย,35-44,B03,อารีย์,2026-02-20,2026-02,False,True,1,129,2026-02-21,2026-02-21,211,B03
C01263,หญิง,25-34,B02,สีลม,2025-07-20,2025-07,False,True,7,715,2025-07-30,2026-04-27,146,B02
C01264,หญิง,45-54,B05,มหาวิทยาลัย,2025-09-09,2025-09,False,True,2,240,2026-01-12,2026-05-14,129,B05
C01265,หญิง,25-34,B01,สยาม,2025-06-25,2025-06,False,True,6,679,2025-07-06,2026-06-07,105,B01
C01266,หญิง,18-24,B03,อารีย์,2025-11-01,2025-11,False,True,4,807,2025-11-02,2025-12-23,271,B03
C01267,ชาย,55+,B03,อารีย์,2026-02-04,2026-02,False,True,3,458,2026-02-04,2026-03-21,183,B03
C01268,หญิง,55+,B03,อารีย์,2026-07-21,2026-07,False,True,1,90,2026-08-15,2026-08-15,36,B03
C01269,ชาย,18-24,B04,บางนา,2025-05-21,2025-05,False,True,8,968,2025-05-23,2025-09-15,370,B04
C01270,หญิง,18-24,B01,สยาม,2026-06-09,2026-06,False,True,1,60,2026-09-14,2026-09-14,6,B01
C01271,ชาย,18-24,B04,บางนา,2026-05-11,2026-05,False,False,0,0,,,,
C01272,หญิง,25-34,B02,สีลม,2026-03-10,2026-03,False,True,2,135,2026-04-23,2026-06-16,96,B02
C01273,หญิง,18-24,B05,มหาวิทยาลัย,2025-10-28,2025-10,False,True,2,225,2025-11-19,2025-11-21,303,B02
C01274,หญิง,45-54,B04,บางนา,2025-08-24,2025-08,False,True,4,614,2025-10-03,2026-01-04,259,B04
C01275,ชาย,25-34,B05,มหาวิทยาลัย,2025-08-01,2025-08,False,True,7,620,2025-08-25,2026-03-22,182,B05
C01276,ชาย,35-44,B02,สีลม,2026-07-07,2026-07,False,True,1,80,2026-09-16,2026-09-16,4,B01
C01277,หญิง,25-34,B01,สยาม,2026-04-12,2026-04,False,True,1,155,2026-09-20,2026-09-20,0,B01
C01278,หญิง,55+,B04,บางนา,2025-11-09,2025-11,False,True,12,1775,2025-11-11,2026-06-14,98,B04
C01279,หญิง,45-54,B01,สยาม,2026-05-08,2026-05,False,True,1,60,2026-06-15,2026-06-15,97,B01
C01280,ชาย,35-44,B02,สีลม,2025-10-31,2025-10,False,True,11,1927,2025-11-18,2026-06-06,106,B02
C01281,ชาย,ต่ำกว่า 18,B05,มหาวิทยาลัย,2025-08-31,2025-08,True,True,7,1480,2025-09-08,2025-11-30,294,B05
C01282,ชาย,25-34,B01,สยาม,2026-06-05,2026-06,False,True,3,237,2026-06-07,2026-06-24,88,B01
C01283,ชาย,35-44,B03,อารีย์,2026-08-22,2026-08,False,False,0,0,,,,
C01284,หญิง,25-34,B01,สยาม,2025-09-07,2025-09,False,True,3,455,2025-09-11,2025-10-02,353,B01
C01285,ชาย,18-24,B03,อารีย์,2026-02-20,2026-02,False,True,5,778,2026-03-20,2026-08-26,25,B03
C01286,หญิง,18-24,B01,สยาม,2025-12-11,2025-12,False,True,1,65,2025-12-22,2025-12-22,272,B04
C01287,ชาย,35-44,B05,มหาวิทยาลัย,2026-07-25,2026-07,False,True,1,149,2026-08-05,2026-08-05,46,B05
C01288,หญิง,ต่ำกว่า 18,B04,บางนา,2026-08-15,2026-08,True,False,0,0,,,,
C01289,ชาย,25-34,B03,อารีย์,2026-04-26,2026-04,False,True,5,420,2026-05-06,2026-07-08,74,B03
C01290,หญิง,25-34,B04,บางนา,2025-07-13,2025-07,False,True,18,1852,2025-07-16,2026-08-29,22,B04
C01291,หญิง,18-24,B05,มหาวิทยาลัย,2025-10-23,2025-10,False,True,11,1224,2025-11-30,2026-09-07,13,B05
C01292,หญิง,35-44,B01,สยาม,2025-04-01,2025-04,False,True,2,215,2025-04-02,2025-04-09,529,B01
C01293,หญิง,35-44,B03,อารีย์,2026-03-27,2026-03,False,True,2,215,2026-06-13,2026-06-14,98,B03
C01294,หญิง,45-54,B01,สยาม,2026-06-05,2026-06,False,True,2,140,2026-09-01,2026-09-06,14,B01
C01295,ชาย,35-44,B01,สยาม,2025-12-03,2025-12,False,True,5,995,2025-12-22,2026-02-14,218,B01
C01296,ชาย,45-54,B04,บางนา,2025-05-23,2025-05,False,True,2,344,2025-06-03,2025-06-06,471,B04
C01297,หญิง,35-44,B01,สยาม,2025-04-21,2025-04,False,True,3,765,2025-05-16,2025-05-21,487,B01
C01298,ชาย,18-24,B01,สยาม,2025-07-05,2025-07,False,False,0,0,,,,
C01299,ชาย,25-34,B05,มหาวิทยาลัย,2025-06-28,2025-06,False,True,7,958,2025-07-17,2026-07-02,80,B05
C01300,ชาย,35-44,B02,สีลม,2025-09-02,2025-09,False,True,13,1544,2025-09-15,2026-08-03,48,B02
C01301,ชาย,35-44,B02,สีลม,2026-06-04,2026-06,False,True,2,370,2026-07-13,2026-07-20,62,B02
C01302,ชาย,18-24,B05,มหาวิทยาลัย,2025-05-04,2025-05,False,True,14,1643,2025-05-09,2025-12-20,274,B05
C01303,ชาย,35-44,B05,มหาวิทยาลัย,2026-09-11,2026-09,False,False,0,0,,,,
C01304,ชาย,55+,B01,สยาม,2026-01-20,2026-01,False,True,2,334,2026-02-24,2026-04-06,167,B01
C01305,ไม่ระบุ,25-34,B04,บางนา,2026-07-12,2026-07,False,False,0,0,,,,
C01306,ชาย,35-44,B03,อารีย์,2026-08-05,2026-08,False,False,0,0,,,,
C01307,หญิง,18-24,B05,มหาวิทยาลัย,2025-09-04,2025-09,False,True,1,225,2025-10-07,2025-10-07,348,B05
C01308,หญิง,18-24,B05,มหาวิทยาลัย,2025-08-08,2025-08,False,True,8,610,2025-10-07,2026-07-02,80,B05
C01309,ชาย,35-44,B03,อารีย์,2026-05-18,2026-05,False,True,2,240,2026-05-19,2026-06-03,109,B03
C01310,หญิง,18-24,B05,มหาวิทยาลัย,2025-11-28,2025-11,False,True,6,898,2026-01-10,2026-09-13,7,B05
C01311,ชาย,25-34,B02,สีลม,2025-07-14,2025-07,False,True,13,2097,2025-07-16,2026-09-02,18,B02
C01312,ไม่ระบุ,18-24,B02,สีลม,2026-09-09,2026-09,False,True,1,70,2026-09-16,2026-09-16,4,B02
C01313,ชาย,25-34,B02,สีลม,2025-04-19,2025-04,False,True,9,1384,2025-05-01,2026-05-03,140,B02
C01314,หญิง,25-34,B01,สยาม,2026-09-03,2026-09,False,False,0,0,,,,
C01315,ชาย,25-34,B03,อารีย์,2026-01-26,2026-01,False,True,9,1460,2026-03-03,2026-09-11,9,B03
C01316,ชาย,25-34,B04,บางนา,2025-05-26,2025-05,False,True,16,1935,2025-06-08,2026-09-13,7,B04
C01317,หญิง,25-34,B01,สยาม,2025-11-06,2025-11,False,True,7,1115,2025-11-22,2026-09-06,14,B01
C01318,ชาย,18-24,B05,มหาวิทยาลัย,2026-04-17,2026-04,False,False,0,0,,,,
C01319,ชาย,45-54,B01,สยาม,2025-07-27,2025-07,False,True,2,154,2025-08-06,2025-08-15,401,B01
C01320,ชาย,25-34,B01,สยาม,2026-07-22,2026-07,False,False,0,0,,,,
C01321,หญิง,18-24,B01,สยาม,2025-09-11,2025-09,False,True,6,1023,2025-09-22,2026-01-15,248,B01
C01322,ชาย,25-34,B05,มหาวิทยาลัย,2026-02-19,2026-02,False,True,4,555,2026-02-27,2026-07-09,73,B05
C01323,หญิง,35-44,B04,บางนา,2026-01-11,2026-01,False,True,5,764,2026-01-28,2026-03-11,193,B04
C01324,ชาย,25-34,B01,สยาม,2026-08-07,2026-08,False,False,0,0,,,,
C01325,ชาย,35-44,B03,อารีย์,2026-05-06,2026-05,False,True,2,320,2026-05-10,2026-06-21,91,B03
C01326,หญิง,18-24,B03,อารีย์,2026-09-08,2026-09,False,False,0,0,,,,
C01327,หญิง,55+,B05,มหาวิทยาลัย,2026-07-12,2026-07,False,False,0,0,,,,
C01328,ไม่ระบุ,18-24,B01,สยาม,2026-07-19,2026-07,False,True,1,245,2026-08-01,2026-08-01,50,B01
C01329,ชาย,25-34,B03,อารีย์,2025-12-16,2025-12,False,True,2,170,2025-12-17,2025-12-26,268,B03
C01330,หญิง,35-44,B03,อารีย์,2026-08-17,2026-08,False,False,0,0,,,,
C01331,ชาย,25-34,B02,สีลม,2025-10-16,2025-10,False,True,5,637,2025-10-21,2026-05-07,136,B02
C01332,ชาย,25-34,B03,อารีย์,2026-06-25,2026-06,False,True,3,455,2026-08-24,2026-09-09,11,B03
C01333,ชาย,45-54,B05,มหาวิทยาลัย,2026-01-08,2026-01,False,False,0,0,,,,
C01334,ชาย,18-24,B04,บางนา,2025-10-21,2025-10,False,True,20,2331,2025-10-27,2026-09-03,17,B04
C01335,หญิง,35-44,B03,อารีย์,2025-11-24,2025-11,False,True,2,550,2025-12-05,2025-12-07,287,B03
C01336,ชาย,18-24,B01,สยาม,2025-05-14,2025-05,False,True,1,65,2025-05-21,2025-05-21,487,B01
C01337,หญิง,18-24,B01,สยาม,2025-07-09,2025-07,False,True,12,1520,2025-07-12,2026-06-27,85,B01
C01338,หญิง,18-24,B03,อารีย์,2026-04-21,2026-04,False,True,8,1003,2026-04-28,2026-09-20,0,B03
C01339,หญิง,35-44,B03,อารีย์,2025-12-28,2025-12,False,True,5,630,2026-01-15,2026-06-29,83,B03
C01340,หญิง,18-24,B05,มหาวิทยาลัย,2025-12-27,2025-12,False,True,1,75,2026-01-15,2026-01-15,248,B05
C01341,หญิง,25-34,B04,บางนา,2026-01-19,2026-01,False,True,12,1539,2026-02-14,2026-07-07,75,B04
C01342,หญิง,35-44,B02,สีลม,2025-07-27,2025-07,False,True,6,658,2025-08-05,2026-08-24,27,B02
C01343,หญิง,25-34,B05,มหาวิทยาลัย,2026-04-16,2026-04,False,True,6,1093,2026-05-07,2026-07-27,55,B05
C01344,หญิง,18-24,B02,สีลม,2026-05-02,2026-05,False,True,3,444,2026-05-09,2026-06-27,85,B02
C01345,ชาย,18-24,B02,สีลม,2025-11-12,2025-11,False,False,0,0,,,,
C01346,หญิง,25-34,B01,สยาม,2026-08-05,2026-08,False,False,0,0,,,,
C01347,หญิง,55+,B02,สีลม,2025-11-21,2025-11,False,True,16,1945,2025-12-03,2026-08-31,20,B02
C01348,หญิง,18-24,B01,สยาม,2025-12-14,2025-12,False,True,7,1039,2025-12-17,2026-09-06,14,B01
C01349,หญิง,25-34,B05,มหาวิทยาลัย,2025-10-30,2025-10,False,True,1,255,2025-11-20,2025-11-20,304,B05
C01350,หญิง,18-24,B02,สีลม,2026-07-11,2026-07,False,False,0,0,,,,
C01351,หญิง,18-24,B02,สีลม,2026-06-26,2026-06,False,True,3,325,2026-07-10,2026-08-01,50,B02
C01352,หญิง,25-34,B03,อารีย์,2026-05-24,2026-05,False,True,1,90,2026-06-21,2026-06-21,91,B05
C01353,หญิง,25-34,B01,สยาม,2026-02-02,2026-02,False,False,0,0,,,,
C01354,หญิง,18-24,B03,อารีย์,2026-09-13,2026-09,False,False,0,0,,,,
C01355,หญิง,45-54,B05,มหาวิทยาลัย,2026-01-22,2026-01,False,False,0,0,,,,
C01356,ชาย,45-54,B03,อารีย์,2026-05-12,2026-05,False,True,1,190,2026-05-24,2026-05-24,119,B03
C01357,หญิง,18-24,B02,สีลม,2026-08-03,2026-08,False,True,1,155,2026-08-05,2026-08-05,46,B03
C01358,หญิง,35-44,B01,สยาม,2026-06-14,2026-06,False,True,2,160,2026-06-16,2026-08-05,46,B01
C01359,ชาย,18-24,B01,สยาม,2026-08-05,2026-08,False,True,2,205,2026-08-09,2026-09-11,9,B01
C01360,ชาย,25-34,B01,สยาม,2025-09-29,2025-09,False,True,9,1206,2025-10-25,2026-06-09,103,B01
C01361,ชาย,35-44,B02,สีลม,2025-10-13,2025-10,False,True,2,540,2026-01-24,2026-03-12,192,B01
C01362,ชาย,25-34,B02,สีลม,2025-06-10,2025-06,False,True,19,2543,2025-06-21,2026-08-09,42,B02
C01363,หญิง,35-44,B04,บางนา,2026-03-05,2026-03,False,True,2,146,2026-03-22,2026-06-08,104,B04
C01364,ชาย,25-34,B05,มหาวิทยาลัย,2025-10-23,2025-10,False,True,9,1109,2025-10-31,2026-09-02,18,B05
C01365,ชาย,45-54,B02,สีลม,2025-07-10,2025-07,False,True,5,729,2025-07-24,2025-08-31,385,B02
C01366,ชาย,18-24,B03,อารีย์,2026-06-05,2026-06,False,True,1,89,2026-07-07,2026-07-07,75,B03
C01367,หญิง,45-54,B01,สยาม,2025-04-21,2025-04,False,True,12,1345,2025-05-24,2026-03-19,185,B01
C01368,หญิง,35-44,B05,มหาวิทยาลัย,2025-11-24,2025-11,False,True,3,409,2026-02-06,2026-07-29,53,B05
C01369,ชาย,35-44,B02,สีลม,2025-09-29,2025-09,False,True,7,685,2025-10-10,2026-05-25,118,B02
C01370,หญิง,35-44,B01,สยาม,2026-03-11,2026-03,False,True,2,320,2026-04-09,2026-04-18,155,B01
C01371,ชาย,35-44,B01,สยาม,2025-09-19,2025-09,False,True,7,1022,2025-10-02,2026-09-02,18,B01
C01372,ชาย,ต่ำกว่า 18,B04,บางนา,2025-12-24,2025-12,True,True,16,1830,2026-01-07,2026-08-13,38,B04
C01373,หญิง,18-24,B03,อารีย์,2026-08-11,2026-08,False,True,3,280,2026-08-22,2026-09-14,6,B03
C01374,ชาย,25-34,B02,สีลม,2026-09-11,2026-09,False,False,0,0,,,,
C01375,หญิง,18-24,B03,อารีย์,2026-08-20,2026-08,False,True,1,75,2026-08-25,2026-08-25,26,B03
C01376,ชาย,25-34,B01,สยาม,2025-06-17,2025-06,False,True,9,978,2025-07-06,2026-06-25,87,B01
C01377,ชาย,18-24,B05,มหาวิทยาลัย,2025-12-27,2025-12,False,True,1,75,2026-01-07,2026-01-07,256,B05
C01378,ชาย,25-34,B01,สยาม,2025-06-10,2025-06,False,True,2,320,2025-06-12,2025-06-16,461,B01
C01379,หญิง,25-34,B02,สีลม,2025-05-27,2025-05,False,True,12,1508,2025-06-10,2026-08-20,31,B02
C01380,หญิง,35-44,B05,มหาวิทยาลัย,2025-05-13,2025-05,False,True,3,165,2025-05-19,2025-06-03,474,B05
C01381,หญิง,18-24,B01,สยาม,2026-06-18,2026-06,False,True,1,85,2026-08-04,2026-08-04,47,B01
C01382,ชาย,18-24,B05,มหาวิทยาลัย,2025-10-27,2025-10,False,True,2,205,2026-01-15,2026-03-21,183,B05
C01383,ชาย,18-24,B05,มหาวิทยาลัย,2025-04-02,2025-04,False,True,8,784,2025-04-11,2025-07-28,419,B05
C01384,หญิง,45-54,B02,สีลม,2026-04-27,2026-04,False,True,1,129,2026-05-05,2026-05-05,138,B02
C01385,หญิง,35-44,B02,สีลม,2026-06-03,2026-06,False,True,6,888,2026-06-25,2026-09-18,2,B02
C01386,ชาย,45-54,B01,สยาม,2026-05-25,2026-05,False,True,1,215,2026-06-14,2026-06-14,98,B01
C01387,หญิง,18-24,B02,สีลม,2026-07-19,2026-07,False,False,0,0,,,,
C01388,ชาย,18-24,B02,สีลม,2025-12-27,2025-12,False,True,7,835,2026-01-01,2026-04-07,166,B02
C01389,ชาย,35-44,B02,สีลม,2026-05-22,2026-05,False,False,0,0,,,,
C01390,ชาย,18-24,B01,สยาม,2025-07-07,2025-07,False,True,13,1929,2025-08-14,2026-06-01,111,B01
C01391,หญิง,25-34,B05,มหาวิทยาลัย,2025-12-23,2025-12,False,True,2,375,2026-01-17,2026-01-20,243,B01
C01392,ชาย,25-34,B04,บางนา,2025-05-01,2025-05,False,True,20,2325,2025-05-03,2026-09-10,10,B04
C01393,หญิง,25-34,B01,สยาม,2026-05-13,2026-05,False,True,1,65,2026-07-07,2026-07-07,75,B01
C01394,หญิง,18-24,B04,บางนา,2025-10-07,2025-10,False,True,6,955,2025-11-21,2026-03-05,199,B04
C01395,ชาย,55+,B01,สยาม,2025-06-24,2025-06,False,True,27,3897,2025-07-05,2026-08-13,38,B01
C01396,ชาย,25-34,B01,สยาม,2026-01-16,2026-01,False,True,9,1044,2026-01-21,2026-05-22,121,B01
C01397,หญิง,45-54,B04,บางนา,2026-03-31,2026-03,False,True,9,1143,2026-04-03,2026-09-14,6,B04
C01398,ชาย,25-34,B04,บางนา,2025-07-08,2025-07,False,True,16,2045,2025-09-06,2026-08-07,44,B04
C01399,ชาย,18-24,B02,สีลม,2026-02-07,2026-02,False,True,1,80,2026-04-01,2026-04-01,172,B02
C01400,ชาย,55+,B03,อารีย์,2026-03-19,2026-03,False,True,5,399,2026-04-06,2026-07-21,61,B03
C01401,ชาย,35-44,B05,มหาวิทยาลัย,2026-03-07,2026-03,False,True,1,89,2026-05-20,2026-05-20,123,B02
C01402,ชาย,45-54,B03,อารีย์,2026-03-15,2026-03,False,True,8,1070,2026-03-21,2026-09-09,11,B03
C01403,ชาย,35-44,B05,มหาวิทยาลัย,2026-07-27,2026-07,False,True,3,265,2026-08-01,2026-09-15,5,B01
C01404,หญิง,ต่ำกว่า 18,B01,สยาม,2026-02-16,2026-02,True,True,4,430,2026-04-05,2026-08-21,30,B01
C01405,หญิง,55+,B04,บางนา,2025-05-19,2025-05,False,True,21,2984,2025-05-24,2026-07-21,61,B04
C01406,หญิง,18-24,B02,สีลม,2026-03-20,2026-03,False,True,7,630,2026-03-21,2026-09-10,10,B02
C01407,หญิง,18-24,B02,สีลม,2025-05-01,2025-05,False,True,7,620,2025-05-30,2026-07-07,75,B02
C01408,หญิง,25-34,B04,บางนา,2025-12-01,2025-12,False,True,12,1621,2025-12-21,2026-07-18,64,B04
C01409,หญิง,25-34,B05,มหาวิทยาลัย,2026-07-25,2026-07,False,False,0,0,,,,
C01410,หญิง,25-34,B02,สีลม,2025-09-01,2025-09,False,True,14,1517,2025-09-20,2026-08-24,27,B02
C01411,หญิง,25-34,B01,สยาม,2025-11-18,2025-11,False,True,9,1184,2026-01-19,2026-09-13,7,B01
C01412,ชาย,35-44,B05,มหาวิทยาลัย,2025-11-09,2025-11,False,True,5,529,2025-11-21,2026-06-01,111,B05
C01413,หญิง,55+,B01,สยาม,2026-07-19,2026-07,False,True,2,255,2026-08-11,2026-08-22,29,B01
C01414,หญิง,35-44,B02,สีลม,2026-01-28,2026-01,False,True,3,385,2026-02-01,2026-08-27,24,B02
C01415,ชาย,45-54,B02,สีลม,2026-07-12,2026-07,False,False,0,0,,,,
C01416,หญิง,55+,B01,สยาม,2025-10-30,2025-10,False,False,0,0,,,,
C01417,หญิง,25-34,B01,สยาม,2025-04-19,2025-04,False,True,9,1137,2025-05-07,2025-09-08,377,B01
C01418,หญิง,18-24,B01,สยาม,2026-04-03,2026-04,False,True,4,395,2026-04-12,2026-07-30,52,B01
C01419,ชาย,18-24,B01,สยาม,2025-05-12,2025-05,False,True,15,1908,2025-05-18,2026-03-22,182,B01
C01420,หญิง,18-24,B01,สยาม,2025-11-15,2025-11,False,True,5,624,2025-12-30,2026-04-22,151,B01
C01421,หญิง,35-44,B04,บางนา,2025-10-29,2025-10,False,True,5,488,2025-11-11,2026-08-16,35,B04
C01422,หญิง,45-54,B03,อารีย์,2026-01-15,2026-01,False,True,13,1602,2026-01-21,2026-09-10,10,B03
C01423,ชาย,35-44,B01,สยาม,2025-05-17,2025-05,False,True,12,1254,2025-05-17,2025-12-08,286,B01
C01424,ชาย,25-34,B05,มหาวิทยาลัย,2026-02-17,2026-02,False,False,0,0,,,,
C01425,หญิง,45-54,B05,มหาวิทยาลัย,2026-03-17,2026-03,False,True,1,140,2026-03-20,2026-03-20,184,B05
C01426,ไม่ระบุ,35-44,B05,มหาวิทยาลัย,2025-11-02,2025-11,False,True,1,200,2025-11-09,2025-11-09,315,B05
C01427,ชาย,25-34,B02,สีลม,2026-07-21,2026-07,False,True,1,324,2026-07-27,2026-07-27,55,B02
C01428,ชาย,35-44,B02,สีลม,2026-08-30,2026-08,False,True,1,135,2026-09-10,2026-09-10,10,B02
C01429,ชาย,35-44,B04,บางนา,2026-09-11,2026-09,False,False,0,0,,,,
C01430,ชาย,45-54,B04,บางนา,2025-04-23,2025-04,False,True,15,1551,2025-05-27,2026-06-04,108,B04
C01431,หญิง,35-44,B04,บางนา,2026-07-23,2026-07,False,True,1,140,2026-09-15,2026-09-15,5,B04
C01432,ชาย,25-34,B02,สีลม,2025-04-05,2025-04,False,True,23,3093,2025-04-15,2026-04-01,172,B02
C01433,ชาย,55+,B05,มหาวิทยาลัย,2025-11-11,2025-11,False,True,4,374,2026-02-27,2026-04-28,145,B05
C01434,หญิง,25-34,B04,บางนา,2026-02-07,2026-02,False,True,4,575,2026-03-06,2026-06-06,106,B04
C01435,หญิง,ต่ำกว่า 18,B04,บางนา,2025-09-23,2025-09,True,True,2,120,2025-10-03,2025-10-13,342,B04
C01436,หญิง,35-44,B02,สีลม,2025-12-22,2025-12,False,True,3,345,2025-12-22,2026-08-24,27,B02
C01437,หญิง,25-34,B01,สยาม,2026-03-10,2026-03,False,True,3,217,2026-03-24,2026-07-19,63,B01
C01438,หญิง,25-34,B04,บางนา,2025-09-17,2025-09,False,True,5,619,2025-10-01,2026-09-09,11,B04
C01439,หญิง,35-44,B01,สยาม,2026-07-29,2026-07,False,True,1,110,2026-09-13,2026-09-13,7,B01
C01440,หญิง,25-34,B02,สีลม,2025-09-25,2025-09,False,True,9,1792,2025-10-19,2026-08-01,50,B02
C01441,หญิง,25-34,B01,สยาม,2026-01-25,2026-01,False,True,4,510,2026-01-26,2026-06-13,99,B01
C01442,หญิง,18-24,B01,สยาม,2025-05-22,2025-05,False,True,8,1124,2025-05-25,2025-10-17,338,B01
C01443,หญิง,25-34,B05,มหาวิทยาลัย,2026-04-25,2026-04,False,True,3,304,2026-05-10,2026-09-02,18,B05
C01444,ชาย,25-34,B05,มหาวิทยาลัย,2025-10-31,2025-10,False,True,6,760,2025-12-20,2026-06-02,110,B05
C01445,ชาย,ต่ำกว่า 18,B01,สยาม,2026-07-10,2026-07,True,True,3,405,2026-08-02,2026-09-17,3,B01
C01446,ชาย,25-34,B01,สยาม,2025-11-18,2025-11,False,True,9,1295,2025-12-23,2026-08-19,32,B01
C01447,ไม่ระบุ,35-44,B02,สีลม,2025-07-24,2025-07,False,True,9,1053,2025-08-30,2026-07-14,68,B02
C01448,หญิง,45-54,B01,สยาม,2026-04-02,2026-04,False,False,0,0,,,,
C01449,ชาย,35-44,B02,สีลม,2025-06-13,2025-06,False,True,15,2012,2025-06-25,2026-01-29,234,B02
C01450,ชาย,35-44,B01,สยาม,2026-09-13,2026-09,False,False,0,0,,,,
C01451,หญิง,25-34,B02,สีลม,2026-04-28,2026-04,False,True,8,1195,2026-05-06,2026-07-20,62,B02
C01452,ชาย,18-24,B01,สยาม,2025-05-16,2025-05,False,True,2,345,2025-05-30,2025-07-06,441,B01
C01453,หญิง,25-34,B05,มหาวิทยาลัย,2026-06-18,2026-06,False,True,2,175,2026-07-10,2026-07-19,63,B05
C01454,หญิง,25-34,B01,สยาม,2025-09-01,2025-09,False,True,3,340,2025-09-09,2025-10-07,348,B01
C01455,หญิง,35-44,B02,สีลม,2026-09-14,2026-09,False,False,0,0,,,,
C01456,ชาย,25-34,B03,อารีย์,2025-11-19,2025-11,False,True,14,2601,2025-11-19,2026-07-08,74,B03
C01457,หญิง,35-44,B03,อารีย์,2026-05-02,2026-05,False,False,0,0,,,,
C01458,ชาย,35-44,B03,อารีย์,2026-03-19,2026-03,False,True,11,1394,2026-03-21,2026-09-08,12,B03
C01459,หญิง,25-34,B02,สีลม,2025-08-04,2025-08,False,True,14,1368,2025-08-14,2026-09-16,4,B02
C01460,หญิง,18-24,B02,สีลม,2026-09-10,2026-09,False,True,1,65,2026-09-15,2026-09-15,5,B02
C01461,หญิง,45-54,B01,สยาม,2026-08-10,2026-08,False,False,0,0,,,,
C01462,หญิง,45-54,B04,บางนา,2025-06-21,2025-06,False,True,14,1733,2025-07-23,2026-09-07,13,B04
C01463,ชาย,18-24,B04,บางนา,2026-06-12,2026-06,False,True,1,85,2026-08-27,2026-08-27,24,B04
C01464,หญิง,25-34,B01,สยาม,2026-07-04,2026-07,False,False,0,0,,,,
C01465,ชาย,25-34,B05,มหาวิทยาลัย,2026-07-08,2026-07,False,True,1,75,2026-08-03,2026-08-03,48,B05
C01466,หญิง,18-24,B05,มหาวิทยาลัย,2026-01-21,2026-01,False,True,5,1069,2026-03-13,2026-08-13,38,B02
C01467,หญิง,25-34,B01,สยาม,2026-05-19,2026-05,False,True,1,70,2026-05-19,2026-05-19,124,B01
C01468,หญิง,45-54,B02,สีลม,2025-06-22,2025-06,False,True,17,2658,2025-06-25,2026-08-17,34,B02
C01469,ชาย,25-34,B05,มหาวิทยาลัย,2026-02-08,2026-02,False,True,4,585,2026-02-17,2026-08-17,34,B05
C01470,หญิง,35-44,B02,สีลม,2025-10-06,2025-10,False,True,21,2200,2025-10-14,2026-09-11,9,B02
C01471,ชาย,18-24,B05,มหาวิทยาลัย,2025-07-12,2025-07,False,True,4,334,2025-08-01,2025-09-30,355,B05
C01472,หญิง,55+,B01,สยาม,2025-06-06,2025-06,False,True,14,1675,2025-06-18,2026-06-02,110,B01
C01473,หญิง,45-54,B02,สีลม,2026-08-30,2026-08,False,False,0,0,,,,
C01474,หญิง,25-34,B04,บางนา,2025-12-26,2025-12,False,True,10,1273,2025-12-26,2026-08-29,22,B04
C01475,ชาย,45-54,B02,สีลม,2026-09-01,2026-09,False,False,0,0,,,,
C01476,หญิง,45-54,B02,สีลม,2025-10-19,2025-10,False,True,15,2110,2025-11-04,2026-08-12,39,B02
C01477,ชาย,25-34,B01,สยาม,2026-01-15,2026-01,False,True,3,624,2026-01-28,2026-08-02,49,B01
C01478,ชาย,35-44,B01,สยาม,2026-07-15,2026-07,False,True,1,265,2026-08-20,2026-08-20,31,B01
C01479,ชาย,45-54,B04,บางนา,2025-10-22,2025-10,False,True,9,984,2025-11-28,2026-08-25,26,B04
C01480,หญิง,35-44,B03,อารีย์,2026-04-24,2026-04,False,True,2,185,2026-06-04,2026-06-12,100,B03
C01481,หญิง,35-44,B01,สยาม,2026-08-10,2026-08,False,False,0,0,,,,
C01482,หญิง,25-34,B05,มหาวิทยาลัย,2025-09-20,2025-09,False,True,11,1281,2025-10-17,2026-08-31,20,B05
C01483,ชาย,25-34,B01,สยาม,2026-03-05,2026-03,False,True,5,808,2026-07-02,2026-08-12,39,B01
C01484,หญิง,25-34,B04,บางนา,2025-06-15,2025-06,False,True,12,1483,2025-07-30,2026-08-28,23,B04
C01485,หญิง,25-34,B02,สีลม,2026-02-01,2026-02,False,True,4,295,2026-02-03,2026-07-17,65,B02
C01486,หญิง,25-34,B05,มหาวิทยาลัย,2025-06-11,2025-06,False,True,12,1264,2025-06-26,2026-08-29,22,B05
C01487,หญิง,18-24,B05,มหาวิทยาลัย,2025-05-05,2025-05,False,True,1,135,2025-05-25,2025-05-25,483,B05
C01488,ชาย,ต่ำกว่า 18,B01,สยาม,2025-11-06,2025-11,True,True,1,130,2025-11-30,2025-11-30,294,B01
C01489,ชาย,25-34,B05,มหาวิทยาลัย,2025-05-20,2025-05,False,True,23,3186,2025-06-02,2026-06-13,99,B05
C01490,หญิง,25-34,B02,สีลม,2025-09-12,2025-09,False,True,6,810,2025-11-17,2026-03-18,186,B02
C01491,ชาย,35-44,B01,สยาม,2026-04-09,2026-04,False,True,2,130,2026-04-27,2026-07-04,78,B01
C01492,หญิง,35-44,B01,สยาม,2026-05-23,2026-05,False,True,9,936,2026-05-27,2026-08-23,28,B01
C01493,ชาย,25-34,B02,สีลม,2026-07-16,2026-07,False,True,1,215,2026-07-29,2026-07-29,53,B02
C01494,ชาย,25-34,B04,บางนา,2026-06-03,2026-06,False,True,3,325,2026-06-03,2026-08-29,22,B04
C01495,หญิง,18-24,B02,สีลม,2025-04-06,2025-04,False,True,16,2092,2025-04-24,2026-09-18,2,B02
C01496,หญิง,18-24,B03,อารีย์,2026-01-18,2026-01,False,True,14,2024,2026-01-18,2026-09-13,7,B03
C01497,หญิง,25-34,B01,สยาม,2026-07-09,2026-07,False,False,0,0,,,,
C01498,หญิง,45-54,B05,มหาวิทยาลัย,2026-06-21,2026-06,False,True,1,65,2026-07-07,2026-07-07,75,B05
C01499,หญิง,25-34,B02,สีลม,2025-06-27,2025-06,False,True,17,2349,2025-07-02,2026-07-16,66,B02
C01500,ชาย,ต่ำกว่า 18,B02,สีลม,2025-04-26,2025-04,True,True,19,1968,2025-05-14,2026-06-04,108,B02
C01501,หญิง,45-54,B04,บางนา,2026-05-12,2026-05,False,True,1,185,2026-08-08,2026-08-08,43,B04
C01502,ชาย,25-34,B03,อารีย์,2025-12-04,2025-12,False,True,7,684,2025-12-10,2026-05-31,112,B03
C01503,หญิง,18-24,B02,สีลม,2026-05-26,2026-05,False,True,3,660,2026-06-01,2026-06-29,83,B02
C01504,ชาย,35-44,B01,สยาม,2025-10-10,2025-10,False,True,9,969,2025-11-11,2026-01-29,234,B01
C01505,ชาย,35-44,B03,อารีย์,2026-07-09,2026-07,False,False,0,0,,,,
C01506,หญิง,18-24,B03,อารีย์,2025-12-02,2025-12,False,True,10,894,2025-12-03,2026-02-10,222,B03
C01507,ชาย,25-34,B05,มหาวิทยาลัย,2026-05-31,2026-05,False,False,0,0,,,,
C01508,หญิง,35-44,B01,สยาม,2026-05-09,2026-05,False,True,1,280,2026-08-29,2026-08-29,22,B01
C01509,ชาย,45-54,B02,สีลม,2025-11-29,2025-11,False,True,7,970,2025-12-17,2026-04-28,145,B02
C01510,หญิง,25-34,B03,อารีย์,2026-07-15,2026-07,False,True,1,354,2026-08-23,2026-08-23,28,B03
C01511,หญิง,25-34,B03,อารีย์,2026-02-25,2026-02,False,True,5,490,2026-03-28,2026-08-12,39,B03
C01512,ชาย,25-34,B02,สีลม,2026-09-03,2026-09,False,True,1,55,2026-09-14,2026-09-14,6,B03
C01513,ชาย,25-34,B05,มหาวิทยาลัย,2025-10-06,2025-10,False,True,3,1034,2025-11-01,2026-08-08,43,B04
C01514,หญิง,18-24,B01,สยาม,2026-04-01,2026-04,False,False,0,0,,,,
C01515,หญิง,18-24,B02,สีลม,2025-04-15,2025-04,False,True,10,1303,2025-04-21,2025-09-29,356,B02
C01516,หญิง,18-24,B04,บางนา,2025-06-20,2025-06,False,True,5,665,2025-07-05,2026-02-21,211,B04
C01517,หญิง,35-44,B01,สยาม,2026-03-12,2026-03,False,True,6,953,2026-03-21,2026-09-05,15,B01
C01518,หญิง,45-54,B05,มหาวิทยาลัย,2026-08-06,2026-08,False,True,1,89,2026-08-31,2026-08-31,20,B05
C01519,หญิง,45-54,B02,สีลม,2026-02-16,2026-02,False,True,3,510,2026-03-20,2026-06-22,90,B02
C01520,หญิง,25-34,B01,สยาม,2026-04-15,2026-04,False,True,2,180,2026-04-26,2026-08-07,44,B01
C01521,หญิง,25-34,B01,สยาม,2025-05-26,2025-05,False,False,0,0,,,,
C01522,หญิง,18-24,B04,บางนา,2026-03-28,2026-03,False,True,2,400,2026-05-26,2026-08-11,40,B04
C01523,ชาย,55+,B05,มหาวิทยาลัย,2025-07-18,2025-07,False,False,0,0,,,,
C01524,ชาย,35-44,B05,มหาวิทยาลัย,2025-09-06,2025-09,False,True,2,195,2025-09-17,2025-09-26,359,B05
C01525,ชาย,45-54,B05,มหาวิทยาลัย,2025-09-29,2025-09,False,True,8,950,2025-10-24,2026-07-04,78,B05
C01526,ชาย,45-54,B03,อารีย์,2026-02-05,2026-02,False,True,4,608,2026-03-09,2026-08-04,47,B03
C01527,หญิง,25-34,B02,สีลม,2025-09-22,2025-09,False,True,9,1121,2025-10-10,2026-08-21,30,B02
C01528,ชาย,25-34,B01,สยาม,2026-02-12,2026-02,False,True,3,305,2026-04-05,2026-05-04,139,B01
C01529,ชาย,25-34,B02,สีลม,2026-07-18,2026-07,False,True,1,234,2026-09-16,2026-09-16,4,B02
C01530,ชาย,45-54,B03,อารีย์,2026-07-17,2026-07,False,True,3,333,2026-07-27,2026-09-09,11,B03
C01531,หญิง,35-44,B01,สยาม,2025-07-12,2025-07,False,True,6,710,2025-07-14,2025-12-03,291,B01
C01532,ชาย,18-24,B01,สยาม,2025-11-30,2025-11,False,True,2,160,2025-12-04,2026-02-11,221,B01
C01533,ชาย,25-34,B05,มหาวิทยาลัย,2026-04-29,2026-04,False,True,4,390,2026-06-29,2026-08-05,46,B05
C01534,หญิง,18-24,B02,สีลม,2025-08-15,2025-08,False,True,10,1049,2025-09-16,2026-09-01,19,B02
C01535,ชาย,18-24,B01,สยาม,2025-10-24,2025-10,False,True,14,2038,2026-01-29,2026-06-06,106,B01
C01536,หญิง,45-54,B01,สยาม,2025-10-05,2025-10,False,True,2,240,2025-12-11,2025-12-11,283,B01
C01537,หญิง,35-44,B04,บางนา,2025-12-20,2025-12,False,True,10,1175,2026-02-14,2026-09-15,5,B04
C01538,หญิง,45-54,B01,สยาม,2025-08-14,2025-08,False,True,27,3168,2025-08-17,2026-08-31,20,B01
C01539,ชาย,18-24,B03,อารีย์,2025-12-25,2025-12,False,True,12,1230,2026-01-22,2026-08-17,34,B03
C01540,หญิง,45-54,B05,มหาวิทยาลัย,2026-07-08,2026-07,False,True,3,385,2026-07-27,2026-08-21,30,B05
C01541,หญิง,25-34,B05,มหาวิทยาลัย,2026-03-03,2026-03,False,True,1,65,2026-07-08,2026-07-08,74,B05
C01542,หญิง,18-24,B04,บางนา,2026-08-28,2026-08,False,True,1,170,2026-09-17,2026-09-17,3,B04
C01543,หญิง,55+,B05,มหาวิทยาลัย,2025-11-17,2025-11,False,True,13,1625,2025-12-12,2026-09-17,3,B05
C01544,ชาย,18-24,B01,สยาม,2025-12-01,2025-12,False,True,4,425,2025-12-25,2026-03-31,173,B01
C01545,หญิง,ต่ำกว่า 18,B02,สีลม,2026-04-27,2026-04,True,True,3,250,2026-05-02,2026-07-15,67,B02
C01546,ชาย,18-24,B04,บางนา,2026-01-11,2026-01,False,True,4,363,2026-02-21,2026-09-13,7,B04
C01547,ชาย,35-44,B05,มหาวิทยาลัย,2025-10-15,2025-10,False,False,0,0,,,,
C01548,ชาย,35-44,B03,อารีย์,2026-01-08,2026-01,False,True,12,1484,2026-01-09,2026-09-12,8,B03
C01549,หญิง,45-54,B02,สีลม,2025-09-14,2025-09,False,True,10,1144,2025-09-22,2026-03-15,189,B02
C01550,หญิง,35-44,B02,สีลม,2026-01-27,2026-01,False,True,1,65,2026-02-17,2026-02-17,215,B02
C01551,หญิง,55+,B04,บางนา,2025-09-27,2025-09,False,True,2,240,2026-01-13,2026-06-05,107,B02
C01552,หญิง,45-54,B05,มหาวิทยาลัย,2026-01-24,2026-01,False,True,1,95,2026-02-17,2026-02-17,215,B01
C01553,หญิง,25-34,B01,สยาม,2026-03-30,2026-03,False,True,1,178,2026-04-27,2026-04-27,146,B01
C01554,ชาย,35-44,B05,มหาวิทยาลัย,2025-05-26,2025-05,False,True,3,623,2025-07-25,2025-12-09,285,B05
C01555,หญิง,35-44,B01,สยาม,2025-12-22,2025-12,False,True,4,904,2026-01-23,2026-05-16,127,B01
C01556,หญิง,18-24,B01,สยาม,2026-07-31,2026-07,False,True,2,200,2026-08-03,2026-09-19,1,B01
C01557,หญิง,35-44,B02,สีลม,2025-06-26,2025-06,False,False,0,0,,,,
C01558,หญิง,25-34,B01,สยาม,2025-05-24,2025-05,False,True,5,808,2025-07-06,2025-08-28,388,B01
C01559,ชาย,18-24,B03,อารีย์,2026-08-11,2026-08,False,True,1,75,2026-09-16,2026-09-16,4,B03
C01560,หญิง,25-34,B02,สีลม,2025-10-28,2025-10,False,False,0,0,,,,
C01561,หญิง,ต่ำกว่า 18,B02,สีลม,2026-02-02,2026-02,True,True,3,255,2026-02-19,2026-06-10,102,B02
C01562,ชาย,25-34,B05,มหาวิทยาลัย,2025-05-02,2025-05,False,True,5,480,2025-06-14,2025-11-04,320,B05
C01563,หญิง,ต่ำกว่า 18,B02,สีลม,2025-09-17,2025-09,True,True,7,1035,2025-11-21,2026-03-18,186,B02
C01564,ชาย,35-44,B05,มหาวิทยาลัย,2025-06-15,2025-06,False,True,9,1032,2025-11-11,2026-09-09,11,B05
C01565,หญิง,18-24,B02,สีลม,2026-09-05,2026-09,False,False,0,0,,,,
C01566,ชาย,18-24,B04,บางนา,2025-12-14,2025-12,False,True,8,655,2025-12-14,2026-06-10,102,B04
C01567,หญิง,45-54,B01,สยาม,2026-06-12,2026-06,False,True,3,284,2026-06-16,2026-07-29,53,B01
C01568,หญิง,25-34,B04,บางนา,2025-04-17,2025-04,False,True,7,919,2025-04-17,2025-08-22,394,B04
C01569,ชาย,18-24,B04,บางนา,2026-08-28,2026-08,False,False,0,0,,,,
C01570,หญิง,18-24,B02,สีลม,2026-08-23,2026-08,False,False,0,0,,,,
C01571,ชาย,25-34,B05,มหาวิทยาลัย,2026-05-13,2026-05,False,True,2,224,2026-06-22,2026-08-13,38,B05
C01572,ชาย,35-44,B04,บางนา,2026-04-26,2026-04,False,True,4,370,2026-04-26,2026-07-12,70,B04
C01573,หญิง,ต่ำกว่า 18,B02,สีลม,2026-06-03,2026-06,True,True,4,270,2026-06-16,2026-08-28,23,B02
C01574,หญิง,45-54,B05,มหาวิทยาลัย,2025-04-15,2025-04,False,True,13,1289,2025-04-28,2026-09-10,10,B05
C01575,ชาย,18-24,B02,สีลม,2026-09-11,2026-09,False,True,2,205,2026-09-13,2026-09-18,2,B02
C01576,หญิง,25-34,B02,สีลม,2026-05-11,2026-05,False,True,9,819,2026-05-22,2026-09-12,8,B02
C01577,ชาย,18-24,B02,สีลม,2026-08-10,2026-08,False,False,0,0,,,,
C01578,หญิง,35-44,B05,มหาวิทยาลัย,2026-07-05,2026-07,False,False,0,0,,,,
C01579,หญิง,45-54,B04,บางนา,2026-05-14,2026-05,False,True,1,129,2026-09-20,2026-09-20,0,B04
C01580,หญิง,18-24,B03,อารีย์,2025-12-07,2025-12,False,True,8,692,2026-01-26,2026-09-12,8,B03
C01581,ชาย,35-44,B05,มหาวิทยาลัย,2025-04-06,2025-04,False,True,9,893,2025-04-08,2025-06-24,453,B05
C01582,ชาย,35-44,B04,บางนา,2026-04-27,2026-04,False,True,3,260,2026-05-05,2026-08-25,26,B04
C01583,ชาย,55+,B02,สีลม,2026-08-16,2026-08,False,True,2,230,2026-08-30,2026-09-01,19,B02
C01584,ชาย,25-34,B05,มหาวิทยาลัย,2026-01-20,2026-01,False,True,4,545,2026-03-23,2026-07-28,54,B05
C01585,ชาย,25-34,B04,บางนา,2026-04-16,2026-04,False,True,7,1238,2026-06-11,2026-08-07,44,B04
C01586,หญิง,18-24,B05,มหาวิทยาลัย,2026-05-01,2026-05,False,True,1,125,2026-08-17,2026-08-17,34,B05
C01587,ชาย,18-24,B04,บางนา,2026-06-23,2026-06,False,True,1,145,2026-08-22,2026-08-22,29,B04
C01588,หญิง,18-24,B05,มหาวิทยาลัย,2025-10-02,2025-10,False,True,2,165,2026-03-23,2026-04-17,156,B05
C01589,หญิง,ต่ำกว่า 18,B05,มหาวิทยาลัย,2026-02-03,2026-02,True,True,1,65,2026-08-15,2026-08-15,36,B01
C01590,ชาย,25-34,B05,มหาวิทยาลัย,2026-05-06,2026-05,False,True,4,420,2026-05-14,2026-08-09,42,B05
C01591,หญิง,45-54,B05,มหาวิทยาลัย,2025-12-05,2025-12,False,False,0,0,,,,
C01592,หญิง,45-54,B05,มหาวิทยาลัย,2025-09-10,2025-09,False,True,2,324,2025-10-09,2025-11-09,315,B02
C01593,หญิง,18-24,B02,สีลม,2026-09-01,2026-09,False,True,1,255,2026-09-06,2026-09-06,14,B01
C01594,ชาย,25-34,B05,มหาวิทยาลัย,2026-04-18,2026-04,False,True,1,260,2026-06-05,2026-06-05,107,B05
C01595,ชาย,45-54,B05,มหาวิทยาลัย,2026-08-16,2026-08,False,False,0,0,,,,
C01596,ชาย,18-24,B02,สีลม,2026-03-13,2026-03,False,True,3,239,2026-03-17,2026-06-17,95,B02
C01597,ชาย,25-34,B01,สยาม,2025-11-22,2025-11,False,True,3,299,2025-11-30,2026-06-25,87,B01
C01598,หญิง,25-34,B01,สยาม,2025-11-07,2025-11,False,True,2,140,2025-12-17,2026-01-17,246,B03
C01599,หญิง,45-54,B02,สีลม,2026-03-15,2026-03,False,True,3,395,2026-05-19,2026-09-04,16,B05
C01600,หญิง,35-44,B01,สยาม,2025-09-28,2025-09,False,True,18,2000,2025-09-30,2026-08-25,26,B01
C01601,ชาย,35-44,B04,บางนา,2026-03-30,2026-03,False,True,1,75,2026-07-11,2026-07-11,71,B04
C01602,หญิง,45-54,B01,สยาม,2026-01-21,2026-01,False,True,1,120,2026-07-11,2026-07-11,71,B01
C01603,หญิง,18-24,B01,สยาม,2026-06-01,2026-06,False,True,7,940,2026-06-06,2026-09-16,4,B01
C01604,ชาย,18-24,B02,สีลม,2026-09-13,2026-09,False,False,0,0,,,,
C01605,หญิง,45-54,B02,สีลม,2026-03-20,2026-03,False,True,8,1173,2026-03-27,2026-09-15,5,B02
C01606,ชาย,25-34,B01,สยาม,2025-06-23,2025-06,False,True,15,2063,2025-07-16,2026-08-17,34,B01
C01607,หญิง,35-44,B02,สีลม,2026-06-23,2026-06,False,False,0,0,,,,
C01608,ชาย,25-34,B01,สยาม,2025-09-05,2025-09,False,True,10,2034,2025-09-28,2026-09-19,1,B01
C01609,หญิง,45-54,B01,สยาม,2025-11-10,2025-11,False,True,2,109,2026-01-06,2026-01-11,252,B01
C01610,ชาย,45-54,B01,สยาม,2025-07-02,2025-07,False,True,2,382,2025-07-13,2025-07-31,416,B01
C01611,ชาย,35-44,B04,บางนา,2025-12-05,2025-12,False,True,7,829,2025-12-14,2026-09-13,7,B04
C01612,ชาย,25-34,B05,มหาวิทยาลัย,2025-12-13,2025-12,False,True,1,110,2026-03-17,2026-03-17,187,B05
C01613,หญิง,18-24,B01,สยาม,2026-05-02,2026-05,False,False,0,0,,,,
C01614,ไม่ระบุ,45-54,B04,บางนา,2025-07-20,2025-07,False,True,16,2417,2025-08-09,2026-07-26,56,B04
C01615,ชาย,18-24,B04,บางนา,2026-04-30,2026-04,False,True,1,60,2026-05-16,2026-05-16,127,B04
C01616,ชาย,25-34,B03,อารีย์,2026-01-07,2026-01,False,True,9,685,2026-02-24,2026-06-22,90,B03
C01617,หญิง,25-34,B03,อารีย์,2026-04-18,2026-04,False,True,5,593,2026-04-28,2026-09-19,1,B03
C01618,ชาย,ต่ำกว่า 18,B04,บางนา,2026-09-08,2026-09,True,False,0,0,,,,
C01619,ชาย,18-24,B01,สยาม,2025-10-28,2025-10,False,True,11,1077,2025-11-02,2026-07-15,67,B01
C01620,ชาย,35-44,B02,สีลม,2025-05-14,2025-05,False,True,20,2607,2025-05-30,2026-08-21,30,B02
C01621,หญิง,35-44,B03,อารีย์,2026-05-31,2026-05,False,True,2,425,2026-06-11,2026-08-28,23,B03
C01622,ไม่ระบุ,25-34,B04,บางนา,2026-03-18,2026-03,False,True,1,190,2026-05-30,2026-05-30,113,B04
C01623,หญิง,35-44,B01,สยาม,2026-04-02,2026-04,False,True,12,1379,2026-04-12,2026-08-29,22,B01
C01624,หญิง,18-24,B01,สยาม,2025-12-11,2025-12,False,True,3,494,2026-02-09,2026-02-14,218,B01
C01625,ไม่ระบุ,ต่ำกว่า 18,B03,อารีย์,2026-02-16,2026-02,True,True,6,929,2026-02-16,2026-03-17,187,B03
C01626,ชาย,18-24,B02,สีลม,2026-08-16,2026-08,False,True,1,85,2026-08-29,2026-08-29,22,B01
C01627,หญิง,18-24,B05,มหาวิทยาลัย,2026-02-13,2026-02,False,True,2,150,2026-03-06,2026-07-24,58,B05
C01628,ชาย,25-34,B03,อารีย์,2026-07-06,2026-07,False,False,0,0,,,,
C01629,ไม่ระบุ,18-24,B04,บางนา,2026-02-15,2026-02,False,False,0,0,,,,
C01630,ชาย,55+,B01,สยาม,2025-07-27,2025-07,False,True,7,1007,2025-08-16,2026-08-10,41,B01
C01631,หญิง,18-24,B02,สีลม,2025-06-15,2025-06,False,True,3,260,2025-06-17,2025-09-02,383,B02
C01632,หญิง,ต่ำกว่า 18,B05,มหาวิทยาลัย,2026-08-26,2026-08,True,False,0,0,,,,
C01633,หญิง,45-54,B05,มหาวิทยาลัย,2025-08-05,2025-08,False,True,22,2488,2025-08-21,2026-09-14,6,B05
C01634,หญิง,18-24,B05,มหาวิทยาลัย,2025-09-26,2025-09,False,True,5,733,2025-11-18,2026-09-15,5,B05
C01635,หญิง,18-24,B01,สยาม,2026-04-28,2026-04,False,False,0,0,,,,
C01636,หญิง,ต่ำกว่า 18,B05,มหาวิทยาลัย,2025-04-09,2025-04,True,True,9,771,2025-06-06,2026-01-19,244,B05
C01637,ชาย,35-44,B02,สีลม,2026-08-11,2026-08,False,False,0,0,,,,
C01638,หญิง,25-34,B01,สยาม,2026-03-11,2026-03,False,True,9,1074,2026-03-14,2026-06-06,106,B01
C01639,หญิง,18-24,B02,สีลม,2026-02-04,2026-02,False,True,3,270,2026-02-17,2026-03-23,181,B02
C01640,ชาย,35-44,B04,บางนา,2026-06-29,2026-06,False,True,1,280,2026-07-07,2026-07-07,75,B04
C01641,หญิง,35-44,B02,สีลม,2025-08-07,2025-08,False,True,6,1099,2025-09-29,2026-08-10,41,B02
C01642,หญิง,25-34,B03,อารีย์,2026-09-13,2026-09,False,False,0,0,,,,
C01643,ชาย,18-24,B05,มหาวิทยาลัย,2026-08-11,2026-08,False,True,1,220,2026-09-02,2026-09-02,18,B05
C01644,หญิง,25-34,B01,สยาม,2025-04-22,2025-04,False,True,14,1723,2025-05-28,2025-08-18,398,B01
C01645,หญิง,35-44,B03,อารีย์,2026-01-26,2026-01,False,True,1,45,2026-01-28,2026-01-28,235,B03
C01646,ชาย,35-44,B01,สยาม,2026-07-27,2026-07,False,False,0,0,,,,
C01647,หญิง,25-34,B04,บางนา,2025-08-20,2025-08,False,True,1,90,2025-09-07,2025-09-07,378,B04
C01648,ชาย,18-24,B02,สีลม,2025-07-07,2025-07,False,False,0,0,,,,
C01649,หญิง,25-34,B05,มหาวิทยาลัย,2025-12-30,2025-12,False,True,2,225,2026-02-14,2026-03-13,191,B02
C01650,ไม่ระบุ,35-44,B03,อารีย์,2026-07-05,2026-07,False,True,1,65,2026-08-10,2026-08-10,41,B03
C01651,หญิง,35-44,B03,อารีย์,2025-12-27,2025-12,False,True,10,1188,2025-12-28,2026-09-08,12,B03
C01652,ไม่ระบุ,45-54,B05,มหาวิทยาลัย,2026-02-14,2026-02,False,True,6,1183,2026-03-17,2026-09-17,3,B05
C01653,ชาย,25-34,B04,บางนา,2025-10-21,2025-10,False,True,1,50,2025-10-27,2025-10-27,328,B04
C01654,ไม่ระบุ,45-54,B01,สยาม,2025-12-23,2025-12,False,True,5,420,2026-01-31,2026-07-21,61,B01
C01655,หญิง,45-54,B05,มหาวิทยาลัย,2026-07-20,2026-07,False,True,1,300,2026-07-26,2026-07-26,56,B05
C01656,หญิง,55+,B02,สีลม,2025-06-20,2025-06,False,True,28,4362,2025-07-10,2026-09-14,6,B02
C01657,หญิง,18-24,B03,อารีย์,2026-08-01,2026-08,False,True,2,140,2026-08-22,2026-09-19,1,B03
C01658,ไม่ระบุ,25-34,B01,สยาม,2025-09-15,2025-09,False,True,3,284,2025-09-19,2025-10-14,341,B01
C01659,หญิง,35-44,B02,สีลม,2026-01-21,2026-01,False,True,12,1649,2026-03-10,2026-09-14,6,B02
C01660,หญิง,35-44,B01,สยาม,2025-06-14,2025-06,False,False,0,0,,,,
C01661,หญิง,25-34,B04,บางนา,2026-07-21,2026-07,False,False,0,0,,,,
C01662,ชาย,18-24,B05,มหาวิทยาลัย,2026-09-02,2026-09,False,False,0,0,,,,
C01663,หญิง,45-54,B05,มหาวิทยาลัย,2025-12-30,2025-12,False,True,1,170,2026-02-20,2026-02-20,212,B05
C01664,หญิง,25-34,B01,สยาม,2025-06-16,2025-06,False,True,24,3842,2025-06-28,2026-03-29,175,B01
C01665,หญิง,18-24,B03,อารีย์,2025-12-02,2025-12,False,True,7,1260,2025-12-10,2026-04-19,154,B03
C01666,ชาย,18-24,B03,อารีย์,2026-03-18,2026-03,False,True,7,649,2026-03-28,2026-07-16,66,B03
C01667,หญิง,25-34,B01,สยาม,2025-04-05,2025-04,False,True,15,2200,2025-04-10,2026-01-21,242,B01
C01668,หญิง,18-24,B04,บางนา,2025-04-21,2025-04,False,True,14,2393,2025-04-24,2026-01-29,234,B04
C01669,หญิง,35-44,B05,มหาวิทยาลัย,2025-04-10,2025-04,False,True,19,3178,2025-04-12,2026-08-13,38,B05
C01670,หญิง,18-24,B01,สยาม,2026-02-07,2026-02,False,True,4,320,2026-05-10,2026-07-29,53,B01
C01671,หญิง,18-24,B04,บางนา,2025-06-16,2025-06,False,True,19,2309,2025-07-07,2026-09-13,7,B04
C01672,ชาย,25-34,B02,สีลม,2026-07-04,2026-07,False,False,0,0,,,,
C01673,ชาย,25-34,B02,สีลม,2025-07-21,2025-07,False,True,2,350,2025-08-14,2026-01-28,235,B02
C01674,หญิง,25-34,B05,มหาวิทยาลัย,2026-04-26,2026-04,False,True,3,300,2026-05-24,2026-09-05,15,B05
C01675,ชาย,25-34,B02,สีลม,2025-07-16,2025-07,False,True,2,165,2025-08-10,2025-08-15,401,B02
C01676,หญิง,35-44,B03,อารีย์,2025-12-11,2025-12,False,True,1,95,2026-01-24,2026-01-24,239,B03
C01677,หญิง,18-24,B04,บางนา,2026-02-20,2026-02,False,True,8,1089,2026-02-24,2026-08-18,33,B04
C01678,ชาย,18-24,B05,มหาวิทยาลัย,2025-08-24,2025-08,False,False,0,0,,,,
C01679,หญิง,55+,B02,สีลม,2026-04-28,2026-04,False,True,1,75,2026-05-02,2026-05-02,141,B02
C01680,หญิง,35-44,B05,มหาวิทยาลัย,2026-06-14,2026-06,False,True,1,180,2026-06-28,2026-06-28,84,B05
C01681,ชาย,18-24,B01,สยาม,2026-02-15,2026-02,False,True,4,505,2026-03-02,2026-07-13,69,B01
C01682,หญิง,25-34,B05,มหาวิทยาลัย,2026-07-13,2026-07,False,True,2,385,2026-07-16,2026-09-13,7,B05
C01683,ไม่ระบุ,25-34,B03,อารีย์,2025-12-21,2025-12,False,True,3,230,2026-02-25,2026-09-06,14,B03
C01684,หญิง,35-44,B01,สยาม,2026-01-13,2026-01,False,True,5,630,2026-03-02,2026-07-20,62,B01
C01685,หญิง,ต่ำกว่า 18,B05,มหาวิทยาลัย,2026-01-31,2026-01,True,False,0,0,,,,
C01686,หญิง,45-54,B05,มหาวิทยาลัย,2025-04-08,2025-04,False,True,6,874,2025-06-05,2025-12-17,277,B05
C01687,ชาย,18-24,B04,บางนา,2025-05-04,2025-05,False,True,11,1380,2025-05-08,2026-02-14,218,B04
C01688,ชาย,18-24,B04,บางนา,2026-05-08,2026-05,False,True,8,820,2026-05-17,2026-07-25,57,B04
C01689,หญิง,25-34,B04,บางนา,2026-05-12,2026-05,False,True,3,365,2026-05-18,2026-09-10,10,B04
C01690,หญิง,35-44,B01,สยาม,2025-04-18,2025-04,False,True,4,539,2025-05-22,2025-08-15,401,B01
C01691,หญิง,25-34,B05,มหาวิทยาลัย,2025-04-17,2025-04,False,False,0,0,,,,
C01692,หญิง,25-34,B01,สยาม,2025-05-09,2025-05,False,False,0,0,,,,
C01693,หญิง,35-44,B01,สยาม,2026-02-22,2026-02,False,False,0,0,,,,
C01694,หญิง,35-44,B01,สยาม,2026-04-05,2026-04,False,True,5,705,2026-04-11,2026-08-29,22,B01
C01695,ชาย,25-34,B05,มหาวิทยาลัย,2026-02-28,2026-02,False,True,2,140,2026-03-03,2026-03-18,186,B05
C01696,หญิง,35-44,B01,สยาม,2026-01-18,2026-01,False,True,2,190,2026-01-20,2026-05-24,119,B01
C01697,ชาย,35-44,B02,สีลม,2025-12-06,2025-12,False,True,3,978,2026-03-10,2026-09-04,16,B02
C01698,หญิง,35-44,B02,สีลม,2025-07-20,2025-07,False,True,1,80,2025-07-26,2025-07-26,421,B02
C01699,หญิง,18-24,B03,อารีย์,2026-06-18,2026-06,False,True,1,65,2026-06-21,2026-06-21,91,B03
C01700,ชาย,45-54,B05,มหาวิทยาลัย,2025-09-25,2025-09,False,True,8,774,2025-09-30,2026-08-01,50,B05
C01701,หญิง,35-44,B04,บางนา,2026-09-05,2026-09,False,False,0,0,,,,
C01702,หญิง,ต่ำกว่า 18,B05,มหาวิทยาลัย,2026-04-01,2026-04,True,True,3,215,2026-04-01,2026-08-30,21,B05
C01703,หญิง,35-44,B05,มหาวิทยาลัย,2026-08-27,2026-08,False,True,1,65,2026-09-16,2026-09-16,4,B05
C01704,หญิง,35-44,B01,สยาม,2026-07-18,2026-07,False,True,2,210,2026-08-01,2026-08-08,43,B01
C01705,ชาย,35-44,B05,มหาวิทยาลัย,2026-03-09,2026-03,False,True,1,45,2026-03-25,2026-03-25,179,B05
C01706,หญิง,18-24,B02,สีลม,2026-02-09,2026-02,False,True,4,470,2026-03-14,2026-05-15,128,B02
C01707,ชาย,18-24,B03,อารีย์,2026-09-07,2026-09,False,False,0,0,,,,
C01708,หญิง,35-44,B01,สยาม,2025-09-05,2025-09,False,True,9,1790,2025-10-12,2026-09-17,3,B01
C01709,ชาย,25-34,B02,สีลม,2025-04-25,2025-04,False,True,8,880,2025-04-29,2025-12-23,271,B02
C01710,ชาย,25-34,B05,มหาวิทยาลัย,2025-12-16,2025-12,False,True,3,245,2026-03-09,2026-09-16,4,B05
C01711,หญิง,55+,B02,สีลม,2025-08-15,2025-08,False,True,10,1165,2025-10-14,2026-09-10,10,B02
C01712,หญิง,25-34,B03,อารีย์,2026-08-21,2026-08,False,False,0,0,,,,
C01713,หญิง,18-24,B05,มหาวิทยาลัย,2026-01-04,2026-01,False,True,5,910,2026-01-10,2026-07-30,52,B05
C01714,หญิง,18-24,B05,มหาวิทยาลัย,2026-09-05,2026-09,False,True,2,140,2026-09-11,2026-09-17,3,B05
C01715,ชาย,55+,B01,สยาม,2025-05-27,2025-05,False,True,1,205,2025-06-07,2025-06-07,470,B01
C01716,ไม่ระบุ,ต่ำกว่า 18,B02,สีลม,2026-04-18,2026-04,True,False,0,0,,,,
C01717,ชาย,45-54,B01,สยาม,2026-09-07,2026-09,False,True,1,65,2026-09-17,2026-09-17,3,B05
C01718,หญิง,18-24,B01,สยาม,2026-06-09,2026-06,False,True,1,150,2026-07-16,2026-07-16,66,B01
C01719,หญิง,35-44,B01,สยาม,2025-10-16,2025-10,False,False,0,0,,,,
C01720,หญิง,25-34,B05,มหาวิทยาลัย,2025-10-31,2025-10,False,True,5,450,2025-11-05,2026-01-15,248,B05
C01721,ชาย,25-34,B04,บางนา,2026-01-24,2026-01,False,True,5,1005,2026-01-30,2026-04-10,163,B04
C01722,ชาย,18-24,B02,สีลม,2025-11-10,2025-11,False,True,5,535,2025-11-14,2026-04-21,152,B02
C01723,ชาย,25-34,B01,สยาม,2026-01-11,2026-01,False,True,9,994,2026-03-05,2026-09-17,3,B01
C01724,หญิง,35-44,B02,สีลม,2026-06-07,2026-06,False,False,0,0,,,,
C01725,หญิง,25-34,B02,สีลม,2025-11-12,2025-11,False,True,7,639,2025-12-19,2026-09-10,10,B02
C01726,ชาย,18-24,B02,สีลม,2025-08-17,2025-08,False,True,4,760,2025-08-20,2025-10-08,347,B02
C01727,หญิง,35-44,B01,สยาม,2025-12-28,2025-12,False,True,4,590,2026-01-06,2026-02-25,207,B01
C01728,หญิง,18-24,B05,มหาวิทยาลัย,2025-10-04,2025-10,False,True,2,97,2025-11-13,2025-12-19,275,B05
C01729,หญิง,35-44,B01,สยาม,2026-05-27,2026-05,False,True,5,620,2026-05-31,2026-08-21,30,B01
C01730,ชาย,25-34,B01,สยาม,2026-01-03,2026-01,False,True,2,370,2026-03-02,2026-06-18,94,B01
C01731,หญิง,25-34,B04,บางนา,2025-04-10,2025-04,False,True,12,1380,2025-04-21,2025-12-13,281,B04
C01732,หญิง,ต่ำกว่า 18,B01,สยาม,2025-10-21,2025-10,True,True,27,3741,2025-10-28,2026-08-13,38,B01
C01733,หญิง,25-34,B01,สยาม,2026-05-25,2026-05,False,False,0,0,,,,
C01734,ชาย,18-24,B01,สยาม,2026-07-24,2026-07,False,False,0,0,,,,
C01735,หญิง,ต่ำกว่า 18,B03,อารีย์,2026-08-06,2026-08,True,True,2,405,2026-08-18,2026-08-19,32,B03
C01736,ชาย,25-34,B01,สยาม,2026-08-19,2026-08,False,False,0,0,,,,
C01737,หญิง,ต่ำกว่า 18,B03,อารีย์,2026-07-11,2026-07,True,False,0,0,,,,
C01738,หญิง,18-24,B03,อารีย์,2026-06-05,2026-06,False,True,4,1205,2026-06-06,2026-09-12,8,B03
C01739,หญิง,18-24,B02,สีลม,2026-01-21,2026-01,False,True,8,1142,2026-02-10,2026-09-04,16,B02
C01740,หญิง,35-44,B01,สยาม,2026-08-30,2026-08,False,True,1,90,2026-09-06,2026-09-06,14,B01
C01741,ไม่ระบุ,18-24,B02,สีลม,2026-05-21,2026-05,False,True,2,130,2026-06-11,2026-07-17,65,B02
C01742,ชาย,35-44,B04,บางนา,2025-12-17,2025-12,False,False,0,0,,,,
C01743,ชาย,25-34,B05,มหาวิทยาลัย,2025-04-29,2025-04,False,True,18,2197,2025-05-13,2026-09-20,0,B05
C01744,ชาย,25-34,B01,สยาม,2026-04-05,2026-04,False,False,0,0,,,,
C01745,หญิง,35-44,B04,บางนา,2026-08-17,2026-08,False,True,1,75,2026-09-19,2026-09-19,1,B04
C01746,ชาย,18-24,B04,บางนา,2026-06-26,2026-06,False,False,0,0,,,,
C01747,ชาย,25-34,B05,มหาวิทยาลัย,2025-12-12,2025-12,False,True,1,89,2026-02-01,2026-02-01,231,B05
C01748,ชาย,18-24,B04,บางนา,2026-08-29,2026-08,False,False,0,0,,,,
C01749,ชาย,25-34,B03,อารีย์,2025-12-06,2025-12,False,True,17,1814,2025-12-20,2026-09-05,15,B03
C01750,หญิง,45-54,B02,สีลม,2026-06-20,2026-06,False,False,0,0,,,,
C01751,หญิง,35-44,B02,สีลม,2026-02-24,2026-02,False,True,8,975,2026-03-09,2026-09-14,6,B02
C01752,ชาย,18-24,B05,มหาวิทยาลัย,2026-02-20,2026-02,False,True,2,199,2026-03-20,2026-04-26,147,B05
C01753,หญิง,25-34,B01,สยาม,2025-10-20,2025-10,False,True,1,65,2025-10-20,2025-10-20,335,B01
C01754,ชาย,35-44,B05,มหาวิทยาลัย,2026-08-18,2026-08,False,False,0,0,,,,
C01755,หญิง,25-34,B03,อารีย์,2026-03-02,2026-03,False,True,1,95,2026-04-05,2026-04-05,168,B03
C01756,หญิง,35-44,B02,สีลม,2026-08-29,2026-08,False,False,0,0,,,,
C01757,ชาย,18-24,B05,มหาวิทยาลัย,2026-08-17,2026-08,False,True,2,345,2026-08-26,2026-09-13,7,B05
C01758,หญิง,25-34,B05,มหาวิทยาลัย,2026-01-08,2026-01,False,False,0,0,,,,
C01759,หญิง,18-24,B01,สยาม,2025-09-27,2025-09,False,True,13,2126,2025-09-29,2026-09-17,3,B01
C01760,หญิง,25-34,B03,อารีย์,2026-02-08,2026-02,False,True,4,574,2026-03-19,2026-05-26,117,B03
C01761,หญิง,18-24,B01,สยาม,2026-06-07,2026-06,False,False,0,0,,,,
C01762,ชาย,25-34,B05,มหาวิทยาลัย,2026-03-21,2026-03,False,True,2,285,2026-04-08,2026-07-09,73,B05
C01763,ชาย,25-34,B02,สีลม,2026-02-13,2026-02,False,True,2,310,2026-03-05,2026-04-07,166,B04
C01764,หญิง,55+,B05,มหาวิทยาลัย,2025-09-22,2025-09,False,True,3,384,2025-11-06,2026-01-15,248,B05
C01765,หญิง,45-54,B03,อารีย์,2026-06-20,2026-06,False,True,3,500,2026-06-25,2026-08-29,22,B03
C01766,ชาย,25-34,B03,อารีย์,2025-12-30,2025-12,False,True,2,460,2026-01-08,2026-02-03,229,B03
C01767,หญิง,18-24,B04,บางนา,2026-07-16,2026-07,False,False,0,0,,,,
C01768,หญิง,25-34,B01,สยาม,2026-04-04,2026-04,False,True,2,154,2026-05-30,2026-06-03,109,B01
C01769,หญิง,35-44,B05,มหาวิทยาลัย,2025-10-22,2025-10,False,True,1,60,2025-11-03,2025-11-03,321,B05
C01770,ชาย,35-44,B02,สีลม,2025-11-11,2025-11,False,True,2,220,2025-11-14,2025-12-16,278,B02
C01771,หญิง,25-34,B02,สีลม,2026-02-24,2026-02,False,True,3,420,2026-04-01,2026-05-28,115,B02
C01772,หญิง,25-34,B05,มหาวิทยาลัย,2026-07-29,2026-07,False,False,0,0,,,,
C01773,หญิง,55+,B02,สีลม,2026-01-29,2026-01,False,True,3,320,2026-02-11,2026-03-18,186,B02
C01774,หญิง,18-24,B04,บางนา,2026-09-06,2026-09,False,False,0,0,,,,
C01775,ชาย,35-44,B05,มหาวิทยาลัย,2025-12-18,2025-12,False,True,5,425,2026-02-17,2026-08-21,30,B05
C01776,หญิง,18-24,B03,อารีย์,2026-01-04,2026-01,False,True,12,1596,2026-01-04,2026-06-29,83,B03
C01777,ชาย,25-34,B01,สยาม,2025-12-29,2025-12,False,True,16,2505,2026-01-01,2026-09-07,13,B01
C01778,ไม่ระบุ,45-54,B02,สีลม,2025-09-22,2025-09,False,True,11,975,2025-09-24,2026-09-20,0,B02
C01779,ชาย,45-54,B04,บางนา,2025-08-09,2025-08,False,True,14,2039,2025-09-15,2026-07-08,74,B04
C01780,หญิง,18-24,B04,บางนา,2025-10-11,2025-10,False,True,13,1155,2025-10-31,2026-09-03,17,B04
C01781,หญิง,45-54,B01,สยาม,2025-04-27,2025-04,False,True,25,3602,2025-05-08,2026-09-17,3,B01
C01782,หญิง,25-34,B02,สีลม,2025-10-18,2025-10,False,True,14,1963,2025-11-09,2026-08-30,21,B02
C01783,หญิง,18-24,B02,สีลม,2026-02-18,2026-02,False,True,3,605,2026-03-18,2026-04-30,143,B02
C01784,หญิง,18-24,B02,สีลม,2026-01-11,2026-01,False,True,2,205,2026-01-14,2026-03-03,201,B02
C01785,หญิง,25-34,B02,สีลม,2026-04-10,2026-04,False,True,2,100,2026-05-13,2026-06-30,82,B02
C01786,ชาย,18-24,B05,มหาวิทยาลัย,2026-09-06,2026-09,False,False,0,0,,,,
C01787,ชาย,18-24,B02,สีลม,2026-04-05,2026-04,False,True,4,379,2026-04-08,2026-08-22,29,B02
C01788,ชาย,45-54,B02,สีลม,2025-11-12,2025-11,False,True,2,440,2025-12-19,2026-01-21,242,B03
C01789,หญิง,18-24,B01,สยาม,2025-11-11,2025-11,False,True,12,1054,2026-02-14,2026-09-04,16,B01
C01790,หญิง,45-54,B03,อารีย์,2026-01-08,2026-01,False,True,11,1788,2026-01-16,2026-05-04,139,B03
C01791,ชาย,25-34,B05,มหาวิทยาลัย,2026-02-22,2026-02,False,True,2,260,2026-03-24,2026-07-01,81,B05
C01792,หญิง,18-24,B02,สีลม,2025-08-07,2025-08,False,False,0,0,,,,
C01793,หญิง,45-54,B01,สยาม,2025-05-18,2025-05,False,True,8,1409,2025-06-11,2026-08-22,29,B01
C01794,ชาย,18-24,B04,บางนา,2026-04-10,2026-04,False,True,1,120,2026-07-14,2026-07-14,68,B04
C01795,ไม่ระบุ,18-24,B01,สยาม,2025-06-05,2025-06,False,True,7,947,2025-06-09,2025-08-16,400,B01
C01796,ชาย,55+,B02,สีลม,2025-05-05,2025-05,False,True,20,2543,2025-05-12,2026-07-06,76,B02
C01797,ชาย,25-34,B01,สยาม,2025-12-11,2025-12,False,True,5,420,2025-12-28,2026-09-04,16,B01
C01798,ชาย,35-44,B02,สีลม,2026-06-03,2026-06,False,False,0,0,,,,
C01799,หญิง,35-44,B01,สยาม,2025-11-07,2025-11,False,True,9,827,2025-11-13,2026-03-23,181,B01
C01800,ชาย,35-44,B05,มหาวิทยาลัย,2026-04-23,2026-04,False,True,1,65,2026-09-10,2026-09-10,10,B05
C01801,ชาย,25-34,B02,สีลม,2026-02-16,2026-02,False,True,2,310,2026-03-04,2026-03-04,200,B02
C01802,หญิง,18-24,B04,บางนา,2025-07-14,2025-07,False,True,11,1625,2025-07-22,2026-05-01,142,B04
C01803,ไม่ระบุ,25-34,B02,สีลม,2025-12-12,2025-12,False,True,2,395,2026-03-20,2026-04-11,162,B02
C01804,ชาย,25-34,B02,สีลม,2025-10-10,2025-10,False,True,4,495,2025-10-21,2025-12-16,278,B02
C01805,หญิง,35-44,B04,บางนา,2025-12-06,2025-12,False,True,19,3093,2026-01-11,2026-09-19,1,B04
C01806,หญิง,25-34,B03,อารีย์,2026-01-21,2026-01,False,True,16,2227,2026-01-24,2026-08-04,47,B03
C01807,หญิง,25-34,B01,สยาม,2026-07-15,2026-07,False,True,1,270,2026-08-12,2026-08-12,39,B01
C01808,หญิง,55+,B04,บางนา,2026-05-18,2026-05,False,True,4,660,2026-05-26,2026-09-07,13,B04
C01809,หญิง,25-34,B01,สยาม,2025-10-24,2025-10,False,True,3,395,2026-01-12,2026-02-14,218,B01
C01810,หญิง,18-24,B02,สีลม,2026-01-21,2026-01,False,True,4,415,2026-02-24,2026-06-13,99,B02
C01811,ชาย,55+,B05,มหาวิทยาลัย,2026-01-20,2026-01,False,True,1,85,2026-03-11,2026-03-11,193,B05
C01812,ชาย,35-44,B02,สีลม,2026-08-26,2026-08,False,False,0,0,,,,
C01813,ไม่ระบุ,35-44,B05,มหาวิทยาลัย,2026-04-02,2026-04,False,True,4,620,2026-04-26,2026-09-07,13,B05
C01814,ชาย,18-24,B01,สยาม,2026-03-01,2026-03,False,True,4,550,2026-03-14,2026-09-16,4,B01
C01815,หญิง,35-44,B04,บางนา,2026-06-27,2026-06,False,False,0,0,,,,
C01816,ชาย,25-34,B02,สีลม,2025-06-12,2025-06,False,True,5,549,2025-07-08,2026-08-21,30,B02
C01817,หญิง,25-34,B05,มหาวิทยาลัย,2025-06-04,2025-06,False,True,13,1340,2025-06-12,2026-08-18,33,B05
C01818,ไม่ระบุ,25-34,B05,มหาวิทยาลัย,2025-07-20,2025-07,False,True,7,1003,2025-09-25,2026-09-08,12,B05
C01819,หญิง,18-24,B01,สยาม,2025-04-24,2025-04,False,False,0,0,,,,
C01820,หญิง,25-34,B01,สยาม,2025-09-12,2025-09,False,True,19,1971,2025-09-27,2026-08-10,41,B01
C01821,ชาย,25-34,B03,อารีย์,2025-12-31,2025-12,False,True,2,184,2026-05-01,2026-05-04,139,B03
C01822,หญิง,18-24,B02,สีลม,2026-01-29,2026-01,False,True,2,338,2026-02-11,2026-03-11,193,B02
C01823,หญิง,45-54,B02,สีลม,2026-02-16,2026-02,False,True,10,1449,2026-03-04,2026-09-12,8,B02
C01824,หญิง,35-44,B03,อารีย์,2026-08-14,2026-08,False,False,0,0,,,,
C01825,หญิง,ต่ำกว่า 18,B03,อารีย์,2026-03-08,2026-03,True,True,5,963,2026-03-09,2026-08-10,41,B03
C01826,ชาย,18-24,B02,สีลม,2026-03-17,2026-03,False,True,1,65,2026-04-01,2026-04-01,172,B01
C01827,ชาย,55+,B02,สีลม,2026-01-30,2026-01,False,True,12,1674,2026-01-31,2026-08-26,25,B02
C01828,หญิง,18-24,B02,สีลม,2026-07-31,2026-07,False,True,2,229,2026-08-19,2026-08-28,23,B02
C01829,หญิง,35-44,B05,มหาวิทยาลัย,2026-06-02,2026-06,False,True,3,405,2026-06-11,2026-09-07,13,B05
C01830,หญิง,25-34,B05,มหาวิทยาลัย,2025-07-13,2025-07,False,True,1,75,2025-07-23,2025-07-23,424,B04
C01831,หญิง,45-54,B02,สีลม,2025-11-14,2025-11,False,True,2,154,2025-12-14,2026-04-19,154,B02
C01832,ชาย,25-34,B04,บางนา,2025-08-30,2025-08,False,True,2,145,2025-08-31,2025-10-01,354,B04
C01833,หญิง,18-24,B03,อารีย์,2026-02-26,2026-02,False,True,1,75,2026-08-18,2026-08-18,33,B03
C01834,หญิง,25-34,B03,อารีย์,2026-05-11,2026-05,False,True,8,1113,2026-05-21,2026-09-12,8,B03
C01835,หญิง,35-44,B03,อารีย์,2025-11-08,2025-11,False,True,12,1654,2025-11-17,2026-08-22,29,B03
C01836,หญิง,18-24,B02,สีลม,2025-06-08,2025-06,False,True,8,795,2025-06-25,2026-08-14,37,B02
C01837,หญิง,18-24,B02,สีลม,2026-07-28,2026-07,False,True,2,250,2026-08-01,2026-09-17,3,B02
C01838,หญิง,18-24,B03,อารีย์,2026-05-24,2026-05,False,True,2,194,2026-07-04,2026-09-03,17,B03
C01839,ชาย,45-54,B01,สยาม,2026-04-02,2026-04,False,False,0,0,,,,
C01840,หญิง,25-34,B02,สีลม,2026-07-17,2026-07,False,True,4,579,2026-07-23,2026-09-18,2,B02
C01841,หญิง,ต่ำกว่า 18,B02,สีลม,2026-05-01,2026-05,True,True,2,150,2026-05-25,2026-08-25,26,B02
C01842,หญิง,45-54,B03,อารีย์,2026-07-22,2026-07,False,True,1,50,2026-09-09,2026-09-09,11,B03
C01843,ชาย,55+,B04,บางนา,2025-05-13,2025-05,False,True,13,1403,2025-06-07,2026-09-12,8,B04
C01844,หญิง,35-44,B03,อารีย์,2026-06-08,2026-06,False,True,4,560,2026-07-22,2026-09-04,16,B03
C01845,ชาย,18-24,B05,มหาวิทยาลัย,2026-07-30,2026-07,False,True,1,310,2026-08-13,2026-08-13,38,B05
C01846,ชาย,25-34,B02,สีลม,2026-04-10,2026-04,False,True,6,767,2026-04-21,2026-09-15,5,B02
C01847,หญิง,45-54,B04,บางนา,2025-10-20,2025-10,False,True,12,1767,2026-01-01,2026-07-17,65,B04
C01848,หญิง,35-44,B01,สยาม,2025-12-01,2025-12,False,True,4,350,2025-12-09,2026-04-26,147,B01
C01849,ชาย,45-54,B05,มหาวิทยาลัย,2026-07-03,2026-07,False,False,0,0,,,,
C01850,ชาย,25-34,B05,มหาวิทยาลัย,2025-04-21,2025-04,False,True,13,1469,2025-07-20,2026-08-12,39,B05
C01851,ชาย,55+,B01,สยาม,2025-08-27,2025-08,False,True,6,955,2025-10-01,2026-03-31,173,B01
C01852,หญิง,18-24,B05,มหาวิทยาลัย,2026-06-05,2026-06,False,False,0,0,,,,
C01853,ชาย,25-34,B05,มหาวิทยาลัย,2026-08-29,2026-08,False,False,0,0,,,,
C01854,หญิง,45-54,B05,มหาวิทยาลัย,2025-11-25,2025-11,False,True,6,725,2025-12-09,2026-04-02,171,B05
C01855,หญิง,35-44,B02,สีลม,2025-07-25,2025-07,False,True,2,160,2025-10-14,2025-10-26,329,B02
C01856,ชาย,25-34,B01,สยาม,2025-12-10,2025-12,False,True,2,175,2026-01-07,2026-01-07,256,B02
C01857,หญิง,25-34,B02,สีลม,2025-09-20,2025-09,False,True,15,2073,2025-09-24,2026-08-19,32,B02
C01858,ชาย,25-34,B03,อารีย์,2026-03-21,2026-03,False,True,11,1410,2026-03-28,2026-09-11,9,B03
C01859,หญิง,25-34,B01,สยาม,2026-05-31,2026-05,False,True,2,230,2026-06-01,2026-06-20,92,B01
C01860,หญิง,18-24,B02,สีลม,2025-12-27,2025-12,False,True,8,839,2026-01-31,2026-08-06,45,B02
C01861,หญิง,25-34,B01,สยาม,2025-10-07,2025-10,False,True,3,240,2025-10-17,2025-12-26,268,B01
C01862,หญิง,35-44,B02,สีลม,2026-03-11,2026-03,False,True,7,744,2026-03-27,2026-07-27,55,B02
C01863,หญิง,35-44,B02,สีลม,2026-04-16,2026-04,False,True,3,230,2026-04-21,2026-05-20,123,B02
C01864,หญิง,18-24,B01,สยาม,2025-12-18,2025-12,False,True,4,500,2025-12-29,2026-09-14,6,B01
C01865,ชาย,25-34,B01,สยาม,2026-03-01,2026-03,False,True,2,349,2026-03-03,2026-08-01,50,B01
C01866,ชาย,25-34,B02,สีลม,2025-11-21,2025-11,False,True,3,215,2025-12-15,2026-01-18,245,B02
C01867,ชาย,35-44,B01,สยาม,2026-09-14,2026-09,False,False,0,0,,,,
C01868,หญิง,25-34,B05,มหาวิทยาลัย,2026-01-08,2026-01,False,True,1,240,2026-04-02,2026-04-02,171,B05
C01869,หญิง,45-54,B05,มหาวิทยาลัย,2026-02-06,2026-02,False,False,0,0,,,,
C01870,ชาย,25-34,B04,บางนา,2025-10-20,2025-10,False,True,5,564,2025-11-16,2026-06-21,91,B03
C01871,ไม่ระบุ,25-34,B02,สีลม,2026-02-28,2026-02,False,True,2,190,2026-04-27,2026-06-08,104,B02
C01872,ชาย,ต่ำกว่า 18,B04,บางนา,2026-05-27,2026-05,True,False,0,0,,,,
C01873,หญิง,35-44,B04,บางนา,2026-09-14,2026-09,False,False,0,0,,,,
C01874,ชาย,25-34,B04,บางนา,2026-06-13,2026-06,False,True,3,240,2026-07-27,2026-08-30,21,B04
C01875,หญิง,18-24,B04,บางนา,2026-09-11,2026-09,False,True,2,125,2026-09-15,2026-09-20,0,B04
C01876,หญิง,18-24,B02,สีลม,2025-05-26,2025-05,False,True,19,2407,2025-08-08,2026-09-03,17,B02
C01877,หญิง,35-44,B04,บางนา,2026-08-14,2026-08,False,False,0,0,,,,
C01878,ชาย,25-34,B03,อารีย์,2026-05-15,2026-05,False,True,8,471,2026-05-21,2026-08-31,20,B03
C01879,หญิง,45-54,B02,สีลม,2025-06-25,2025-06,False,True,4,600,2025-07-02,2025-08-02,414,B02
C01880,ชาย,18-24,B04,บางนา,2025-07-05,2025-07,False,True,12,1459,2025-07-06,2026-09-13,7,B04
C01881,หญิง,45-54,B01,สยาม,2026-07-01,2026-07,False,True,2,140,2026-07-05,2026-09-13,7,B01
C01882,หญิง,18-24,B05,มหาวิทยาลัย,2025-06-24,2025-06,False,True,1,65,2025-07-02,2025-07-02,445,B05
C01883,ชาย,35-44,B04,บางนา,2025-08-01,2025-08,False,True,3,360,2025-09-13,2026-01-25,238,B04
C01884,หญิง,18-24,B03,อารีย์,2026-02-04,2026-02,False,True,5,555,2026-03-01,2026-09-20,0,B03
C01885,หญิง,35-44,B02,สีลม,2026-05-06,2026-05,False,True,4,508,2026-05-06,2026-07-09,73,B02
C01886,ชาย,25-34,B01,สยาม,2025-11-01,2025-11,False,True,4,335,2025-12-16,2026-05-04,139,B01
C01887,ชาย,18-24,B05,มหาวิทยาลัย,2025-07-31,2025-07,False,True,12,1455,2025-08-10,2026-05-23,120,B05
C01888,หญิง,45-54,B02,สีลม,2025-04-15,2025-04,False,True,8,824,2025-04-21,2026-01-26,237,B02
C01889,หญิง,25-34,B02,สีลม,2025-07-18,2025-07,False,True,10,1100,2025-08-08,2026-07-01,81,B02
C01890,ชาย,55+,B03,อารีย์,2026-01-15,2026-01,False,True,16,2168,2026-01-20,2026-09-20,0,B03
C01891,ชาย,18-24,B03,อารีย์,2026-07-01,2026-07,False,True,2,210,2026-07-10,2026-07-18,64,B03
C01892,หญิง,18-24,B01,สยาม,2025-05-15,2025-05,False,True,7,980,2025-05-26,2025-09-16,369,B01
C01893,ชาย,35-44,B02,สีลม,2026-07-20,2026-07,False,False,0,0,,,,
C01894,หญิง,25-34,B05,มหาวิทยาลัย,2025-06-20,2025-06,False,True,34,4522,2025-06-21,2026-09-16,4,B05
C01895,ชาย,25-34,B04,บางนา,2025-10-11,2025-10,False,True,9,614,2025-11-23,2026-06-29,83,B04
C01896,ชาย,18-24,B05,มหาวิทยาลัย,2025-09-26,2025-09,False,True,5,735,2025-10-04,2025-11-27,297,B05
C01897,หญิง,35-44,B03,อารีย์,2026-07-26,2026-07,False,False,0,0,,,,
C01898,หญิง,25-34,B03,อารีย์,2026-04-21,2026-04,False,True,5,1020,2026-04-24,2026-09-09,11,B03
C01899,ชาย,25-34,B02,สีลม,2025-12-23,2025-12,False,False,0,0,,,,
C01900,ชาย,35-44,B05,มหาวิทยาลัย,2026-07-13,2026-07,False,True,2,330,2026-07-14,2026-08-13,38,B05
C01901,ชาย,55+,B02,สีลม,2025-10-15,2025-10,False,True,6,695,2025-10-30,2026-07-09,73,B02
C01902,ชาย,18-24,B05,มหาวิทยาลัย,2026-07-08,2026-07,False,True,1,65,2026-07-10,2026-07-10,72,B05
C01903,ชาย,18-24,B04,บางนา,2025-08-24,2025-08,False,True,2,294,2025-09-11,2025-10-06,349,B01
C01904,หญิง,45-54,B02,สีลม,2026-09-05,2026-09,False,False,0,0,,,,
C01905,ชาย,25-34,B01,สยาม,2026-03-25,2026-03,False,True,3,710,2026-03-30,2026-06-18,94,B01
C01906,ชาย,35-44,B02,สีลม,2026-06-18,2026-06,False,True,6,825,2026-06-19,2026-09-08,12,B02
C01907,หญิง,25-34,B03,อารีย์,2026-03-31,2026-03,False,True,3,525,2026-05-06,2026-06-12,100,B03
C01908,ชาย,25-34,B04,บางนา,2025-04-19,2025-04,False,True,21,2360,2025-04-28,2026-09-20,0,B04
C01909,หญิง,35-44,B01,สยาม,2025-11-22,2025-11,False,True,2,245,2026-02-19,2026-02-27,205,B01
C01910,หญิง,35-44,B05,มหาวิทยาลัย,2026-08-09,2026-08,False,False,0,0,,,,
C01911,หญิง,35-44,B02,สีลม,2025-05-26,2025-05,False,True,8,885,2025-05-29,2026-05-23,120,B02
C01912,หญิง,25-34,B04,บางนา,2025-10-31,2025-10,False,True,1,89,2025-11-30,2025-11-30,294,B04
C01913,ชาย,18-24,B01,สยาม,2026-08-23,2026-08,False,False,0,0,,,,
C01914,ชาย,25-34,B01,สยาม,2026-07-13,2026-07,False,False,0,0,,,,
C01915,หญิง,35-44,B02,สีลม,2025-08-11,2025-08,False,True,5,540,2025-08-21,2026-05-22,121,B02
C01916,ชาย,45-54,B01,สยาม,2026-07-13,2026-07,False,True,1,130,2026-07-29,2026-07-29,53,B01
C01917,หญิง,18-24,B05,มหาวิทยาลัย,2025-09-11,2025-09,False,True,5,700,2025-09-12,2026-09-04,16,B05
C01918,หญิง,35-44,B03,อารีย์,2025-11-06,2025-11,False,True,13,1284,2025-11-14,2026-05-19,124,B03
C01919,หญิง,18-24,B05,มหาวิทยาลัย,2025-06-02,2025-06,False,True,13,1299,2025-06-25,2026-06-25,87,B05
C01920,หญิง,25-34,B04,บางนา,2025-12-26,2025-12,False,True,2,350,2026-01-14,2026-02-18,214,B04
C01921,ชาย,25-34,B02,สีลม,2026-01-02,2026-01,False,True,1,130,2026-01-28,2026-01-28,235,B02
C01922,ชาย,45-54,B02,สีลม,2026-07-22,2026-07,False,True,1,140,2026-09-08,2026-09-08,12,B02
C01923,หญิง,18-24,B03,อารีย์,2026-07-05,2026-07,False,True,1,245,2026-07-20,2026-07-20,62,B03
C01924,หญิง,18-24,B05,มหาวิทยาลัย,2026-03-25,2026-03,False,True,6,785,2026-03-25,2026-07-07,75,B05
C01925,ชาย,25-34,B04,บางนา,2026-07-22,2026-07,False,True,1,65,2026-08-23,2026-08-23,28,B04
C01926,หญิง,18-24,B05,มหาวิทยาลัย,2025-12-23,2025-12,False,True,9,999,2026-01-13,2026-08-01,50,B05
C01927,ชาย,35-44,B02,สีลม,2025-08-12,2025-08,False,True,7,1040,2025-09-08,2026-02-17,215,B02
C01928,หญิง,45-54,B04,บางนา,2025-05-01,2025-05,False,True,13,1377,2025-05-04,2026-07-14,68,B04
C01929,ชาย,35-44,B01,สยาม,2026-03-10,2026-03,False,True,5,535,2026-04-26,2026-07-16,66,B01
C01930,หญิง,45-54,B02,สีลม,2026-04-22,2026-04,False,True,2,235,2026-05-15,2026-05-26,117,B02
C01931,หญิง,18-24,B01,สยาม,2025-08-14,2025-08,False,True,10,1440,2025-09-29,2026-08-03,48,B01
C01932,หญิง,25-34,B02,สีลม,2025-08-06,2025-08,False,True,17,2445,2025-10-29,2026-09-09,11,B02
C01933,ชาย,18-24,B02,สีลม,2026-01-25,2026-01,False,True,5,800,2026-02-20,2026-05-06,137,B02
C01934,ชาย,35-44,B02,สีลม,2026-07-24,2026-07,False,True,1,145,2026-07-27,2026-07-27,55,B02
C01935,หญิง,18-24,B01,สยาม,2025-05-13,2025-05,False,True,19,2191,2025-05-21,2026-05-18,125,B01
C01936,หญิง,18-24,B03,อารีย์,2026-03-19,2026-03,False,True,3,420,2026-03-21,2026-05-22,121,B03
C01937,หญิง,25-34,B03,อารีย์,2026-09-03,2026-09,False,True,2,399,2026-09-14,2026-09-15,5,B03
C01938,หญิง,35-44,B05,มหาวิทยาลัย,2025-08-22,2025-08,False,True,8,1355,2025-09-10,2026-05-27,116,B05
C01939,ชาย,18-24,B03,อารีย์,2026-04-28,2026-04,False,True,3,295,2026-05-17,2026-08-12,39,B03
C01940,ชาย,25-34,B04,บางนา,2026-08-26,2026-08,False,False,0,0,,,,
C01941,หญิง,25-34,B05,มหาวิทยาลัย,2025-11-04,2025-11,False,False,0,0,,,,
C01942,หญิง,18-24,B01,สยาม,2026-04-03,2026-04,False,False,0,0,,,,
C01943,หญิง,18-24,B04,บางนา,2026-02-04,2026-02,False,True,3,434,2026-02-15,2026-03-04,200,B04
C01944,ชาย,25-34,B03,อารีย์,2025-12-18,2025-12,False,True,10,1093,2026-01-20,2026-08-31,20,B03
C01945,หญิง,55+,B04,บางนา,2026-07-01,2026-07,False,False,0,0,,,,
C01946,ชาย,35-44,B02,สีลม,2025-08-28,2025-08,False,True,10,969,2025-08-29,2026-08-24,27,B02
C01947,หญิง,25-34,B01,สยาม,2026-07-05,2026-07,False,True,3,250,2026-07-12,2026-07-28,54,B01
C01948,หญิง,45-54,B02,สีลม,2025-09-02,2025-09,False,True,1,95,2025-10-02,2025-10-02,353,B02
C01949,ชาย,25-34,B02,สีลม,2026-01-25,2026-01,False,True,9,1115,2026-02-20,2026-08-07,44,B02
C01950,ชาย,25-34,B02,สีลม,2025-05-20,2025-05,False,True,11,1850,2025-05-30,2025-12-01,293,B02
C01951,หญิง,45-54,B01,สยาม,2026-05-04,2026-05,False,True,4,495,2026-05-13,2026-08-25,26,B01
C01952,ชาย,45-54,B01,สยาม,2025-10-17,2025-10,False,True,10,1049,2025-11-18,2026-01-27,236,B01
C01953,ชาย,25-34,B05,มหาวิทยาลัย,2026-02-21,2026-02,False,True,2,185,2026-04-18,2026-04-30,143,B01
C01954,หญิง,18-24,B01,สยาม,2025-07-13,2025-07,False,True,12,1409,2025-08-10,2026-08-18,33,B01
C01955,หญิง,25-34,B02,สีลม,2026-07-13,2026-07,False,True,1,65,2026-07-23,2026-07-23,59,B02
C01956,หญิง,18-24,B02,สีลม,2026-05-14,2026-05,False,True,4,770,2026-07-07,2026-09-05,15,B02
C01957,หญิง,55+,B03,อารีย์,2026-06-20,2026-06,False,False,0,0,,,,
C01958,ชาย,25-34,B03,อารีย์,2026-01-16,2026-01,False,True,20,2554,2026-01-17,2026-09-13,7,B03
C01959,หญิง,35-44,B02,สีลม,2026-01-11,2026-01,False,True,5,505,2026-01-15,2026-09-02,18,B02
C01960,ชาย,18-24,B02,สีลม,2026-09-08,2026-09,False,False,0,0,,,,
C01961,ไม่ระบุ,25-34,B01,สยาม,2026-03-03,2026-03,False,True,3,320,2026-04-12,2026-08-24,27,B01
C01962,ชาย,55+,B04,บางนา,2025-11-09,2025-11,False,True,3,320,2025-11-21,2026-02-19,213,B04
C01963,หญิง,45-54,B02,สีลม,2025-06-03,2025-06,False,True,4,539,2025-06-11,2025-07-10,437,B02
C01964,หญิง,25-34,B04,บางนา,2025-09-19,2025-09,False,True,5,534,2025-10-31,2026-07-29,53,B04
C01965,หญิง,55+,B01,สยาม,2025-07-16,2025-07,False,True,4,235,2025-07-18,2025-09-06,379,B01
C01966,ชาย,25-34,B02,สีลม,2026-08-15,2026-08,False,True,1,75,2026-08-27,2026-08-27,24,B02
C01967,หญิง,35-44,B02,สีลม,2025-12-15,2025-12,False,True,14,2097,2025-12-19,2026-09-17,3,B02
C01968,หญิง,25-34,B05,มหาวิทยาลัย,2026-06-17,2026-06,False,False,0,0,,,,
C01969,หญิง,25-34,B05,มหาวิทยาลัย,2025-05-13,2025-05,False,True,11,1320,2025-06-09,2026-08-14,37,B05
C01970,ชาย,18-24,B01,สยาม,2025-12-29,2025-12,False,True,3,235,2026-01-18,2026-06-21,91,B01
C01971,ชาย,ต่ำกว่า 18,B04,บางนา,2025-10-03,2025-10,True,True,5,355,2025-11-02,2026-07-28,54,B04
C01972,หญิง,18-24,B01,สยาม,2025-09-18,2025-09,False,True,13,1590,2025-10-19,2026-07-25,57,B01
C01973,หญิง,25-34,B02,สีลม,2026-02-28,2026-02,False,True,3,645,2026-03-03,2026-03-15,189,B02
C01974,ชาย,18-24,B01,สยาม,2026-08-21,2026-08,False,False,0,0,,,,
C01975,ชาย,35-44,B02,สีลม,2026-03-02,2026-03,False,True,6,660,2026-03-26,2026-08-31,20,B02
C01976,ชาย,45-54,B01,สยาม,2025-11-21,2025-11,False,True,8,1129,2025-12-19,2026-08-12,39,B01
C01977,ไม่ระบุ,25-34,B01,สยาม,2025-08-03,2025-08,False,True,5,654,2025-11-29,2026-08-10,41,B01
C01978,ชาย,35-44,B03,อารีย์,2026-05-20,2026-05,False,True,7,948,2026-05-25,2026-09-18,2,B03
C01979,ชาย,45-54,B02,สีลม,2026-05-06,2026-05,False,True,2,220,2026-07-20,2026-09-18,2,B04
C01980,หญิง,25-34,B03,อารีย์,2025-12-27,2025-12,False,True,10,1360,2025-12-31,2026-04-09,164,B03
C01981,ไม่ระบุ,45-54,B05,มหาวิทยาลัย,2025-12-23,2025-12,False,True,1,75,2025-12-24,2025-12-24,270,B05
C01982,หญิง,45-54,B02,สีลม,2026-06-23,2026-06,False,True,2,335,2026-07-02,2026-07-17,65,B02
C01983,หญิง,18-24,B01,สยาม,2025-05-01,2025-05,False,True,8,1287,2025-05-19,2026-02-04,228,B01
C01984,ชาย,25-34,B02,สีลม,2025-10-16,2025-10,False,True,10,1617,2025-10-27,2026-09-14,6,B02
C01985,ไม่ระบุ,45-54,B02,สีลม,2026-05-15,2026-05,False,True,8,1094,2026-05-17,2026-08-19,32,B02
C01986,หญิง,35-44,B02,สีลม,2026-06-18,2026-06,False,False,0,0,,,,
C01987,ชาย,18-24,B01,สยาม,2026-03-17,2026-03,False,True,2,195,2026-07-10,2026-08-21,30,B03
C01988,หญิง,25-34,B04,บางนา,2025-08-07,2025-08,False,True,12,1948,2025-08-27,2026-09-02,18,B04
C01989,หญิง,25-34,B01,สยาม,2025-04-24,2025-04,False,True,9,1264,2025-06-28,2026-09-20,0,B01
C01990,หญิง,18-24,B02,สีลม,2025-06-22,2025-06,False,True,6,658,2025-07-30,2026-01-14,249,B02
C01991,ชาย,35-44,B01,สยาม,2026-01-25,2026-01,False,True,1,145,2026-06-05,2026-06-05,107,B01
C01992,หญิง,18-24,B04,บางนา,2025-07-30,2025-07,False,True,31,4113,2025-08-29,2026-09-10,10,B04
C01993,หญิง,35-44,B05,มหาวิทยาลัย,2026-06-16,2026-06,False,False,0,0,,,,
C01994,หญิง,25-34,B04,บางนา,2026-08-02,2026-08,False,True,3,450,2026-08-08,2026-09-14,6,B04
C01995,หญิง,25-34,B01,สยาม,2026-04-29,2026-04,False,True,1,65,2026-04-30,2026-04-30,143,B01
C01996,ชาย,18-24,B01,สยาม,2026-02-14,2026-02,False,True,4,570,2026-02-18,2026-09-09,11,B01
C01997,ชาย,25-34,B01,สยาม,2025-08-11,2025-08,False,True,9,1029,2025-08-19,2026-05-01,142,B01
C01998,หญิง,55+,B01,สยาม,2026-01-12,2026-01,False,True,1,65,2026-03-24,2026-03-24,180,B01
C01999,หญิง,35-44,B01,สยาม,2026-05-23,2026-05,False,True,1,65,2026-07-03,2026-07-03,79,B01
C02000,ชาย,45-54,B05,มหาวิทยาลัย,2025-07-14,2025-07,False,True,11,989,2025-07-29,2026-02-28,204,B05
C02001,ชาย,45-54,B02,สีลม,2026-06-21,2026-06,False,True,5,730,2026-07-20,2026-08-23,28,B02
C02002,ไม่ระบุ,35-44,B01,สยาม,2026-08-04,2026-08,False,False,0,0,,,,
C02003,หญิง,18-24,B01,สยาม,2025-08-27,2025-08,False,True,3,334,2025-08-28,2025-10-21,334,B01
C02004,ไม่ระบุ,35-44,B03,อารีย์,2026-07-14,2026-07,False,True,1,89,2026-08-14,2026-08-14,37,B03
C02005,ชาย,25-34,B05,มหาวิทยาลัย,2026-07-03,2026-07,False,True,1,235,2026-07-28,2026-07-28,54,B01
C02006,ชาย,35-44,B05,มหาวิทยาลัย,2025-12-31,2025-12,False,True,16,1648,2026-02-20,2026-09-20,0,B05
C02007,หญิง,25-34,B01,สยาม,2026-03-10,2026-03,False,True,1,160,2026-05-08,2026-05-08,135,B01
C02008,ชาย,18-24,B04,บางนา,2026-04-08,2026-04,False,True,2,130,2026-06-13,2026-08-22,29,B04
C02009,หญิง,25-34,B05,มหาวิทยาลัย,2025-08-07,2025-08,False,True,12,2192,2025-08-21,2026-08-14,37,B05
C02010,ชาย,18-24,B04,บางนา,2025-05-30,2025-05,False,True,12,1489,2025-06-13,2025-12-16,278,B04
C02011,หญิง,35-44,B02,สีลม,2026-03-12,2026-03,False,True,1,75,2026-03-19,2026-03-19,185,B02
C02012,ชาย,25-34,B05,มหาวิทยาลัย,2026-06-06,2026-06,False,True,1,95,2026-06-25,2026-06-25,87,B05
C02013,หญิง,45-54,B02,สีลม,2025-12-23,2025-12,False,True,3,445,2025-12-31,2026-01-12,251,B02
C02014,หญิง,18-24,B05,มหาวิทยาลัย,2026-04-12,2026-04,False,True,1,130,2026-05-04,2026-05-04,139,B05
C02015,หญิง,25-34,B02,สีลม,2025-11-17,2025-11,False,False,0,0,,,,
C02016,หญิง,18-24,B02,สีลม,2025-06-07,2025-06,False,True,13,1953,2025-08-01,2026-08-07,44,B02
C02017,หญิง,18-24,B04,บางนา,2026-01-28,2026-01,False,True,8,755,2026-05-13,2026-09-17,3,B04
C02018,ชาย,18-24,B04,บางนา,2025-12-10,2025-12,False,True,6,795,2026-01-06,2026-08-02,49,B04
C02019,ชาย,ต่ำกว่า 18,B05,มหาวิทยาลัย,2025-10-23,2025-10,True,True,11,1145,2025-10-28,2026-09-10,10,B05
C02020,ชาย,18-24,B05,มหาวิทยาลัย,2026-08-24,2026-08,False,False,0,0,,,,
C02021,ชาย,25-34,B02,สีลม,2025-06-25,2025-06,False,True,2,385,2025-08-01,2025-08-13,403,B02
C02022,หญิง,25-34,B02,สีลม,2025-11-18,2025-11,False,True,5,683,2026-01-28,2026-08-07,44,B02
C02023,ชาย,ต่ำกว่า 18,B05,มหาวิทยาลัย,2025-10-03,2025-10,True,True,5,440,2025-11-07,2026-03-22,182,B05
C02024,หญิง,18-24,B01,สยาม,2026-07-24,2026-07,False,True,1,75,2026-08-17,2026-08-17,34,B01
C02025,ชาย,ต่ำกว่า 18,B02,สีลม,2025-11-05,2025-11,True,True,5,710,2025-11-17,2026-07-03,79,B02
C02026,หญิง,35-44,B05,มหาวิทยาลัย,2026-04-26,2026-04,False,True,1,240,2026-07-06,2026-07-06,76,B05
C02027,หญิง,18-24,B05,มหาวิทยาลัย,2026-03-04,2026-03,False,False,0,0,,,,
C02028,ชาย,45-54,B01,สยาม,2026-05-21,2026-05,False,True,3,598,2026-07-12,2026-09-16,4,B01
C02029,ชาย,25-34,B05,มหาวิทยาลัย,2026-05-19,2026-05,False,False,0,0,,,,
C02030,หญิง,35-44,B03,อารีย์,2026-09-08,2026-09,False,True,1,160,2026-09-18,2026-09-18,2,B03
C02031,ชาย,35-44,B05,มหาวิทยาลัย,2026-06-15,2026-06,False,True,1,65,2026-07-07,2026-07-07,75,B05
C02032,หญิง,35-44,B01,สยาม,2026-06-15,2026-06,False,True,2,340,2026-07-02,2026-09-01,19,B01
C02033,หญิง,25-34,B01,สยาม,2026-05-31,2026-05,False,True,1,55,2026-07-17,2026-07-17,65,B01
C02034,ชาย,25-34,B05,มหาวิทยาลัย,2026-05-20,2026-05,False,True,1,299,2026-06-22,2026-06-22,90,B05
C02035,หญิง,18-24,B02,สีลม,2026-08-17,2026-08,False,True,1,120,2026-09-19,2026-09-19,1,B02
C02036,หญิง,18-24,B01,สยาม,2026-02-14,2026-02,False,True,5,350,2026-02-23,2026-08-23,28,B01
C02037,หญิง,25-34,B05,มหาวิทยาลัย,2025-05-21,2025-05,False,True,8,1165,2025-06-06,2026-08-05,46,B05
C02038,ชาย,45-54,B05,มหาวิทยาลัย,2026-07-20,2026-07,False,False,0,0,,,,
C02039,หญิง,18-24,B04,บางนา,2025-04-12,2025-04,False,True,8,1140,2025-04-24,2025-11-07,317,B04
C02040,ชาย,45-54,B01,สยาม,2025-04-02,2025-04,False,True,22,3253,2025-04-07,2026-08-12,39,B01
C02041,ชาย,25-34,B03,อารีย์,2026-01-18,2026-01,False,True,8,830,2026-01-26,2026-06-02,110,B03
C02042,หญิง,55+,B04,บางนา,2025-09-01,2025-09,False,True,8,1040,2025-09-27,2026-07-01,81,B04
C02043,หญิง,45-54,B01,สยาม,2025-12-06,2025-12,False,True,13,1891,2026-01-06,2026-07-17,65,B01
C02044,หญิง,18-24,B05,มหาวิทยาลัย,2025-08-10,2025-08,False,True,5,868,2025-08-21,2026-04-01,172,B05
C02045,หญิง,35-44,B01,สยาม,2025-06-14,2025-06,False,True,3,505,2026-04-18,2026-07-05,77,B01
C02046,หญิง,45-54,B04,บางนา,2026-06-02,2026-06,False,True,1,165,2026-06-19,2026-06-19,93,B04
C02047,ชาย,25-34,B02,สีลม,2026-05-28,2026-05,False,True,2,465,2026-06-22,2026-06-29,83,B02
C02048,หญิง,25-34,B05,มหาวิทยาลัย,2025-04-07,2025-04,False,True,30,4582,2025-04-12,2026-09-17,3,B05
C02049,ชาย,35-44,B03,อารีย์,2026-02-13,2026-02,False,True,9,820,2026-02-13,2026-06-16,96,B03
C02050,ชาย,25-34,B05,มหาวิทยาลัย,2026-08-31,2026-08,False,True,1,90,2026-09-05,2026-09-05,15,B01
C02051,หญิง,35-44,B01,สยาม,2025-11-13,2025-11,False,True,14,2254,2025-11-16,2026-06-19,93,B01
C02052,ชาย,18-24,B03,อารีย์,2026-01-08,2026-01,False,True,3,365,2026-01-25,2026-03-30,174,B03
C02053,ชาย,45-54,B02,สีลม,2026-05-19,2026-05,False,True,3,425,2026-08-04,2026-09-14,6,B02
C02054,หญิง,18-24,B04,บางนา,2026-01-06,2026-01,False,True,11,1390,2026-02-02,2026-06-06,106,B04
C02055,หญิง,25-34,B02,สีลม,2025-12-28,2025-12,False,True,1,144,2026-01-31,2026-01-31,232,B02
C02056,หญิง,35-44,B02,สีลม,2025-05-14,2025-05,False,True,7,735,2025-05-15,2025-10-09,346,B02
C02057,ชาย,25-34,B02,สีลม,2025-04-15,2025-04,False,True,13,1779,2025-04-18,2026-04-08,165,B02
C02058,หญิง,45-54,B03,อารีย์,2025-12-15,2025-12,False,True,4,380,2025-12-20,2026-01-15,248,B03
C02059,หญิง,25-34,B04,บางนา,2026-09-11,2026-09,False,False,0,0,,,,
C02060,ไม่ระบุ,18-24,B04,บางนา,2025-08-27,2025-08,False,True,6,735,2025-11-04,2026-07-29,53,B04
C02061,ชาย,35-44,B01,สยาม,2025-06-08,2025-06,False,True,11,1578,2025-07-09,2026-06-14,98,B01
C02062,หญิง,35-44,B05,มหาวิทยาลัย,2026-04-07,2026-04,False,False,0,0,,,,
C02063,ชาย,18-24,B05,มหาวิทยาลัย,2025-09-20,2025-09,False,True,10,1205,2025-10-05,2026-09-06,14,B05
C02064,ชาย,18-24,B04,บางนา,2025-04-19,2025-04,False,True,22,2386,2025-06-08,2026-09-07,13,B04
C02065,ชาย,25-34,B05,มหาวิทยาลัย,2025-06-03,2025-06,False,False,0,0,,,,
C02066,หญิง,25-34,B01,สยาม,2026-05-18,2026-05,False,True,1,170,2026-07-04,2026-07-04,78,B04
C02067,ชาย,45-54,B05,มหาวิทยาลัย,2025-10-11,2025-10,False,True,6,695,2025-10-15,2026-07-23,59,B05
C02068,ชาย,45-54,B02,สีลม,2025-11-17,2025-11,False,True,19,2534,2025-12-15,2026-09-16,4,B02
C02069,หญิง,25-34,B01,สยาม,2025-04-15,2025-04,False,True,6,833,2025-05-05,2025-06-16,461,B01
C02070,หญิง,55+,B02,สีลม,2025-11-19,2025-11,False,True,5,455,2025-12-19,2026-06-12,100,B02
C02071,หญิง,25-34,B05,มหาวิทยาลัย,2026-06-05,2026-06,False,True,4,439,2026-07-11,2026-09-08,12,B05
C02072,หญิง,25-34,B03,อารีย์,2026-03-11,2026-03,False,True,5,530,2026-03-19,2026-05-16,127,B03
C02073,หญิง,18-24,B05,มหาวิทยาลัย,2025-11-22,2025-11,False,True,7,725,2026-02-02,2026-06-23,89,B05
C02074,หญิง,18-24,B03,อารีย์,2025-11-12,2025-11,False,True,8,1150,2025-12-22,2026-09-16,4,B03
C02075,ชาย,18-24,B04,บางนา,2026-02-16,2026-02,False,True,8,940,2026-02-20,2026-09-06,14,B04
C02076,ชาย,ต่ำกว่า 18,B05,มหาวิทยาลัย,2025-12-03,2025-12,True,True,1,225,2025-12-15,2025-12-15,279,B05
C02077,หญิง,18-24,B04,บางนา,2025-12-06,2025-12,False,True,8,919,2025-12-07,2026-05-30,113,B04
C02078,หญิง,55+,B02,สีลม,2026-08-07,2026-08,False,False,0,0,,,,
C02079,ชาย,18-24,B03,อารีย์,2026-06-06,2026-06,False,True,3,385,2026-06-15,2026-08-05,46,B03
C02080,หญิง,45-54,B05,มหาวิทยาลัย,2026-03-15,2026-03,False,True,1,65,2026-03-30,2026-03-30,174,B05
C02081,หญิง,45-54,B02,สีลม,2026-08-01,2026-08,False,True,1,65,2026-08-13,2026-08-13,38,B02
C02082,หญิง,25-34,B02,สีลม,2026-01-24,2026-01,False,True,3,360,2026-01-28,2026-05-10,133,B02
C02083,หญิง,25-34,B01,สยาม,2026-08-09,2026-08,False,False,0,0,,,,
C02084,หญิง,35-44,B01,สยาม,2026-02-15,2026-02,False,True,1,70,2026-04-18,2026-04-18,155,B01
C02085,หญิง,18-24,B01,สยาม,2025-06-02,2025-06,False,True,2,444,2025-06-18,2025-06-24,453,B01
C02086,ชาย,18-24,B01,สยาม,2025-10-15,2025-10,False,False,0,0,,,,
C02087,หญิง,ต่ำกว่า 18,B03,อารีย์,2026-07-20,2026-07,True,True,1,194,2026-08-12,2026-08-12,39,B03
C02088,ชาย,18-24,B04,บางนา,2025-05-31,2025-05,False,True,13,1495,2025-06-07,2026-08-25,26,B04
C02089,หญิง,25-34,B02,สีลม,2025-04-11,2025-04,False,True,15,1802,2025-04-11,2026-06-18,94,B02
C02090,ชาย,18-24,B04,บางนา,2026-03-18,2026-03,False,True,1,65,2026-03-30,2026-03-30,174,B03
C02091,ชาย,45-54,B05,มหาวิทยาลัย,2025-12-01,2025-12,False,True,4,400,2025-12-16,2026-08-15,36,B05
C02092,ชาย,35-44,B01,สยาม,2025-06-27,2025-06,False,True,2,534,2025-07-17,2025-07-28,419,B01
C02093,ชาย,25-34,B04,บางนา,2025-04-26,2025-04,False,True,19,2685,2025-04-26,2026-02-23,209,B04
C02094,หญิง,35-44,B01,สยาม,2026-07-16,2026-07,False,False,0,0,,,,
C02095,หญิง,35-44,B02,สีลม,2026-06-14,2026-06,False,False,0,0,,,,
C02096,ไม่ระบุ,35-44,B05,มหาวิทยาลัย,2026-07-07,2026-07,False,False,0,0,,,,
C02097,หญิง,55+,B02,สีลม,2026-06-09,2026-06,False,False,0,0,,,,
C02098,หญิง,18-24,B02,สีลม,2025-05-15,2025-05,False,True,13,1884,2025-05-16,2025-11-29,295,B02
C02099,ชาย,25-34,B02,สีลม,2026-03-06,2026-03,False,True,2,420,2026-03-24,2026-06-30,82,B02
C02100,หญิง,25-34,B05,มหาวิทยาลัย,2025-06-15,2025-06,False,True,9,1897,2025-06-29,2026-04-07,166,B05
C02101,หญิง,ต่ำกว่า 18,B04,บางนา,2025-06-15,2025-06,True,True,7,824,2025-06-29,2025-09-10,375,B04
C02102,หญิง,35-44,B04,บางนา,2026-05-10,2026-05,False,False,0,0,,,,
C02103,หญิง,18-24,B05,มหาวิทยาลัย,2025-06-22,2025-06,False,True,1,60,2025-06-23,2025-06-23,454,B05
C02104,ชาย,18-24,B04,บางนา,2026-06-07,2026-06,False,True,1,85,2026-08-03,2026-08-03,48,B04
C02105,หญิง,35-44,B04,บางนา,2026-08-16,2026-08,False,True,1,75,2026-08-27,2026-08-27,24,B04
C02106,ชาย,45-54,B04,บางนา,2026-08-25,2026-08,False,False,0,0,,,,
C02107,ชาย,35-44,B01,สยาม,2026-06-03,2026-06,False,True,2,270,2026-07-08,2026-09-16,4,B01
C02108,หญิง,45-54,B05,มหาวิทยาลัย,2026-05-05,2026-05,False,True,5,370,2026-05-10,2026-08-18,33,B05
C02109,ชาย,25-34,B01,สยาม,2026-08-27,2026-08,False,True,1,80,2026-09-12,2026-09-12,8,B01
C02110,ชาย,25-34,B05,มหาวิทยาลัย,2025-12-04,2025-12,False,True,17,2476,2026-01-09,2026-09-10,10,B05
C02111,ชาย,18-24,B01,สยาม,2025-08-11,2025-08,False,True,11,1633,2025-08-12,2026-09-04,16,B01
C02112,ชาย,18-24,B02,สีลม,2025-09-20,2025-09,False,True,1,65,2025-09-20,2025-09-20,365,B02
C02113,ชาย,18-24,B01,สยาม,2025-08-11,2025-08,False,True,11,1878,2025-08-20,2026-05-26,117,B01
C02114,หญิง,18-24,B04,บางนา,2025-06-16,2025-06,False,False,0,0,,,,
C02115,ชาย,45-54,B04,บางนา,2025-09-09,2025-09,False,True,18,2283,2025-09-22,2026-09-13,7,B04
C02116,หญิง,ต่ำกว่า 18,B05,มหาวิทยาลัย,2025-08-20,2025-08,True,True,18,2353,2025-08-28,2026-09-03,17,B05
C02117,หญิง,25-34,B02,สีลม,2026-05-01,2026-05,False,True,1,165,2026-05-15,2026-05-15,128,B03
C02118,หญิง,55+,B03,อารีย์,2026-07-14,2026-07,False,True,3,440,2026-07-30,2026-07-31,51,B03
C02119,หญิง,45-54,B01,สยาม,2026-04-04,2026-04,False,True,4,470,2026-04-26,2026-08-14,37,B01
C02120,ไม่ระบุ,18-24,B02,สีลม,2026-08-25,2026-08,False,True,1,65,2026-08-29,2026-08-29,22,B02
C02121,หญิง,35-44,B03,อารีย์,2025-11-26,2025-11,False,True,5,559,2025-11-26,2025-12-21,273,B03
C02122,หญิง,45-54,B05,มหาวิทยาลัย,2026-02-04,2026-02,False,True,1,75,2026-03-21,2026-03-21,183,B05
C02123,ชาย,18-24,B01,สยาม,2026-07-16,2026-07,False,True,1,65,2026-09-09,2026-09-09,11,B01
C02124,ชาย,18-24,B02,สีลม,2025-09-29,2025-09,False,True,3,703,2025-10-07,2025-10-29,326,B02
C02125,หญิง,35-44,B01,สยาม,2026-04-18,2026-04,False,True,1,80,2026-07-31,2026-07-31,51,B01
C02126,ชาย,35-44,B02,สีลม,2025-05-18,2025-05,False,True,12,2008,2025-05-18,2026-07-06,76,B02
C02127,หญิง,45-54,B01,สยาม,2026-06-15,2026-06,False,True,1,110,2026-08-24,2026-08-24,27,B01
C02128,ชาย,25-34,B01,สยาม,2026-05-16,2026-05,False,True,2,235,2026-07-03,2026-07-12,70,B04
C02129,หญิง,18-24,B05,มหาวิทยาลัย,2026-03-08,2026-03,False,False,0,0,,,,
C02130,หญิง,55+,B01,สยาม,2025-05-17,2025-05,False,True,14,1884,2025-05-25,2026-07-13,69,B01
C02131,ไม่ระบุ,18-24,B01,สยาม,2025-04-13,2025-04,False,True,19,2901,2025-05-13,2026-09-03,17,B01
C02132,ไม่ระบุ,35-44,B03,อารีย์,2026-01-30,2026-01,False,True,6,803,2026-02-01,2026-04-22,151,B03
C02133,ชาย,45-54,B05,มหาวิทยาลัย,2025-08-13,2025-08,False,False,0,0,,,,
C02134,หญิง,25-34,B02,สีลม,2025-08-12,2025-08,False,True,7,805,2025-08-17,2026-07-27,55,B02
C02135,ชาย,25-34,B05,มหาวิทยาลัย,2026-08-07,2026-08,False,False,0,0,,,,
C02136,หญิง,18-24,B03,อารีย์,2026-04-15,2026-04,False,True,3,201,2026-04-29,2026-06-07,105,B03
C02137,หญิง,18-24,B02,สีลม,2026-08-17,2026-08,False,False,0,0,,,,
C02138,หญิง,18-24,B05,มหาวิทยาลัย,2025-05-15,2025-05,False,True,11,1400,2025-06-14,2026-09-12,8,B05
C02139,หญิง,35-44,B02,สีลม,2026-04-24,2026-04,False,False,0,0,,,,
C02140,หญิง,18-24,B01,สยาม,2025-08-07,2025-08,False,True,4,675,2025-09-02,2025-12-01,293,B01
C02141,หญิง,25-34,B02,สีลม,2025-07-19,2025-07,False,False,0,0,,,,
C02142,หญิง,25-34,B01,สยาม,2026-08-14,2026-08,False,False,0,0,,,,
C02143,ชาย,45-54,B01,สยาม,2026-05-16,2026-05,False,True,1,65,2026-07-05,2026-07-05,77,B01
C02144,ชาย,25-34,B01,สยาม,2026-06-14,2026-06,False,False,0,0,,,,
C02145,ชาย,25-34,B01,สยาม,2026-05-17,2026-05,False,True,1,75,2026-05-31,2026-05-31,112,B01
C02146,ชาย,35-44,B02,สีลม,2025-08-02,2025-08,False,True,23,3226,2025-08-07,2026-09-17,3,B02
C02147,หญิง,18-24,B03,อารีย์,2026-08-08,2026-08,False,True,1,285,2026-09-20,2026-09-20,0,B03
C02148,ไม่ระบุ,35-44,B04,บางนา,2026-07-05,2026-07,False,True,3,380,2026-07-26,2026-08-29,22,B04
C02149,ชาย,18-24,B05,มหาวิทยาลัย,2026-06-03,2026-06,False,True,3,370,2026-07-13,2026-08-18,33,B05
C02150,หญิง,18-24,B01,สยาม,2025-04-21,2025-04,False,True,15,1778,2025-05-01,2026-05-28,115,B01
C02151,ชาย,55+,B01,สยาม,2026-09-13,2026-09,False,True,1,65,2026-09-19,2026-09-19,1,B01
C02152,หญิง,25-34,B02,สีลม,2026-07-27,2026-07,False,False,0,0,,,,
C02153,หญิง,25-34,B05,มหาวิทยาลัย,2026-04-12,2026-04,False,True,6,753,2026-04-22,2026-09-13,7,B05
C02154,หญิง,18-24,B02,สีลม,2026-04-08,2026-04,False,True,9,1679,2026-05-07,2026-09-02,18,B02
C02155,หญิง,18-24,B03,อารีย์,2026-04-13,2026-04,False,False,0,0,,,,
C02156,หญิง,45-54,B01,สยาม,2025-08-30,2025-08,False,True,12,1674,2025-09-06,2026-09-05,15,B01
C02157,ไม่ระบุ,45-54,B05,มหาวิทยาลัย,2026-05-27,2026-05,False,False,0,0,,,,
C02158,ชาย,25-34,B04,บางนา,2025-07-15,2025-07,False,True,15,1830,2025-07-15,2026-07-27,55,B04
C02159,หญิง,18-24,B03,อารีย์,2026-02-24,2026-02,False,True,7,605,2026-03-13,2026-07-25,57,B03
C02160,ชาย,55+,B02,สีลม,2025-11-09,2025-11,False,True,10,1313,2025-11-18,2026-09-08,12,B02
C02161,หญิง,35-44,B05,มหาวิทยาลัย,2026-03-03,2026-03,False,False,0,0,,,,
C02162,หญิง,18-24,B05,มหาวิทยาลัย,2025-09-14,2025-09,False,True,18,2122,2025-10-04,2026-07-19,63,B05
C02163,หญิง,35-44,B04,บางนา,2025-10-28,2025-10,False,True,13,1812,2025-11-05,2026-09-06,14,B04
C02164,หญิง,25-34,B03,อารีย์,2026-08-22,2026-08,False,False,0,0,,,,
C02165,ชาย,ต่ำกว่า 18,B05,มหาวิทยาลัย,2026-09-06,2026-09,True,False,0,0,,,,
C02166,ชาย,18-24,B05,มหาวิทยาลัย,2025-12-21,2025-12,False,True,6,650,2026-01-08,2026-07-18,64,B05
C02167,หญิง,25-34,B01,สยาม,2026-04-01,2026-04,False,False,0,0,,,,
C02168,หญิง,25-34,B05,มหาวิทยาลัย,2025-10-27,2025-10,False,True,19,2004,2025-11-20,2026-09-18,2,B05
C02169,หญิง,55+,B04,บางนา,2026-05-31,2026-05,False,True,1,95,2026-06-24,2026-06-24,88,B04
C02170,หญิง,25-34,B05,มหาวิทยาลัย,2026-04-23,2026-04,False,True,2,165,2026-05-15,2026-07-01,81,B01
C02171,หญิง,25-34,B03,อารีย์,2025-11-13,2025-11,False,True,8,1187,2025-11-14,2026-05-17,126,B03
C02172,ชาย,45-54,B05,มหาวิทยาลัย,2025-09-17,2025-09,False,True,12,1629,2025-09-21,2026-08-08,43,B05
C02173,หญิง,25-34,B04,บางนา,2025-12-10,2025-12,False,True,4,415,2025-12-15,2026-09-08,12,B04
C02174,ชาย,25-34,B03,อารีย์,2026-04-10,2026-04,False,True,6,1120,2026-04-12,2026-08-29,22,B03
C02175,หญิง,18-24,B05,มหาวิทยาลัย,2025-06-23,2025-06,False,False,0,0,,,,
C02176,หญิง,35-44,B01,สยาม,2026-05-02,2026-05,False,True,2,244,2026-05-06,2026-08-02,49,B01
C02177,ชาย,35-44,B02,สีลม,2025-06-25,2025-06,False,True,4,320,2025-08-24,2025-11-01,323,B02
C02178,ชาย,25-34,B04,บางนา,2025-09-22,2025-09,False,True,8,853,2025-12-06,2026-09-05,15,B04
C02179,หญิง,25-34,B01,สยาม,2025-06-24,2025-06,False,True,13,1978,2025-07-21,2026-08-31,20,B01
C02180,หญิง,25-34,B02,สีลม,2025-09-10,2025-09,False,True,2,135,2025-10-17,2025-11-10,314,B02
C02181,ชาย,35-44,B03,อารีย์,2026-05-13,2026-05,False,True,1,130,2026-05-22,2026-05-22,121,B03
C02182,หญิง,35-44,B05,มหาวิทยาลัย,2026-03-31,2026-03,False,True,2,349,2026-04-20,2026-06-17,95,B04
C02183,หญิง,45-54,B04,บางนา,2026-05-27,2026-05,False,True,4,720,2026-06-09,2026-08-16,35,B04
C02184,หญิง,25-34,B05,มหาวิทยาลัย,2025-12-22,2025-12,False,True,6,739,2026-02-26,2026-07-31,51,B05
C02185,หญิง,35-44,B05,มหาวิทยาลัย,2025-07-08,2025-07,False,True,21,2794,2025-07-17,2026-07-17,65,B05
C02186,ชาย,25-34,B04,บางนา,2025-09-23,2025-09,False,True,13,1682,2025-09-26,2026-09-17,3,B04
C02187,ชาย,35-44,B04,บางนา,2026-09-07,2026-09,False,False,0,0,,,,
C02188,ชาย,25-34,B02,สีลม,2026-05-12,2026-05,False,True,5,805,2026-05-14,2026-09-16,4,B02
C02189,หญิง,25-34,B05,มหาวิทยาลัย,2025-07-28,2025-07,False,True,1,258,2025-08-04,2025-08-04,412,B05
C02190,ชาย,25-34,B01,สยาม,2025-06-17,2025-06,False,True,8,920,2025-06-28,2025-10-18,337,B01
C02191,ชาย,25-34,B04,บางนา,2026-04-01,2026-04,False,True,4,635,2026-04-29,2026-08-22,29,B04
C02192,ชาย,18-24,B01,สยาม,2025-07-16,2025-07,False,False,0,0,,,,
C02193,ไม่ระบุ,45-54,B03,อารีย์,2026-06-06,2026-06,False,True,2,150,2026-07-05,2026-07-12,70,B03
C02194,หญิง,25-34,B05,มหาวิทยาลัย,2025-10-02,2025-10,False,True,9,1160,2025-10-15,2026-05-09,134,B05
C02195,หญิง,45-54,B05,มหาวิทยาลัย,2025-05-21,2025-05,False,True,4,530,2025-06-12,2026-03-24,180,B05
C02196,ชาย,35-44,B02,สีลม,2026-04-08,2026-04,False,True,5,639,2026-05-21,2026-08-10,41,B02
C02197,หญิง,35-44,B04,บางนา,2026-03-25,2026-03,False,True,10,1054,2026-03-25,2026-09-08,12,B04
C02198,ชาย,25-34,B01,สยาม,2025-06-04,2025-06,False,True,4,614,2025-07-12,2025-10-05,350,B01
C02199,ชาย,35-44,B05,มหาวิทยาลัย,2026-05-21,2026-05,False,True,7,995,2026-06-24,2026-09-19,1,B05
C02200,ชาย,35-44,B05,มหาวิทยาลัย,2025-08-27,2025-08,False,True,8,1079,2025-09-22,2025-11-17,307,B05
C02201,หญิง,25-34,B05,มหาวิทยาลัย,2025-12-17,2025-12,False,True,15,1704,2025-12-29,2026-09-11,9,B05
C02202,ชาย,ต่ำกว่า 18,B04,บางนา,2026-01-20,2026-01,True,True,8,1039,2026-01-25,2026-06-30,82,B04
C02203,หญิง,25-34,B03,อารีย์,2025-11-13,2025-11,False,True,11,1274,2025-11-23,2026-05-20,123,B03
C02204,หญิง,25-34,B02,สีลม,2025-04-01,2025-04,False,True,19,2971,2025-04-21,2026-07-20,62,B02
C02205,ชาย,55+,B02,สีลม,2025-09-27,2025-09,False,True,17,1590,2025-10-01,2026-08-04,47,B02
C02206,หญิง,25-34,B01,สยาม,2026-03-07,2026-03,False,False,0,0,,,,
C02207,ชาย,35-44,B02,สีลม,2025-04-14,2025-04,False,True,13,1475,2025-05-29,2026-02-11,221,B02
C02208,หญิง,18-24,B03,อารีย์,2026-03-16,2026-03,False,True,11,1785,2026-03-29,2026-07-16,66,B03
C02209,หญิง,55+,B04,บางนา,2025-06-11,2025-06,False,True,5,555,2025-06-15,2025-09-22,363,B04
C02210,ชาย,55+,B04,บางนา,2026-04-26,2026-04,False,True,4,464,2026-04-30,2026-08-19,32,B04
C02211,ชาย,25-34,B05,มหาวิทยาลัย,2026-03-17,2026-03,False,True,4,535,2026-03-25,2026-08-25,26,B05
C02212,หญิง,55+,B04,บางนา,2026-06-04,2026-06,False,True,2,148,2026-06-07,2026-06-25,87,B04
C02213,หญิง,25-34,B04,บางนา,2026-06-28,2026-06,False,True,1,130,2026-08-31,2026-08-31,20,B04
C02214,หญิง,ต่ำกว่า 18,B03,อารีย์,2026-07-29,2026-07,True,True,2,385,2026-08-01,2026-09-14,6,B03
C02215,หญิง,45-54,B02,สีลม,2025-05-16,2025-05,False,True,10,1209,2025-05-24,2025-09-11,374,B02
C02216,หญิง,18-24,B04,บางนา,2026-03-26,2026-03,False,True,3,334,2026-07-02,2026-08-02,49,B04
C02217,ชาย,25-34,B05,มหาวิทยาลัย,2025-07-07,2025-07,False,True,19,2486,2025-07-14,2026-06-09,103,B05
C02218,ชาย,45-54,B05,มหาวิทยาลัย,2025-10-02,2025-10,False,True,7,895,2025-10-02,2026-09-06,14,B05
C02219,หญิง,18-24,B02,สีลม,2026-09-08,2026-09,False,False,0,0,,,,
C02220,หญิง,25-34,B04,บางนา,2025-11-17,2025-11,False,True,9,1330,2025-11-23,2026-07-21,61,B04
C02221,หญิง,25-34,B01,สยาม,2026-04-07,2026-04,False,True,3,350,2026-04-10,2026-05-05,138,B01
C02222,หญิง,25-34,B02,สีลม,2026-08-25,2026-08,False,True,1,60,2026-09-04,2026-09-04,16,B04
C02223,ชาย,25-34,B03,อารีย์,2026-08-05,2026-08,False,True,2,230,2026-08-10,2026-09-08,12,B03
C02224,หญิง,25-34,B05,มหาวิทยาลัย,2025-12-14,2025-12,False,True,2,225,2025-12-15,2025-12-15,279,B05
C02225,หญิง,25-34,B05,มหาวิทยาลัย,2025-07-23,2025-07,False,True,2,150,2025-08-15,2026-03-20,184,B05
C02226,ชาย,35-44,B01,สยาม,2026-05-25,2026-05,False,True,1,280,2026-05-31,2026-05-31,112,B01
C02227,ชาย,55+,B05,มหาวิทยาลัย,2025-11-23,2025-11,False,True,4,404,2025-12-19,2026-09-10,10,B05
C02228,หญิง,45-54,B05,มหาวิทยาลัย,2026-01-08,2026-01,False,True,1,150,2026-04-23,2026-04-23,150,B05
C02229,หญิง,25-34,B05,มหาวิทยาลัย,2026-06-14,2026-06,False,True,2,155,2026-06-23,2026-08-10,41,B05
C02230,หญิง,18-24,B02,สีลม,2026-03-16,2026-03,False,False,0,0,,,,
C02231,ชาย,25-34,B04,บางนา,2026-07-08,2026-07,False,True,1,85,2026-08-09,2026-08-09,42,B04
C02232,หญิง,35-44,B04,บางนา,2026-03-10,2026-03,False,True,2,300,2026-03-10,2026-03-28,176,B04
C02233,หญิง,35-44,B03,อารีย์,2026-03-23,2026-03,False,True,4,848,2026-03-25,2026-05-10,133,B03
C02234,ชาย,18-24,B01,สยาม,2025-10-28,2025-10,False,True,6,1045,2025-12-16,2026-08-16,35,B01
C02235,หญิง,55+,B02,สีลม,2025-08-15,2025-08,False,True,10,1654,2025-08-17,2026-09-15,5,B02
C02236,หญิง,25-34,B05,มหาวิทยาลัย,2025-10-06,2025-10,False,True,9,1533,2025-10-31,2026-08-10,41,B05
C02237,หญิง,18-24,B02,สีลม,2025-07-27,2025-07,False,True,11,1988,2025-09-10,2026-07-24,58,B02
C02238,หญิง,25-34,B01,สยาม,2026-04-18,2026-04,False,True,7,770,2026-04-21,2026-09-13,7,B01
C02239,หญิง,25-34,B01,สยาม,2025-12-31,2025-12,False,True,4,470,2026-03-01,2026-09-08,12,B01
C02240,ชาย,35-44,B04,บางนา,2025-06-02,2025-06,False,True,15,1744,2025-06-14,2025-12-21,273,B04
C02241,ชาย,35-44,B05,มหาวิทยาลัย,2026-01-03,2026-01,False,False,0,0,,,,
C02242,ไม่ระบุ,45-54,B01,สยาม,2026-07-05,2026-07,False,True,1,75,2026-07-17,2026-07-17,65,B01
C02243,หญิง,35-44,B02,สีลม,2025-07-28,2025-07,False,True,3,424,2025-08-02,2025-11-24,300,B02
C02244,ไม่ระบุ,55+,B02,สีลม,2025-05-04,2025-05,False,True,14,1829,2025-06-06,2026-09-16,4,B02
C02245,ชาย,18-24,B02,สีลม,2026-09-03,2026-09,False,False,0,0,,,,
C02246,หญิง,25-34,B01,สยาม,2026-01-12,2026-01,False,True,5,609,2026-01-12,2026-04-15,158,B01
C02247,ชาย,25-34,B05,มหาวิทยาลัย,2026-03-16,2026-03,False,True,9,1189,2026-03-24,2026-08-24,27,B05
C02248,ชาย,35-44,B02,สีลม,2026-03-15,2026-03,False,True,3,730,2026-04-09,2026-08-15,36,B02
C02249,หญิง,35-44,B04,บางนา,2025-05-29,2025-05,False,True,2,214,2025-06-10,2025-06-12,465,B04
C02250,ชาย,25-34,B05,มหาวิทยาลัย,2025-08-24,2025-08,False,True,3,219,2025-09-16,2025-10-07,348,B05
C02251,ชาย,35-44,B02,สีลม,2026-01-31,2026-01,False,True,1,95,2026-06-07,2026-06-07,105,B02
C02252,หญิง,25-34,B01,สยาม,2025-09-17,2025-09,False,True,16,2404,2025-10-17,2026-07-11,71,B01
C02253,ชาย,45-54,B05,มหาวิทยาลัย,2026-01-28,2026-01,False,True,3,464,2026-03-28,2026-04-30,143,B05
C02254,หญิง,25-34,B05,มหาวิทยาลัย,2026-01-23,2026-01,False,False,0,0,,,,
C02255,หญิง,25-34,B01,สยาม,2025-08-20,2025-08,False,True,7,1119,2025-09-02,2026-01-25,238,B01
C02256,หญิง,25-34,B02,สีลม,2025-09-29,2025-09,False,True,17,2831,2025-10-13,2026-08-15,36,B02
C02257,หญิง,25-34,B05,มหาวิทยาลัย,2026-01-04,2026-01,False,True,9,1139,2026-01-14,2026-08-24,27,B05
C02258,หญิง,25-34,B01,สยาม,2026-01-03,2026-01,False,True,9,1328,2026-01-11,2026-07-25,57,B01
C02259,หญิง,35-44,B03,อารีย์,2025-11-29,2025-11,False,True,4,640,2025-12-11,2026-02-22,210,B03
C02260,หญิง,25-34,B03,อารีย์,2025-12-29,2025-12,False,True,11,1416,2026-01-15,2026-08-30,21,B03
C02261,หญิง,25-34,B02,สีลม,2025-04-10,2025-04,False,True,10,1698,2025-07-26,2026-07-23,59,B02
C02262,หญิง,18-24,B05,มหาวิทยาลัย,2025-04-26,2025-04,False,True,15,1918,2025-04-29,2026-06-28,84,B05
C02263,ชาย,35-44,B03,อารีย์,2026-06-30,2026-06,False,True,3,410,2026-07-03,2026-08-30,21,B03
C02264,ชาย,55+,B05,มหาวิทยาลัย,2025-11-17,2025-11,False,True,2,180,2026-01-07,2026-08-14,37,B05
C02265,หญิง,35-44,B04,บางนา,2026-04-13,2026-04,False,True,2,485,2026-06-01,2026-09-20,0,B01
C02266,หญิง,45-54,B02,สีลม,2026-08-22,2026-08,False,True,2,145,2026-08-24,2026-09-12,8,B01
C02267,ชาย,25-34,B01,สยาม,2025-05-04,2025-05,False,True,26,3089,2025-06-15,2026-09-01,19,B01
C02268,หญิง,45-54,B04,บางนา,2025-09-21,2025-09,False,True,11,1500,2025-09-27,2026-05-31,112,B04
C02269,ชาย,18-24,B02,สีลม,2026-03-28,2026-03,False,True,3,310,2026-05-20,2026-06-16,96,B02
C02270,ชาย,55+,B03,อารีย์,2026-01-13,2026-01,False,True,14,1299,2026-01-18,2026-08-20,31,B03
C02271,ชาย,45-54,B01,สยาม,2025-09-07,2025-09,False,True,8,1284,2025-09-19,2025-12-21,273,B01
C02272,ไม่ระบุ,55+,B05,มหาวิทยาลัย,2025-07-15,2025-07,False,True,9,1186,2025-07-30,2026-09-09,11,B05
C02273,หญิง,25-34,B05,มหาวิทยาลัย,2025-08-07,2025-08,False,True,5,540,2025-09-05,2026-05-08,135,B05
C02274,หญิง,ต่ำกว่า 18,B05,มหาวิทยาลัย,2025-07-27,2025-07,True,True,8,1303,2025-08-22,2026-02-12,220,B05
C02275,ไม่ระบุ,35-44,B04,บางนา,2026-01-26,2026-01,False,True,8,1060,2026-02-08,2026-09-02,18,B04
C02276,ชาย,18-24,B01,สยาม,2026-08-17,2026-08,False,True,2,145,2026-09-11,2026-09-20,0,B01
C02277,หญิง,35-44,B05,มหาวิทยาลัย,2026-08-24,2026-08,False,True,1,65,2026-09-06,2026-09-06,14,B05
C02278,ชาย,25-34,B01,สยาม,2026-05-14,2026-05,False,True,1,65,2026-05-31,2026-05-31,112,B04
C02279,ชาย,18-24,B02,สีลม,2026-07-14,2026-07,False,True,1,270,2026-07-17,2026-07-17,65,B02
C02280,ชาย,25-34,B02,สีลม,2025-09-15,2025-09,False,True,11,1020,2025-09-23,2026-08-12,39,B02
C02281,หญิง,18-24,B03,อารีย์,2026-03-08,2026-03,False,True,12,1370,2026-03-30,2026-09-10,10,B03
C02282,หญิง,25-34,B02,สีลม,2025-05-08,2025-05,False,True,19,2632,2025-05-08,2025-11-29,295,B02
C02283,ชาย,18-24,B02,สีลม,2025-12-28,2025-12,False,True,2,145,2026-01-26,2026-02-25,207,B02
C02284,หญิง,18-24,B04,บางนา,2025-04-18,2025-04,False,True,30,3425,2025-04-26,2026-09-02,18,B04
C02285,ชาย,ต่ำกว่า 18,B03,อารีย์,2025-11-01,2025-11,True,True,14,1277,2025-11-04,2026-08-19,32,B03
C02286,ชาย,35-44,B01,สยาม,2025-07-02,2025-07,False,True,9,1335,2025-07-16,2026-02-28,204,B01
C02287,ชาย,35-44,B01,สยาม,2026-04-11,2026-04,False,True,1,75,2026-04-16,2026-04-16,157,B01
C02288,หญิง,25-34,B01,สยาม,2026-08-09,2026-08,False,True,1,313,2026-08-14,2026-08-14,37,B01
C02289,ชาย,25-34,B05,มหาวิทยาลัย,2026-06-03,2026-06,False,True,2,339,2026-06-27,2026-09-10,10,B05
C02290,ชาย,35-44,B02,สีลม,2025-04-13,2025-04,False,True,35,4339,2025-05-14,2026-09-10,10,B02
C02291,หญิง,55+,B05,มหาวิทยาลัย,2026-07-05,2026-07,False,False,0,0,,,,
C02292,หญิง,45-54,B03,อารีย์,2026-02-27,2026-02,False,True,3,440,2026-03-27,2026-09-14,6,B03
C02293,ชาย,25-34,B03,อารีย์,2026-03-28,2026-03,False,True,14,2382,2026-04-01,2026-09-10,10,B03
C02294,หญิง,55+,B01,สยาม,2025-05-24,2025-05,False,True,6,840,2025-06-01,2025-10-31,324,B01
C02295,หญิง,35-44,B01,สยาม,2026-06-13,2026-06,False,True,3,335,2026-08-08,2026-09-16,4,B01
C02296,หญิง,25-34,B03,อารีย์,2026-02-02,2026-02,False,True,11,1454,2026-02-26,2026-08-04,47,B03
C02297,ชาย,35-44,B01,สยาม,2026-01-31,2026-01,False,True,2,150,2026-03-11,2026-04-02,171,B01
C02298,ชาย,35-44,B05,มหาวิทยาลัย,2026-05-22,2026-05,False,True,1,150,2026-08-11,2026-08-11,40,B05
C02299,ชาย,55+,B04,บางนา,2025-09-12,2025-09,False,False,0,0,,,,
C02300,หญิง,25-34,B01,สยาม,2025-09-15,2025-09,False,True,8,695,2025-12-29,2026-05-30,113,B01
C02301,หญิง,25-34,B02,สีลม,2026-04-09,2026-04,False,True,2,250,2026-05-05,2026-07-03,79,B02
C02302,ชาย,ต่ำกว่า 18,B04,บางนา,2025-08-16,2025-08,True,True,18,2144,2025-08-19,2026-09-14,6,B04
C02303,ชาย,25-34,B04,บางนา,2025-12-15,2025-12,False,True,19,2295,2026-01-10,2026-09-17,3,B04
C02304,ชาย,18-24,B04,บางนา,2026-02-12,2026-02,False,True,4,429,2026-03-13,2026-08-11,40,B04
C02305,หญิง,35-44,B05,มหาวิทยาลัย,2025-06-17,2025-06,False,True,20,2385,2025-07-02,2026-08-17,34,B05
C02306,หญิง,45-54,B01,สยาม,2026-03-24,2026-03,False,True,5,754,2026-04-06,2026-09-07,13,B01
C02307,ชาย,45-54,B05,มหาวิทยาลัย,2025-04-27,2025-04,False,True,10,1359,2025-05-16,2025-09-20,365,B05
C02308,หญิง,18-24,B03,อารีย์,2026-01-12,2026-01,False,True,11,938,2026-01-17,2026-08-29,22,B03
C02309,หญิง,25-34,B05,มหาวิทยาลัย,2025-06-27,2025-06,False,True,2,120,2025-07-03,2025-07-08,439,B02
C02310,หญิง,35-44,B01,สยาม,2025-07-13,2025-07,False,True,2,248,2025-09-08,2025-09-10,375,B01
C02311,ชาย,18-24,B01,สยาม,2025-06-23,2025-06,False,True,1,140,2025-07-05,2025-07-05,442,B01
C02312,หญิง,25-34,B05,มหาวิทยาลัย,2026-01-29,2026-01,False,True,2,185,2026-02-19,2026-06-01,111,B01
C02313,ชาย,25-34,B04,บางนา,2025-07-02,2025-07,False,True,14,2185,2025-07-02,2026-03-23,181,B04
C02314,หญิง,18-24,B02,สีลม,2026-02-28,2026-02,False,True,4,429,2026-03-19,2026-08-28,23,B02
C02315,ชาย,25-34,B02,สีลม,2026-03-16,2026-03,False,True,1,215,2026-03-26,2026-03-26,178,B02
C02316,ไม่ระบุ,45-54,B05,มหาวิทยาลัย,2025-05-30,2025-05,False,True,14,1170,2025-06-10,2026-09-01,19,B05
C02317,หญิง,18-24,B04,บางนา,2025-05-04,2025-05,False,True,19,2364,2025-05-08,2026-04-17,156,B04
C02318,หญิง,55+,B04,บางนา,2026-04-05,2026-04,False,True,4,415,2026-05-21,2026-09-16,4,B04
C02319,หญิง,35-44,B05,มหาวิทยาลัย,2026-04-01,2026-04,False,False,0,0,,,,
C02320,ชาย,55+,B05,มหาวิทยาลัย,2025-06-23,2025-06,False,True,5,1060,2025-07-11,2025-09-02,383,B05
C02321,ชาย,25-34,B03,อารีย์,2026-05-06,2026-05,False,True,3,359,2026-05-11,2026-07-06,76,B03
C02322,หญิง,35-44,B05,มหาวิทยาลัย,2025-05-25,2025-05,False,True,4,464,2025-06-10,2025-09-03,382,B05
C02323,หญิง,45-54,B04,บางนา,2025-11-05,2025-11,False,True,5,375,2025-11-07,2025-11-25,299,B04
C02324,หญิง,18-24,B03,อารีย์,2026-06-24,2026-06,False,False,0,0,,,,
C02325,หญิง,45-54,B01,สยาม,2025-11-01,2025-11,False,True,5,515,2026-02-15,2026-07-26,56,B01
C02326,ชาย,18-24,B04,บางนา,2026-02-17,2026-02,False,True,6,1019,2026-02-27,2026-06-25,87,B04
C02327,หญิง,35-44,B04,บางนา,2026-06-29,2026-06,False,True,2,692,2026-07-05,2026-08-04,47,B04
C02328,ชาย,25-34,B01,สยาม,2025-09-09,2025-09,False,True,8,1253,2025-10-15,2026-07-14,68,B01
C02329,หญิง,55+,B05,มหาวิทยาลัย,2026-04-11,2026-04,False,False,0,0,,,,
C02330,หญิง,25-34,B05,มหาวิทยาลัย,2025-04-04,2025-04,False,True,7,935,2025-06-09,2026-02-24,208,B05
C02331,ชาย,35-44,B05,มหาวิทยาลัย,2026-03-13,2026-03,False,True,3,410,2026-04-02,2026-04-07,166,B05
C02332,ชาย,25-34,B03,อารีย์,2026-02-02,2026-02,False,True,13,1139,2026-02-25,2026-09-19,1,B03
C02333,ชาย,25-34,B05,มหาวิทยาลัย,2025-11-11,2025-11,False,True,5,725,2025-11-21,2026-08-27,24,B05
C02334,ชาย,35-44,B01,สยาม,2026-04-03,2026-04,False,True,5,525,2026-04-15,2026-09-05,15,B01
C02335,ไม่ระบุ,18-24,B05,มหาวิทยาลัย,2025-07-03,2025-07,False,False,0,0,,,,
C02336,ชาย,18-24,B01,สยาม,2025-04-17,2025-04,False,True,11,1315,2025-05-11,2026-07-26,56,B01
C02337,ชาย,25-34,B02,สีลม,2026-01-05,2026-01,False,True,11,1765,2026-01-19,2026-09-02,18,B02
C02338,หญิง,35-44,B01,สยาม,2026-08-25,2026-08,False,True,1,55,2026-09-01,2026-09-01,19,B04
C02339,หญิง,25-34,B02,สีลม,2025-12-08,2025-12,False,True,18,2612,2026-01-01,2026-07-18,64,B02
C02340,หญิง,18-24,B01,สยาม,2026-01-06,2026-01,False,True,5,885,2026-01-11,2026-07-08,74,B01
C02341,หญิง,45-54,B03,อารีย์,2026-06-04,2026-06,False,True,1,70,2026-08-30,2026-08-30,21,B03
C02342,ชาย,25-34,B02,สีลม,2026-04-16,2026-04,False,True,7,895,2026-05-08,2026-08-20,31,B02
C02343,หญิง,18-24,B03,อารีย์,2026-03-13,2026-03,False,True,8,864,2026-04-08,2026-08-22,29,B03
C02344,ชาย,35-44,B04,บางนา,2025-08-23,2025-08,False,True,1,75,2025-09-23,2025-09-23,362,B02
C02345,ไม่ระบุ,35-44,B01,สยาม,2026-06-14,2026-06,False,True,6,1012,2026-06-21,2026-08-30,21,B01
C02346,หญิง,18-24,B05,มหาวิทยาลัย,2025-11-06,2025-11,False,True,4,489,2025-11-17,2026-06-05,107,B05
C02347,ชาย,35-44,B02,สีลม,2025-12-28,2025-12,False,True,10,1388,2026-02-12,2026-07-16,66,B02
C02348,หญิง,25-34,B03,อารีย์,2026-01-01,2026-01,False,True,2,285,2026-01-19,2026-06-05,107,B03
C02349,หญิง,25-34,B05,มหาวิทยาลัย,2025-04-09,2025-04,False,True,4,583,2025-04-11,2025-07-05,442,B05
C02350,หญิง,35-44,B02,สีลม,2026-01-05,2026-01,False,True,15,1947,2026-01-21,2026-08-18,33,B02
C02351,หญิง,25-34,B05,มหาวิทยาลัย,2025-05-30,2025-05,False,True,14,2262,2025-06-17,2026-07-14,68,B05
C02352,หญิง,35-44,B05,มหาวิทยาลัย,2026-09-13,2026-09,False,False,0,0,,,,
C02353,หญิง,55+,B05,มหาวิทยาลัย,2026-08-12,2026-08,False,False,0,0,,,,
C02354,ชาย,18-24,B05,มหาวิทยาลัย,2025-07-27,2025-07,False,True,4,733,2025-08-05,2026-04-13,160,B05
C02355,ชาย,18-24,B05,มหาวิทยาลัย,2026-07-24,2026-07,False,True,3,687,2026-08-03,2026-08-14,37,B05
C02356,ไม่ระบุ,35-44,B01,สยาม,2025-07-28,2025-07,False,True,16,2180,2025-08-05,2026-05-29,114,B01
C02357,ชาย,35-44,B05,มหาวิทยาลัย,2026-06-25,2026-06,False,False,0,0,,,,
C02358,ชาย,18-24,B01,สยาม,2025-04-07,2025-04,False,True,7,625,2025-04-25,2025-07-14,433,B01
C02359,ชาย,25-34,B01,สยาม,2025-08-14,2025-08,False,True,12,1693,2025-08-19,2026-03-28,176,B01
C02360,ชาย,25-34,B01,สยาม,2026-02-27,2026-02,False,False,0,0,,,,
C02361,หญิง,45-54,B05,มหาวิทยาลัย,2025-11-09,2025-11,False,True,6,999,2025-12-30,2026-09-18,2,B05
C02362,ชาย,35-44,B01,สยาม,2025-07-18,2025-07,False,True,14,2323,2025-07-19,2026-08-07,44,B01
C02363,ชาย,55+,B02,สีลม,2025-11-30,2025-11,False,True,1,55,2026-02-12,2026-02-12,220,B02
C02364,ชาย,25-34,B01,สยาม,2025-06-23,2025-06,False,True,10,818,2025-08-07,2026-07-09,73,B01
C02365,หญิง,35-44,B04,บางนา,2026-06-21,2026-06,False,True,2,320,2026-07-22,2026-08-05,46,B02
C02366,ชาย,45-54,B03,อารีย์,2026-01-25,2026-01,False,True,4,554,2026-02-15,2026-03-25,179,B03
C02367,หญิง,25-34,B04,บางนา,2026-05-21,2026-05,False,True,3,180,2026-07-26,2026-08-07,44,B04
C02368,หญิง,45-54,B04,บางนา,2025-11-17,2025-11,False,True,24,2934,2025-11-21,2026-09-02,18,B04
C02369,ชาย,25-34,B01,สยาม,2026-05-21,2026-05,False,False,0,0,,,,
C02370,หญิง,25-34,B03,อารีย์,2026-01-31,2026-01,False,True,4,315,2026-04-08,2026-06-19,93,B03
C02371,หญิง,18-24,B05,มหาวิทยาลัย,2025-06-10,2025-06,False,True,6,725,2025-06-15,2025-11-19,305,B05
C02372,หญิง,18-24,B05,มหาวิทยาลัย,2025-05-18,2025-05,False,True,14,1639,2025-06-04,2025-09-26,359,B05
C02373,หญิง,25-34,B04,บางนา,2025-05-09,2025-05,False,True,26,3184,2025-05-12,2026-09-18,2,B04
C02374,ชาย,35-44,B05,มหาวิทยาลัย,2025-12-18,2025-12,False,True,3,490,2026-02-27,2026-06-25,87,B05
C02375,ชาย,45-54,B04,บางนา,2026-04-07,2026-04,False,True,1,175,2026-05-03,2026-05-03,140,B04
C02376,หญิง,45-54,B05,มหาวิทยาลัย,2026-07-06,2026-07,False,True,1,335,2026-07-25,2026-07-25,57,B05
C02377,หญิง,18-24,B02,สีลม,2025-10-23,2025-10,False,True,10,1184,2026-01-13,2026-07-26,56,B02
C02378,ชาย,45-54,B03,อารีย์,2026-07-10,2026-07,False,False,0,0,,,,
C02379,หญิง,35-44,B01,สยาม,2026-06-13,2026-06,False,False,0,0,,,,
C02380,ชาย,45-54,B02,สีลม,2026-03-08,2026-03,False,True,2,304,2026-04-10,2026-04-28,145,B02
C02381,ชาย,18-24,B01,สยาม,2026-03-15,2026-03,False,True,4,340,2026-04-02,2026-05-22,121,B01
C02382,ชาย,25-34,B03,อารีย์,2026-03-01,2026-03,False,True,13,1685,2026-03-03,2026-09-09,11,B03
C02383,ชาย,18-24,B01,สยาม,2026-04-28,2026-04,False,True,5,980,2026-05-05,2026-07-29,53,B01
C02384,ชาย,18-24,B01,สยาม,2026-06-19,2026-06,False,True,2,154,2026-06-25,2026-08-28,23,B01
C02385,หญิง,35-44,B03,อารีย์,2026-05-13,2026-05,False,True,6,440,2026-05-16,2026-07-30,52,B03
C02386,ชาย,35-44,B03,อารีย์,2026-05-21,2026-05,False,True,2,160,2026-07-10,2026-07-15,67,B05
C02387,หญิง,45-54,B05,มหาวิทยาลัย,2025-04-17,2025-04,False,False,0,0,,,,
C02388,หญิง,55+,B05,มหาวิทยาลัย,2025-06-01,2025-06,False,True,11,1774,2025-06-02,2026-07-23,59,B05
C02389,ชาย,18-24,B03,อารีย์,2026-04-29,2026-04,False,True,5,320,2026-05-04,2026-07-06,76,B03
C02390,หญิง,18-24,B04,บางนา,2026-05-29,2026-05,False,True,1,65,2026-09-17,2026-09-17,3,B04
C02391,ชาย,25-34,B05,มหาวิทยาลัย,2025-12-02,2025-12,False,True,8,850,2025-12-23,2026-09-11,9,B05
C02392,ชาย,55+,B04,บางนา,2025-12-15,2025-12,False,True,4,623,2026-01-03,2026-02-09,223,B04
C02393,ชาย,55+,B01,สยาม,2025-10-06,2025-10,False,True,9,864,2025-10-28,2026-09-14,6,B01
C02394,หญิง,18-24,B03,อารีย์,2026-03-28,2026-03,False,True,2,238,2026-05-25,2026-06-13,99,B03
C02395,ชาย,18-24,B04,บางนา,2026-06-09,2026-06,False,True,1,70,2026-08-08,2026-08-08,43,B04
C02396,หญิง,25-34,B03,อารีย์,2025-11-14,2025-11,False,True,10,1299,2025-11-27,2026-02-12,220,B03
C02397,หญิง,45-54,B03,อารีย์,2026-05-05,2026-05,False,True,2,87,2026-05-12,2026-06-07,105,B03
C02398,หญิง,35-44,B05,มหาวิทยาลัย,2025-05-15,2025-05,False,True,8,705,2025-07-12,2026-07-14,68,B05
C02399,ชาย,18-24,B02,สีลม,2025-09-30,2025-09,False,True,9,934,2025-12-12,2026-09-19,1,B02
C02400,หญิง,25-34,B01,สยาม,2026-07-10,2026-07,False,False,0,0,,,,
C02401,หญิง,18-24,B02,สีลม,2026-01-06,2026-01,False,False,0,0,,,,
C02402,ชาย,55+,B01,สยาม,2025-10-15,2025-10,False,False,0,0,,,,
C02403,หญิง,ต่ำกว่า 18,B01,สยาม,2026-01-10,2026-01,True,True,4,359,2026-02-15,2026-04-26,147,B01
C02404,ชาย,25-34,B04,บางนา,2025-08-01,2025-08,False,True,14,2272,2025-08-13,2026-06-08,104,B04
C02405,ชาย,55+,B04,บางนา,2025-09-22,2025-09,False,True,7,1132,2025-09-29,2026-06-27,85,B04
C02406,ชาย,35-44,B02,สีลม,2025-12-19,2025-12,False,False,0,0,,,,
C02407,หญิง,18-24,B04,บางนา,2025-12-06,2025-12,False,True,1,95,2025-12-10,2025-12-10,284,B04
C02408,ชาย,ต่ำกว่า 18,B05,มหาวิทยาลัย,2026-04-22,2026-04,True,True,3,339,2026-04-25,2026-07-09,73,B05
C02409,ไม่ระบุ,45-54,B05,มหาวิทยาลัย,2026-06-25,2026-06,False,False,0,0,,,,
C02410,หญิง,35-44,B03,อารีย์,2026-01-07,2026-01,False,True,9,994,2026-01-21,2026-09-03,17,B03
C02411,หญิง,55+,B02,สีลม,2025-10-20,2025-10,False,True,9,987,2025-10-29,2026-08-04,47,B02
C02412,ชาย,45-54,B03,อารีย์,2026-01-06,2026-01,False,True,22,2319,2026-02-01,2026-09-04,16,B03
C02413,หญิง,18-24,B03,อารีย์,2026-07-06,2026-07,False,True,3,225,2026-07-22,2026-08-16,35,B03
C02414,หญิง,25-34,B02,สีลม,2026-06-30,2026-06,False,True,2,205,2026-07-03,2026-07-08,74,B02
C02415,ชาย,25-34,B05,มหาวิทยาลัย,2026-08-10,2026-08,False,False,0,0,,,,
C02416,ชาย,18-24,B05,มหาวิทยาลัย,2026-01-13,2026-01,False,True,4,305,2026-02-05,2026-08-06,45,B05
C02417,หญิง,25-34,B03,อารีย์,2026-07-18,2026-07,False,True,2,480,2026-08-11,2026-08-17,34,B03
C02418,หญิง,55+,B03,อารีย์,2026-02-15,2026-02,False,True,10,1317,2026-03-11,2026-09-01,19,B03
C02419,ชาย,35-44,B05,มหาวิทยาลัย,2025-04-20,2025-04,False,True,1,95,2025-05-09,2025-05-09,499,B05
C02420,หญิง,45-54,B01,สยาม,2025-09-16,2025-09,False,True,3,370,2025-10-04,2025-10-21,334,B01
C02421,ชาย,25-34,B01,สยาม,2025-07-10,2025-07,False,True,11,1419,2025-07-23,2026-07-18,64,B01
C02422,หญิง,45-54,B03,อารีย์,2026-06-09,2026-06,False,True,2,435,2026-06-16,2026-07-04,78,B03
C02423,หญิง,25-34,B04,บางนา,2025-10-24,2025-10,False,True,4,315,2025-11-01,2026-04-16,157,B04
C02424,ชาย,35-44,B05,มหาวิทยาลัย,2025-08-18,2025-08,False,True,9,949,2025-09-10,2026-07-02,80,B05
C02425,หญิง,35-44,B04,บางนา,2025-10-25,2025-10,False,True,8,989,2025-11-01,2026-01-18,245,B04
C02426,ชาย,18-24,B02,สีลม,2025-09-04,2025-09,False,True,14,1813,2025-09-15,2026-03-27,177,B02
C02427,ชาย,25-34,B01,สยาม,2026-08-13,2026-08,False,False,0,0,,,,
C02428,ชาย,55+,B01,สยาม,2025-04-28,2025-04,False,True,6,730,2025-04-30,2025-08-04,412,B01
C02429,หญิง,35-44,B02,สีลม,2026-04-23,2026-04,False,True,6,1470,2026-05-07,2026-08-17,34,B02
C02430,ชาย,18-24,B05,มหาวิทยาลัย,2025-11-18,2025-11,False,True,3,285,2025-12-12,2026-01-23,240,B05
C02431,หญิง,18-24,B05,มหาวิทยาลัย,2026-08-22,2026-08,False,False,0,0,,,,
C02432,หญิง,ต่ำกว่า 18,B04,บางนา,2025-10-13,2025-10,True,True,16,2273,2025-10-21,2026-07-04,78,B04
C02433,หญิง,45-54,B05,มหาวิทยาลัย,2026-04-12,2026-04,False,True,6,960,2026-05-01,2026-08-29,22,B05
C02434,ชาย,18-24,B05,มหาวิทยาลัย,2025-06-24,2025-06,False,True,6,1006,2025-07-07,2026-06-25,87,B05
C02435,ชาย,18-24,B05,มหาวิทยาลัย,2025-09-29,2025-09,False,True,2,460,2025-11-22,2026-01-29,234,B05
C02436,ชาย,18-24,B03,อารีย์,2026-06-10,2026-06,False,True,1,55,2026-06-25,2026-06-25,87,B03
C02437,ชาย,ต่ำกว่า 18,B05,มหาวิทยาลัย,2025-08-08,2025-08,True,True,12,1680,2025-08-10,2026-04-07,166,B05
C02438,หญิง,18-24,B03,อารีย์,2025-12-05,2025-12,False,True,7,799,2025-12-07,2026-01-31,232,B03
C02439,หญิง,ต่ำกว่า 18,B01,สยาม,2026-03-19,2026-03,True,True,5,655,2026-03-25,2026-09-16,4,B01
C02440,หญิง,25-34,B03,อารีย์,2026-01-24,2026-01,False,True,9,1198,2026-01-30,2026-05-15,128,B03
C02441,หญิง,35-44,B05,มหาวิทยาลัย,2026-04-10,2026-04,False,False,0,0,,,,
C02442,ชาย,35-44,B03,อารีย์,2025-12-29,2025-12,False,True,9,1224,2026-01-23,2026-09-08,12,B03
C02443,ชาย,25-34,B04,บางนา,2026-08-21,2026-08,False,True,2,155,2026-08-24,2026-09-10,10,B04
C02444,หญิง,18-24,B05,มหาวิทยาลัย,2026-04-14,2026-04,False,False,0,0,,,,
C02445,หญิง,55+,B01,สยาม,2026-02-15,2026-02,False,True,3,335,2026-02-21,2026-09-05,15,B01
C02446,หญิง,25-34,B01,สยาม,2025-04-02,2025-04,False,True,19,3264,2025-04-06,2026-01-07,256,B01
C02447,ชาย,18-24,B03,อารีย์,2026-05-21,2026-05,False,True,1,65,2026-06-24,2026-06-24,88,B03
C02448,หญิง,35-44,B02,สีลม,2026-05-11,2026-05,False,True,1,120,2026-06-17,2026-06-17,95,B05
C02449,หญิง,55+,B02,สีลม,2026-01-24,2026-01,False,True,3,185,2026-02-23,2026-09-01,19,B02
C02450,หญิง,45-54,B02,สีลม,2025-10-09,2025-10,False,True,1,60,2025-10-21,2025-10-21,334,B02
C02451,ชาย,25-34,B05,มหาวิทยาลัย,2026-04-09,2026-04,False,True,2,464,2026-04-13,2026-08-24,27,B05
C02452,หญิง,18-24,B05,มหาวิทยาลัย,2025-12-12,2025-12,False,True,1,20,2025-12-18,2025-12-18,276,B05
C02453,หญิง,45-54,B02,สีลม,2026-06-13,2026-06,False,True,4,405,2026-07-01,2026-08-30,21,B02
C02454,หญิง,25-34,B03,อารีย์,2026-04-23,2026-04,False,True,12,1642,2026-05-02,2026-09-10,10,B03
C02455,หญิง,45-54,B02,สีลม,2026-05-31,2026-05,False,True,4,767,2026-08-17,2026-09-11,9,B02
C02456,ชาย,35-44,B01,สยาม,2025-09-21,2025-09,False,True,8,960,2025-11-01,2026-04-01,172,B01
C02457,หญิง,35-44,B03,อารีย์,2026-09-01,2026-09,False,False,0,0,,,,
C02458,หญิง,45-54,B02,สีลม,2026-03-16,2026-03,False,True,5,914,2026-04-10,2026-09-16,4,B02
C02459,หญิง,45-54,B05,มหาวิทยาลัย,2026-07-29,2026-07,False,False,0,0,,,,
C02460,หญิง,55+,B01,สยาม,2026-02-03,2026-02,False,True,8,765,2026-02-25,2026-08-07,44,B01
C02461,ชาย,18-24,B04,บางนา,2025-07-28,2025-07,False,True,3,383,2025-08-23,2025-10-19,336,B04
C02462,หญิง,35-44,B01,สยาม,2026-04-20,2026-04,False,True,1,45,2026-04-24,2026-04-24,149,B01
C02463,ชาย,ต่ำกว่า 18,B04,บางนา,2026-02-03,2026-02,True,True,4,250,2026-02-22,2026-07-10,72,B04
C02464,ชาย,45-54,B04,บางนา,2025-11-27,2025-11,False,True,5,790,2025-12-20,2026-08-17,34,B04
C02465,หญิง,35-44,B02,สีลม,2026-08-23,2026-08,False,True,2,235,2026-09-12,2026-09-13,7,B03
C02466,หญิง,25-34,B01,สยาม,2025-12-31,2025-12,False,False,0,0,,,,
C02467,หญิง,18-24,B02,สีลม,2026-05-02,2026-05,False,True,1,95,2026-08-29,2026-08-29,22,B02
C02468,หญิง,25-34,B02,สีลม,2026-08-20,2026-08,False,False,0,0,,,,
C02469,หญิง,18-24,B05,มหาวิทยาลัย,2026-07-05,2026-07,False,False,0,0,,,,
C02470,ชาย,45-54,B01,สยาม,2026-07-14,2026-07,False,True,2,95,2026-07-16,2026-07-29,53,B03
C02471,หญิง,25-34,B03,อารีย์,2026-07-06,2026-07,False,True,3,465,2026-07-12,2026-07-19,63,B03
C02472,ชาย,18-24,B05,มหาวิทยาลัย,2026-08-14,2026-08,False,True,1,210,2026-08-20,2026-08-20,31,B05
C02473,หญิง,25-34,B04,บางนา,2026-01-20,2026-01,False,True,2,130,2026-01-24,2026-02-22,210,B04
C02474,ชาย,18-24,B05,มหาวิทยาลัย,2025-11-25,2025-11,False,True,6,825,2025-12-01,2026-08-04,47,B05
C02475,ชาย,35-44,B01,สยาม,2026-08-06,2026-08,False,True,6,715,2026-08-11,2026-09-20,0,B01
C02476,ชาย,35-44,B02,สีลม,2026-05-03,2026-05,False,True,7,694,2026-05-05,2026-08-11,40,B02
C02477,หญิง,ต่ำกว่า 18,B01,สยาม,2025-06-22,2025-06,True,True,8,1490,2025-06-28,2026-07-05,77,B01
C02478,ชาย,25-34,B04,บางนา,2025-12-03,2025-12,False,True,13,1665,2025-12-10,2026-06-28,84,B04
C02479,ชาย,18-24,B05,มหาวิทยาลัย,2026-06-09,2026-06,False,False,0,0,,,,
C02480,หญิง,35-44,B01,สยาม,2025-07-01,2025-07,False,True,12,1313,2025-07-07,2026-03-22,182,B01
C02481,หญิง,25-34,B04,บางนา,2026-01-19,2026-01,False,True,6,847,2026-02-05,2026-08-10,41,B04
C02482,หญิง,18-24,B04,บางนา,2025-07-11,2025-07,False,True,16,2254,2025-08-04,2026-08-08,43,B04
C02483,หญิง,18-24,B01,สยาม,2026-03-12,2026-03,False,True,3,355,2026-03-23,2026-08-17,34,B02
C02484,หญิง,35-44,B05,มหาวิทยาลัย,2026-01-29,2026-01,False,True,6,695,2026-02-02,2026-07-07,75,B05
C02485,หญิง,55+,B05,มหาวิทยาลัย,2025-08-26,2025-08,False,True,6,430,2025-10-02,2026-05-23,120,B05
C02486,หญิง,18-24,B01,สยาม,2025-05-29,2025-05,False,True,11,1639,2025-07-16,2026-08-17,34,B01
C02487,หญิง,45-54,B02,สีลม,2026-09-04,2026-09,False,True,1,65,2026-09-18,2026-09-18,2,B02
C02488,หญิง,25-34,B03,อารีย์,2026-01-13,2026-01,False,True,9,1510,2026-01-19,2026-08-09,42,B03
C02489,หญิง,35-44,B05,มหาวิทยาลัย,2026-07-06,2026-07,False,True,2,180,2026-07-26,2026-09-04,16,B05
C02490,หญิง,35-44,B04,บางนา,2025-05-17,2025-05,False,True,3,240,2025-05-19,2025-05-30,478,B04
C02491,ไม่ระบุ,18-24,B01,สยาม,2025-12-29,2025-12,False,True,2,250,2026-03-05,2026-04-03,170,B01
C02492,หญิง,18-24,B01,สยาม,2025-05-25,2025-05,False,True,15,1529,2025-06-06,2026-09-19,1,B01
C02493,หญิง,18-24,B05,มหาวิทยาลัย,2025-08-24,2025-08,False,True,1,105,2025-08-29,2025-08-29,387,B05
C02494,ไม่ระบุ,35-44,B05,มหาวิทยาลัย,2026-06-11,2026-06,False,False,0,0,,,,
C02495,หญิง,18-24,B05,มหาวิทยาลัย,2026-07-24,2026-07,False,False,0,0,,,,
C02496,ชาย,35-44,B03,อารีย์,2026-05-24,2026-05,False,True,2,125,2026-06-03,2026-06-28,84,B03
C02497,หญิง,25-34,B02,สีลม,2026-08-14,2026-08,False,False,0,0,,,,
C02498,ชาย,25-34,B01,สยาม,2025-11-14,2025-11,False,True,1,65,2025-11-26,2025-11-26,298,B01
C02499,หญิง,18-24,B02,สีลม,2026-06-24,2026-06,False,True,1,234,2026-07-21,2026-07-21,61,B02
C02500,ชาย,35-44,B04,บางนา,2025-07-29,2025-07,False,True,6,763,2025-08-29,2025-12-21,273,B04
C02501,หญิง,25-34,B02,สีลม,2025-12-07,2025-12,False,True,8,890,2026-01-21,2026-06-15,97,B02
C02502,หญิง,35-44,B03,อารีย์,2026-08-31,2026-08,False,False,0,0,,,,
C02503,หญิง,25-34,B01,สยาม,2025-04-20,2025-04,False,True,7,873,2025-05-03,2025-11-16,308,B01
C02504,หญิง,35-44,B01,สยาม,2025-04-04,2025-04,False,True,11,1192,2025-05-25,2026-07-04,78,B01
C02505,หญิง,ต่ำกว่า 18,B01,สยาม,2026-08-05,2026-08,True,False,0,0,,,,
C02506,ชาย,25-34,B04,บางนา,2026-09-06,2026-09,False,False,0,0,,,,
C02507,ชาย,25-34,B03,อารีย์,2025-12-03,2025-12,False,True,13,1999,2025-12-20,2026-05-08,135,B03
C02508,หญิง,55+,B01,สยาม,2026-01-30,2026-01,False,False,0,0,,,,
C02509,หญิง,35-44,B05,มหาวิทยาลัย,2025-09-20,2025-09,False,True,11,1194,2025-09-23,2026-06-30,82,B05
C02510,ชาย,55+,B04,บางนา,2025-12-27,2025-12,False,True,9,1124,2026-02-22,2026-07-25,57,B04
C02511,หญิง,25-34,B01,สยาม,2026-08-16,2026-08,False,False,0,0,,,,
C02512,ชาย,18-24,B02,สีลม,2025-12-24,2025-12,False,True,3,300,2026-01-30,2026-03-02,202,B02
C02513,ชาย,25-34,B05,มหาวิทยาลัย,2026-02-26,2026-02,False,True,5,534,2026-03-18,2026-06-17,95,B05
C02514,ชาย,25-34,B01,สยาม,2026-02-01,2026-02,False,True,6,788,2026-03-04,2026-06-08,104,B01
C02515,หญิง,18-24,B01,สยาม,2025-09-07,2025-09,False,True,3,290,2025-11-03,2025-12-31,263,B01
C02516,หญิง,25-34,B02,สีลม,2026-01-25,2026-01,False,True,11,1183,2026-02-19,2026-08-30,21,B02
C02517,หญิง,18-24,B01,สยาม,2026-08-07,2026-08,False,True,1,89,2026-09-11,2026-09-11,9,B01
C02518,ไม่ระบุ,45-54,B04,บางนา,2026-08-10,2026-08,False,True,2,350,2026-08-31,2026-09-20,0,B04
C02519,หญิง,18-24,B02,สีลม,2026-06-19,2026-06,False,False,0,0,,,,
C02520,ชาย,55+,B03,อารีย์,2026-05-04,2026-05,False,True,1,120,2026-08-17,2026-08-17,34,B05
C02521,หญิง,25-34,B04,บางนา,2025-04-14,2025-04,False,True,32,3690,2025-04-18,2026-09-09,11,B04
C02522,หญิง,35-44,B02,สีลม,2025-12-23,2025-12,False,True,1,160,2025-12-25,2025-12-25,269,B02
C02523,หญิง,25-34,B05,มหาวิทยาลัย,2025-05-03,2025-05,False,True,7,679,2025-05-21,2025-10-04,351,B05
C02524,ชาย,18-24,B05,มหาวิทยาลัย,2025-09-09,2025-09,False,True,6,535,2025-09-24,2026-02-28,204,B05
C02525,ไม่ระบุ,35-44,B03,อารีย์,2026-03-23,2026-03,False,True,12,1403,2026-03-24,2026-09-16,4,B03
C02526,หญิง,25-34,B03,อารีย์,2026-01-26,2026-01,False,True,15,2068,2026-02-13,2026-08-26,25,B03
C02527,ชาย,18-24,B01,สยาม,2025-11-09,2025-11,False,True,4,374,2025-11-14,2026-02-03,229,B01
C02528,หญิง,35-44,B04,บางนา,2025-07-06,2025-07,False,True,15,2143,2025-07-06,2026-08-19,32,B04
C02529,หญิง,55+,B05,มหาวิทยาลัย,2026-05-28,2026-05,False,True,1,65,2026-07-13,2026-07-13,69,B05
C02530,หญิง,25-34,B03,อารีย์,2026-02-01,2026-02,False,True,7,829,2026-02-02,2026-04-10,163,B03
C02531,หญิง,35-44,B02,สีลม,2025-05-20,2025-05,False,True,12,1375,2025-05-28,2026-01-05,258,B02
C02532,หญิง,18-24,B01,สยาม,2026-06-20,2026-06,False,True,3,633,2026-07-05,2026-08-26,25,B01
C02533,ชาย,25-34,B03,อารีย์,2026-01-20,2026-01,False,True,8,1095,2026-01-22,2026-07-29,53,B03
C02534,หญิง,45-54,B01,สยาม,2025-04-26,2025-04,False,True,4,480,2025-05-17,2025-06-07,470,B01
C02535,ชาย,25-34,B01,สยาม,2025-12-12,2025-12,False,True,7,1345,2025-12-15,2026-04-18,155,B01
C02536,ชาย,25-34,B01,สยาม,2026-06-06,2026-06,False,True,6,890,2026-07-18,2026-09-11,9,B01
C02537,หญิง,18-24,B05,มหาวิทยาลัย,2026-07-26,2026-07,False,True,1,125,2026-07-30,2026-07-30,52,B05
C02538,ชาย,45-54,B04,บางนา,2025-08-15,2025-08,False,True,15,2085,2025-08-20,2026-09-14,6,B04
C02539,หญิง,25-34,B05,มหาวิทยาลัย,2025-12-03,2025-12,False,True,4,570,2025-12-19,2026-06-24,88,B05
C02540,ชาย,18-24,B03,อารีย์,2026-01-24,2026-01,False,True,17,2456,2026-01-28,2026-08-29,22,B03
C02541,ชาย,25-34,B04,บางนา,2025-10-10,2025-10,False,True,9,1105,2025-10-29,2026-08-09,42,B04
C02542,ชาย,55+,B03,อารีย์,2026-02-19,2026-02,False,False,0,0,,,,
C02543,หญิง,18-24,B02,สีลม,2025-05-18,2025-05,False,False,0,0,,,,
C02544,ชาย,18-24,B01,สยาม,2026-05-09,2026-05,False,False,0,0,,,,
C02545,ชาย,18-24,B04,บางนา,2026-05-06,2026-05,False,True,4,390,2026-06-03,2026-07-31,51,B04
C02546,ชาย,18-24,B03,อารีย์,2026-07-24,2026-07,False,False,0,0,,,,
C02547,หญิง,35-44,B03,อารีย์,2026-06-07,2026-06,False,True,7,948,2026-06-07,2026-08-12,39,B03
C02548,หญิง,35-44,B05,มหาวิทยาลัย,2026-03-07,2026-03,False,True,6,829,2026-04-23,2026-09-06,14,B05
C02549,ชาย,18-24,B05,มหาวิทยาลัย,2026-07-27,2026-07,False,True,1,85,2026-08-19,2026-08-19,32,B03
C02550,หญิง,55+,B02,สีลม,2026-07-08,2026-07,False,False,0,0,,,,
C02551,หญิง,25-34,B02,สีลม,2026-09-13,2026-09,False,False,0,0,,,,
C02552,หญิง,55+,B03,อารีย์,2026-06-05,2026-06,False,True,1,65,2026-07-05,2026-07-05,77,B03
C02553,หญิง,55+,B02,สีลม,2025-09-15,2025-09,False,True,10,1238,2025-12-12,2026-09-06,14,B02
C02554,หญิง,25-34,B02,สีลม,2026-07-26,2026-07,False,True,2,224,2026-08-06,2026-09-02,18,B02
C02555,ชาย,25-34,B01,สยาม,2026-07-19,2026-07,False,True,1,65,2026-09-08,2026-09-08,12,B01
C02556,หญิง,18-24,B01,สยาม,2026-08-03,2026-08,False,True,1,75,2026-09-04,2026-09-04,16,B01
C02557,หญิง,55+,B04,บางนา,2025-08-02,2025-08,False,True,6,1215,2025-08-14,2026-03-24,180,B04
C02558,ชาย,45-54,B03,อารีย์,2026-08-23,2026-08,False,True,1,140,2026-08-26,2026-08-26,25,B03
C02559,ชาย,18-24,B02,สีลม,2025-11-22,2025-11,False,True,6,555,2026-01-09,2026-04-28,145,B02
C02560,หญิง,45-54,B04,บางนา,2026-01-14,2026-01,False,True,7,1149,2026-01-22,2026-06-27,85,B04
C02561,ชาย,25-34,B01,สยาม,2025-10-14,2025-10,False,True,6,858,2025-10-15,2026-07-08,74,B05
C02562,หญิง,35-44,B05,มหาวิทยาลัย,2025-08-20,2025-08,False,True,5,844,2025-10-04,2026-03-29,175,B05
C02563,ชาย,35-44,B01,สยาม,2026-05-28,2026-05,False,True,3,380,2026-05-31,2026-08-16,35,B01
C02564,ชาย,18-24,B04,บางนา,2026-01-04,2026-01,False,False,0,0,,,,
C02565,หญิง,25-34,B01,สยาม,2025-12-11,2025-12,False,False,0,0,,,,
C02566,หญิง,35-44,B05,มหาวิทยาลัย,2026-08-04,2026-08,False,False,0,0,,,,
C02567,หญิง,55+,B05,มหาวิทยาลัย,2026-04-08,2026-04,False,True,2,130,2026-04-25,2026-08-21,30,B05
C02568,หญิง,35-44,B02,สีลม,2025-07-28,2025-07,False,True,2,150,2025-08-19,2025-08-30,386,B02
C02569,ชาย,45-54,B02,สีลม,2026-09-04,2026-09,False,True,1,75,2026-09-16,2026-09-16,4,B02
C02570,ชาย,18-24,B05,มหาวิทยาลัย,2026-03-01,2026-03,False,False,0,0,,,,
C02571,ชาย,25-34,B05,มหาวิทยาลัย,2026-01-23,2026-01,False,False,0,0,,,,
C02572,ชาย,35-44,B05,มหาวิทยาลัย,2025-11-22,2025-11,False,True,2,270,2025-12-14,2025-12-29,265,B05
C02573,หญิง,45-54,B02,สีลม,2025-07-22,2025-07,False,True,3,385,2025-11-08,2025-12-11,283,B02
C02574,หญิง,25-34,B01,สยาม,2025-08-19,2025-08,False,True,20,2386,2025-10-05,2026-09-05,15,B01
C02575,หญิง,25-34,B04,บางนา,2025-10-01,2025-10,False,True,8,935,2025-10-05,2026-09-08,12,B04
C02576,หญิง,18-24,B04,บางนา,2025-07-28,2025-07,False,True,21,3476,2025-08-10,2026-04-19,154,B04
C02577,หญิง,35-44,B01,สยาม,2025-08-13,2025-08,False,True,1,85,2025-09-19,2025-09-19,366,B01
C02578,ชาย,18-24,B03,อารีย์,2026-07-13,2026-07,False,True,1,85,2026-07-30,2026-07-30,52,B03
C02579,หญิง,25-34,B02,สีลม,2025-07-08,2025-07,False,True,3,390,2025-10-21,2026-08-19,32,B02
C02580,ชาย,35-44,B03,อารีย์,2026-05-27,2026-05,False,True,2,544,2026-07-06,2026-07-17,65,B03
C02581,ชาย,25-34,B03,อารีย์,2026-06-13,2026-06,False,True,2,319,2026-07-08,2026-08-28,23,B03
C02582,หญิง,25-34,B03,อารีย์,2026-01-29,2026-01,False,True,7,878,2026-03-03,2026-09-12,8,B03
C02583,ชาย,18-24,B03,อารีย์,2026-06-18,2026-06,False,True,3,235,2026-06-19,2026-08-24,27,B03
C02584,ชาย,35-44,B03,อารีย์,2026-06-19,2026-06,False,False,0,0,,,,
C02585,หญิง,35-44,B01,สยาม,2025-08-09,2025-08,False,True,19,2339,2025-09-08,2026-08-15,36,B01
C02586,หญิง,25-34,B02,สีลม,2026-07-22,2026-07,False,True,4,500,2026-07-23,2026-08-24,27,B02
C02587,หญิง,25-34,B04,บางนา,2025-10-03,2025-10,False,True,2,500,2025-12-23,2026-02-06,226,B04
C02588,ชาย,35-44,B04,บางนา,2025-08-17,2025-08,False,True,2,170,2025-09-29,2025-10-29,326,B04
C02589,หญิง,18-24,B05,มหาวิทยาลัย,2026-04-23,2026-04,False,False,0,0,,,,
C02590,หญิง,18-24,B02,สีลม,2026-04-20,2026-04,False,True,4,810,2026-06-13,2026-09-08,12,B02
C02591,หญิง,18-24,B03,อารีย์,2026-09-10,2026-09,False,False,0,0,,,,
C02592,หญิง,45-54,B01,สยาม,2026-07-11,2026-07,False,True,1,210,2026-08-16,2026-08-16,35,B01
C02593,ชาย,45-54,B02,สีลม,2026-07-22,2026-07,False,False,0,0,,,,
C02594,หญิง,25-34,B04,บางนา,2025-09-26,2025-09,False,True,25,3364,2025-10-11,2026-08-08,43,B04
C02595,ชาย,18-24,B05,มหาวิทยาลัย,2026-08-30,2026-08,False,False,0,0,,,,
C02596,ชาย,35-44,B02,สีลม,2025-05-04,2025-05,False,True,5,660,2025-05-06,2025-08-25,391,B02
C02597,หญิง,35-44,B03,อารีย์,2026-07-27,2026-07,False,True,1,65,2026-08-07,2026-08-07,44,B03
C02598,หญิง,35-44,B01,สยาม,2026-01-16,2026-01,False,False,0,0,,,,
C02599,หญิง,35-44,B01,สยาม,2026-04-16,2026-04,False,True,7,699,2026-05-26,2026-09-16,4,B01
C02600,หญิง,35-44,B01,สยาม,2025-10-23,2025-10,False,True,2,229,2025-10-25,2025-11-14,310,B01
C02601,หญิง,18-24,B01,สยาม,2025-10-26,2025-10,False,True,2,195,2025-10-27,2026-02-26,206,B01
C02602,ชาย,25-34,B01,สยาม,2026-08-12,2026-08,False,True,2,435,2026-08-21,2026-09-03,17,B01
C02603,หญิง,25-34,B02,สีลม,2025-06-10,2025-06,False,True,14,1385,2025-06-27,2026-04-07,166,B02
C02604,ชาย,45-54,B01,สยาม,2025-04-19,2025-04,False,True,10,975,2025-05-09,2026-04-09,164,B01
C02605,ชาย,18-24,B01,สยาม,2025-05-08,2025-05,False,True,8,1382,2025-05-11,2025-10-24,331,B01
C02606,ชาย,25-34,B02,สีลม,2025-08-13,2025-08,False,True,10,1190,2025-08-17,2026-02-27,205,B02
C02607,หญิง,ต่ำกว่า 18,B03,อารีย์,2026-03-15,2026-03,True,True,4,984,2026-04-04,2026-07-19,63,B03
C02608,หญิง,25-34,B02,สีลม,2025-08-09,2025-08,False,True,7,1012,2025-09-08,2025-11-12,312,B02
C02609,หญิง,25-34,B05,มหาวิทยาลัย,2025-08-05,2025-08,False,True,6,779,2025-08-07,2025-10-06,349,B05
C02610,หญิง,25-34,B01,สยาม,2025-07-08,2025-07,False,True,1,60,2025-07-08,2025-07-08,439,B01
C02611,หญิง,55+,B01,สยาม,2025-08-18,2025-08,False,True,9,1153,2025-09-13,2026-09-20,0,B01
C02612,หญิง,ต่ำกว่า 18,B04,บางนา,2026-08-12,2026-08,True,True,1,75,2026-08-16,2026-08-16,35,B04
C02613,ไม่ระบุ,25-34,B05,มหาวิทยาลัย,2025-10-23,2025-10,False,True,9,1182,2025-11-12,2026-06-29,83,B05
C02614,หญิง,45-54,B02,สีลม,2026-04-17,2026-04,False,True,5,808,2026-05-11,2026-08-29,22,B02
C02615,หญิง,35-44,B02,สีลม,2025-05-30,2025-05,False,True,17,1964,2025-06-04,2026-01-12,251,B02
C02616,หญิง,25-34,B03,อารีย์,2026-06-20,2026-06,False,True,2,120,2026-07-18,2026-08-28,23,B03
C02617,หญิง,35-44,B01,สยาม,2025-09-02,2025-09,False,True,6,750,2025-09-21,2026-05-13,130,B01
C02618,หญิง,35-44,B03,อารีย์,2026-04-03,2026-04,False,True,3,470,2026-05-01,2026-09-11,9,B03
C02619,หญิง,25-34,B05,มหาวิทยาลัย,2026-08-10,2026-08,False,True,1,130,2026-08-17,2026-08-17,34,B05
C02620,ชาย,18-24,B04,บางนา,2026-06-06,2026-06,False,True,5,1270,2026-07-05,2026-09-19,1,B04
C02621,หญิง,25-34,B02,สีลม,2025-06-23,2025-06,False,True,18,2016,2025-07-02,2026-08-31,20,B02
C02622,หญิง,35-44,B01,สยาม,2026-01-23,2026-01,False,True,4,435,2026-02-14,2026-08-24,27,B01
C02623,หญิง,25-34,B03,อารีย์,2026-02-05,2026-02,False,True,3,490,2026-03-09,2026-06-04,108,B03
C02624,หญิง,45-54,B04,บางนา,2025-11-25,2025-11,False,True,5,575,2025-11-28,2026-09-08,12,B04
C02625,หญิง,25-34,B01,สยาม,2026-08-26,2026-08,False,True,1,160,2026-09-12,2026-09-12,8,B01
C02626,หญิง,25-34,B04,บางนา,2026-08-18,2026-08,False,False,0,0,,,,
C02627,หญิง,35-44,B02,สีลม,2026-08-02,2026-08,False,False,0,0,,,,
C02628,หญิง,25-34,B01,สยาม,2025-07-21,2025-07,False,True,17,2083,2025-09-09,2026-08-23,28,B01
C02629,หญิง,18-24,B05,มหาวิทยาลัย,2025-11-09,2025-11,False,True,4,848,2026-01-16,2026-06-24,88,B05
C02630,หญิง,45-54,B02,สีลม,2026-06-21,2026-06,False,True,3,464,2026-07-13,2026-08-11,40,B01
C02631,ชาย,18-24,B03,อารีย์,2026-06-23,2026-06,False,True,1,65,2026-08-05,2026-08-05,46,B03
C02632,ไม่ระบุ,35-44,B02,สีลม,2025-12-29,2025-12,False,True,7,1533,2026-01-15,2026-08-16,35,B02
C02633,หญิง,55+,B05,มหาวิทยาลัย,2025-05-17,2025-05,False,True,16,2099,2025-06-01,2026-08-24,27,B05
C02634,หญิง,18-24,B04,บางนา,2025-04-14,2025-04,False,True,36,4507,2025-04-17,2026-08-30,21,B04
C02635,หญิง,18-24,B01,สยาม,2025-06-28,2025-06,False,True,33,4484,2025-06-29,2026-09-20,0,B01
C02636,หญิง,55+,B01,สยาม,2025-06-03,2025-06,False,True,9,814,2025-06-14,2026-07-05,77,B01
C02637,ชาย,18-24,B03,อารีย์,2026-08-01,2026-08,False,True,2,344,2026-08-14,2026-09-08,12,B03
C02638,หญิง,25-34,B04,บางนา,2025-06-29,2025-06,False,True,8,525,2025-07-02,2025-10-28,327,B04
C02639,หญิง,55+,B04,บางนา,2026-03-22,2026-03,False,True,6,816,2026-05-19,2026-08-15,36,B04
C02640,ชาย,18-24,B03,อารีย์,2026-03-01,2026-03,False,True,13,1419,2026-04-19,2026-08-27,24,B03
C02641,ชาย,18-24,B04,บางนา,2025-06-30,2025-06,False,True,19,2271,2025-07-11,2026-08-16,35,B04
C02642,ชาย,18-24,B05,มหาวิทยาลัย,2026-03-07,2026-03,False,True,2,395,2026-03-12,2026-04-17,156,B05
C02643,หญิง,18-24,B01,สยาม,2026-02-11,2026-02,False,True,1,55,2026-06-12,2026-06-12,100,B01
C02644,หญิง,ต่ำกว่า 18,B01,สยาม,2025-07-26,2025-07,True,True,8,635,2025-08-12,2026-07-22,60,B01
C02645,หญิง,25-34,B05,มหาวิทยาลัย,2026-07-07,2026-07,False,False,0,0,,,,
C02646,หญิง,25-34,B04,บางนา,2025-09-06,2025-09,False,True,9,983,2025-09-29,2026-07-19,63,B04
C02647,หญิง,55+,B01,สยาม,2026-04-18,2026-04,False,True,2,160,2026-06-22,2026-08-24,27,B01
C02648,หญิง,45-54,B04,บางนา,2025-09-13,2025-09,False,True,4,589,2025-10-09,2025-11-26,298,B04
C02649,หญิง,ต่ำกว่า 18,B01,สยาม,2025-11-25,2025-11,True,True,16,1937,2025-11-28,2026-08-07,44,B01
C02650,ชาย,25-34,B01,สยาม,2026-05-26,2026-05,False,True,1,65,2026-08-18,2026-08-18,33,B01
C02651,ชาย,18-24,B02,สีลม,2025-04-18,2025-04,False,True,9,960,2025-05-10,2025-12-22,272,B02
C02652,หญิง,25-34,B02,สีลม,2025-12-26,2025-12,False,True,1,85,2026-04-02,2026-04-02,171,B02
C02653,ชาย,25-34,B05,มหาวิทยาลัย,2026-05-23,2026-05,False,True,1,65,2026-09-06,2026-09-06,14,B05
C02654,หญิง,25-34,B01,สยาม,2025-09-06,2025-09,False,True,6,600,2025-09-20,2026-06-16,96,B01
C02655,หญิง,18-24,B02,สีลม,2026-02-13,2026-02,False,True,7,880,2026-03-11,2026-08-15,36,B02
C02656,ชาย,55+,B01,สยาม,2026-03-19,2026-03,False,True,1,220,2026-03-22,2026-03-22,182,B01
C02657,หญิง,25-34,B01,สยาม,2026-08-09,2026-08,False,True,1,315,2026-09-17,2026-09-17,3,B01
C02658,ชาย,18-24,B01,สยาม,2025-11-25,2025-11,False,True,2,305,2026-03-09,2026-08-31,20,B01
C02659,ชาย,25-34,B01,สยาม,2025-05-05,2025-05,False,True,22,2550,2025-05-12,2026-04-13,160,B01
C02660,หญิง,45-54,B05,มหาวิทยาลัย,2026-07-10,2026-07,False,False,0,0,,,,
C02661,ชาย,25-34,B02,สีลม,2025-11-29,2025-11,False,False,0,0,,,,
C02662,หญิง,25-34,B05,มหาวิทยาลัย,2026-07-05,2026-07,False,True,2,300,2026-07-13,2026-08-16,35,B05
C02663,หญิง,45-54,B02,สีลม,2026-01-02,2026-01,False,True,6,957,2026-01-07,2026-06-04,108,B02
C02664,หญิง,18-24,B03,อารีย์,2026-07-19,2026-07,False,True,1,85,2026-09-12,2026-09-12,8,B03
C02665,ชาย,55+,B02,สีลม,2025-12-07,2025-12,False,True,8,904,2025-12-21,2026-06-19,93,B02
C02666,หญิง,55+,B05,มหาวิทยาลัย,2025-11-04,2025-11,False,True,3,356,2025-11-11,2025-11-25,299,B05
C02667,หญิง,18-24,B05,มหาวิทยาลัย,2026-01-28,2026-01,False,True,4,524,2026-02-17,2026-07-07,75,B05
C02668,ชาย,18-24,B01,สยาม,2026-06-01,2026-06,False,True,1,110,2026-08-20,2026-08-20,31,B01
C02669,หญิง,25-34,B05,มหาวิทยาลัย,2025-06-05,2025-06,False,True,2,215,2025-06-09,2025-07-03,444,B05
C02670,หญิง,45-54,B02,สีลม,2025-11-27,2025-11,False,True,5,449,2026-02-16,2026-04-28,145,B02
C02671,หญิง,18-24,B01,สยาม,2026-04-18,2026-04,False,True,4,654,2026-05-15,2026-06-28,84,B01
C02672,ชาย,25-34,B03,อารีย์,2026-08-16,2026-08,False,True,1,130,2026-08-20,2026-08-20,31,B02
C02673,หญิง,55+,B01,สยาม,2025-07-27,2025-07,False,True,12,1956,2025-08-29,2026-05-13,130,B01
C02674,ชาย,55+,B01,สยาม,2026-06-13,2026-06,False,True,1,195,2026-07-27,2026-07-27,55,B01
C02675,หญิง,35-44,B01,สยาม,2026-03-10,2026-03,False,True,4,440,2026-03-15,2026-04-08,165,B01
C02676,ชาย,25-34,B01,สยาม,2026-05-14,2026-05,False,True,3,376,2026-06-06,2026-09-14,6,B01
C02677,หญิง,18-24,B01,สยาม,2025-11-01,2025-11,False,True,4,343,2025-11-11,2026-07-21,61,B01
C02678,หญิง,55+,B04,บางนา,2026-02-24,2026-02,False,True,4,495,2026-03-03,2026-08-18,33,B04
C02679,ชาย,25-34,B01,สยาม,2026-05-25,2026-05,False,True,2,234,2026-08-18,2026-09-08,12,B01
C02680,ชาย,45-54,B04,บางนา,2025-04-12,2025-04,False,True,4,339,2025-04-20,2025-05-04,504,B04
C02681,หญิง,35-44,B01,สยาม,2025-10-22,2025-10,False,True,4,280,2025-12-13,2026-08-06,45,B01
C02682,หญิง,25-34,B02,สีลม,2025-06-10,2025-06,False,True,9,1270,2025-09-16,2026-03-26,178,B02
C02683,หญิง,18-24,B02,สีลม,2026-04-16,2026-04,False,True,2,150,2026-08-02,2026-08-06,45,B03
C02684,ชาย,25-34,B05,มหาวิทยาลัย,2026-08-21,2026-08,False,False,0,0,,,,
C02685,หญิง,35-44,B01,สยาม,2025-07-10,2025-07,False,True,7,1389,2025-08-20,2026-09-18,2,B01
C02686,ชาย,55+,B05,มหาวิทยาลัย,2026-07-08,2026-07,False,False,0,0,,,,
C02687,ไม่ระบุ,25-34,B05,มหาวิทยาลัย,2025-08-02,2025-08,False,True,16,1964,2025-08-21,2026-07-11,71,B05
C02688,ชาย,45-54,B02,สีลม,2025-07-04,2025-07,False,True,5,398,2025-08-18,2026-04-07,166,B02
C02689,ชาย,18-24,B03,อารีย์,2026-05-10,2026-05,False,True,7,849,2026-05-16,2026-09-19,1,B03
C02690,หญิง,45-54,B02,สีลม,2026-05-01,2026-05,False,True,2,350,2026-05-25,2026-06-29,83,B02
C02691,หญิง,18-24,B02,สีลม,2025-06-13,2025-06,False,True,10,1183,2025-06-29,2026-04-18,155,B02
C02692,หญิง,25-34,B01,สยาม,2026-03-05,2026-03,False,True,1,40,2026-05-20,2026-05-20,123,B01
C02693,หญิง,35-44,B01,สยาม,2025-11-07,2025-11,False,True,7,725,2025-11-30,2026-04-18,155,B01
C02694,ชาย,45-54,B02,สีลม,2025-12-05,2025-12,False,True,10,1500,2026-01-02,2026-09-17,3,B02
C02695,ชาย,18-24,B05,มหาวิทยาลัย,2026-07-05,2026-07,False,True,2,130,2026-07-08,2026-07-08,74,B05
C02696,ชาย,25-34,B01,สยาม,2025-04-10,2025-04,False,True,14,2122,2025-04-21,2026-06-26,86,B01
C02697,ชาย,25-34,B04,บางนา,2026-05-02,2026-05,False,True,3,403,2026-05-19,2026-08-18,33,B04
C02698,ชาย,45-54,B01,สยาม,2025-07-10,2025-07,False,True,25,3997,2025-07-22,2026-08-23,28,B01
C02699,หญิง,25-34,B03,อารีย์,2026-08-03,2026-08,False,False,0,0,,,,
C02700,หญิง,18-24,B04,บางนา,2026-08-25,2026-08,False,False,0,0,,,,
C02701,ไม่ระบุ,18-24,B04,บางนา,2025-10-05,2025-10,False,True,16,1849,2025-11-23,2026-08-25,26,B04
C02702,หญิง,25-34,B02,สีลม,2026-05-15,2026-05,False,True,6,959,2026-06-30,2026-09-20,0,B02
C02703,หญิง,18-24,B04,บางนา,2026-06-30,2026-06,False,True,1,145,2026-07-25,2026-07-25,57,B04
C02704,หญิง,45-54,B02,สีลม,2025-05-11,2025-05,False,True,12,1244,2025-05-27,2025-10-11,344,B02
C02705,หญิง,25-34,B04,บางนา,2026-02-04,2026-02,False,True,1,85,2026-03-01,2026-03-01,203,B04
C02706,หญิง,25-34,B03,อารีย์,2026-02-12,2026-02,False,True,9,1184,2026-02-12,2026-04-03,170,B03
C02707,ชาย,18-24,B02,สีลม,2025-10-02,2025-10,False,True,4,493,2025-11-05,2026-06-12,100,B02
C02708,หญิง,45-54,B03,อารีย์,2026-02-21,2026-02,False,True,10,1523,2026-03-03,2026-08-30,21,B03
C02709,หญิง,35-44,B05,มหาวิทยาลัย,2025-06-22,2025-06,False,True,12,1473,2025-06-25,2026-08-04,47,B05
C02710,หญิง,18-24,B02,สีลม,2026-04-04,2026-04,False,False,0,0,,,,
C02711,หญิง,45-54,B02,สีลม,2025-10-18,2025-10,False,True,2,160,2025-11-25,2025-12-26,268,B05
C02712,หญิง,25-34,B02,สีลม,2026-01-11,2026-01,False,True,2,380,2026-01-15,2026-01-16,247,B02
C02713,ชาย,18-24,B01,สยาม,2026-04-29,2026-04,False,True,1,85,2026-07-24,2026-07-24,58,B01
C02714,หญิง,18-24,B01,สยาม,2026-05-29,2026-05,False,True,4,303,2026-06-07,2026-09-05,15,B01
C02715,ชาย,35-44,B01,สยาม,2025-10-09,2025-10,False,True,1,120,2025-11-16,2025-11-16,308,B01
C02716,ชาย,18-24,B04,บางนา,2026-06-19,2026-06,False,True,2,225,2026-06-19,2026-09-04,16,B04
C02717,ไม่ระบุ,35-44,B02,สีลม,2025-05-13,2025-05,False,True,11,969,2025-05-25,2026-06-23,89,B02
C02718,หญิง,35-44,B02,สีลม,2026-07-24,2026-07,False,True,1,215,2026-08-25,2026-08-25,26,B02
C02719,หญิง,ต่ำกว่า 18,B05,มหาวิทยาลัย,2026-07-06,2026-07,True,True,5,674,2026-07-22,2026-09-10,10,B05
C02720,หญิง,45-54,B02,สีลม,2025-06-24,2025-06,False,True,20,2358,2025-06-26,2026-08-30,21,B02
C02721,ชาย,35-44,B05,มหาวิทยาลัย,2025-06-20,2025-06,False,True,14,1859,2025-06-26,2026-08-23,28,B05
C02722,หญิง,25-34,B02,สีลม,2026-09-14,2026-09,False,False,0,0,,,,
C02723,ชาย,35-44,B02,สีลม,2025-04-03,2025-04,False,True,11,1686,2025-04-23,2025-12-22,272,B02
C02724,หญิง,25-34,B02,สีลม,2026-08-29,2026-08,False,True,1,110,2026-09-10,2026-09-10,10,B02
C02725,หญิง,25-34,B05,มหาวิทยาลัย,2025-10-13,2025-10,False,True,6,699,2025-10-21,2026-09-03,17,B05
C02726,ชาย,18-24,B02,สีลม,2025-09-04,2025-09,False,True,1,135,2025-10-01,2025-10-01,354,B02
C02727,ชาย,25-34,B04,บางนา,2026-03-27,2026-03,False,True,3,250,2026-04-14,2026-06-14,98,B04
C02728,หญิง,18-24,B01,สยาม,2025-12-11,2025-12,False,True,5,375,2025-12-20,2026-04-07,166,B01
C02729,หญิง,35-44,B01,สยาม,2025-11-12,2025-11,False,True,11,1393,2025-12-05,2026-09-18,2,B01
C02730,หญิง,18-24,B05,มหาวิทยาลัย,2025-09-16,2025-09,False,False,0,0,,,,
C02731,หญิง,25-34,B05,มหาวิทยาลัย,2025-04-13,2025-04,False,True,16,1751,2025-05-16,2026-07-12,70,B05
C02732,หญิง,35-44,B02,สีลม,2025-12-16,2025-12,False,True,5,529,2026-01-04,2026-05-31,112,B02
C02733,ชาย,45-54,B05,มหาวิทยาลัย,2026-05-20,2026-05,False,True,1,76,2026-06-07,2026-06-07,105,B05
C02734,หญิง,25-34,B03,อารีย์,2026-02-20,2026-02,False,True,8,750,2026-03-12,2026-09-08,12,B03
C02735,ชาย,25-34,B05,มหาวิทยาลัย,2025-04-21,2025-04,False,True,18,2158,2025-05-05,2026-09-17,3,B05
C02736,หญิง,25-34,B05,มหาวิทยาลัย,2026-03-21,2026-03,False,True,10,1405,2026-04-04,2026-06-28,84,B05
C02737,หญิง,45-54,B05,มหาวิทยาลัย,2026-04-30,2026-04,False,False,0,0,,,,
C02738,หญิง,45-54,B03,อารีย์,2025-11-13,2025-11,False,True,16,2289,2025-11-14,2026-09-06,14,B03
C02739,หญิง,25-34,B05,มหาวิทยาลัย,2026-03-19,2026-03,False,True,1,60,2026-03-29,2026-03-29,175,B04
C02740,หญิง,45-54,B02,สีลม,2025-11-16,2025-11,False,False,0,0,,,,
C02741,หญิง,18-24,B05,มหาวิทยาลัย,2025-09-05,2025-09,False,True,7,1454,2025-11-04,2026-08-03,48,B05
C02742,ชาย,18-24,B03,อารีย์,2026-04-17,2026-04,False,True,4,520,2026-06-01,2026-08-30,21,B03
C02743,ชาย,55+,B05,มหาวิทยาลัย,2025-04-02,2025-04,False,True,19,2387,2025-04-18,2026-09-04,16,B05
C02744,หญิง,45-54,B04,บางนา,2026-01-22,2026-01,False,True,5,902,2026-02-27,2026-04-30,143,B04
C02745,หญิง,25-34,B02,สีลม,2025-11-08,2025-11,False,True,8,871,2025-11-09,2025-12-25,269,B02
C02746,หญิง,ต่ำกว่า 18,B04,บางนา,2025-07-21,2025-07,True,True,15,2079,2025-08-06,2026-09-17,3,B04
C02747,ชาย,35-44,B02,สีลม,2026-04-21,2026-04,False,True,3,270,2026-04-23,2026-05-16,127,B02
C02748,หญิง,35-44,B01,สยาม,2026-07-11,2026-07,False,False,0,0,,,,
C02749,ชาย,18-24,B05,มหาวิทยาลัย,2026-02-06,2026-02,False,True,6,1138,2026-03-30,2026-09-15,5,B05
C02750,หญิง,18-24,B05,มหาวิทยาลัย,2025-04-06,2025-04,False,True,9,1317,2025-04-26,2026-02-12,220,B05
C02751,ชาย,18-24,B01,สยาม,2025-10-28,2025-10,False,True,19,2734,2025-11-06,2026-09-13,7,B01
C02752,ชาย,45-54,B01,สยาม,2026-06-28,2026-06,False,True,3,659,2026-07-21,2026-09-15,5,B01
C02753,ชาย,18-24,B01,สยาม,2026-01-07,2026-01,False,True,8,1444,2026-01-12,2026-09-16,4,B01
C02754,หญิง,18-24,B04,บางนา,2025-04-06,2025-04,False,True,21,2343,2025-04-08,2026-09-05,15,B04
C02755,หญิง,18-24,B02,สีลม,2026-01-24,2026-01,False,True,12,1611,2026-02-09,2026-09-10,10,B02
C02756,หญิง,25-34,B02,สีลม,2026-08-18,2026-08,False,False,0,0,,,,
C02757,หญิง,25-34,B01,สยาม,2025-08-30,2025-08,False,True,27,3072,2025-09-12,2026-09-19,1,B01
C02758,หญิง,25-34,B02,สีลม,2026-08-24,2026-08,False,False,0,0,,,,
C02759,หญิง,25-34,B05,มหาวิทยาลัย,2025-09-30,2025-09,False,True,4,440,2025-10-27,2026-02-01,231,B05
C02760,หญิง,25-34,B02,สีลม,2026-02-11,2026-02,False,True,1,65,2026-07-16,2026-07-16,66,B04
C02761,ชาย,25-34,B04,บางนา,2025-09-04,2025-09,False,True,21,2667,2025-09-14,2026-09-19,1,B04
C02762,ชาย,25-34,B04,บางนา,2026-08-07,2026-08,False,True,1,120,2026-08-10,2026-08-10,41,B04
C02763,ชาย,25-34,B05,มหาวิทยาลัย,2025-09-18,2025-09,False,True,2,555,2025-10-07,2025-12-05,289,B05
C02764,หญิง,18-24,B01,สยาม,2025-05-17,2025-05,False,True,10,1029,2025-06-04,2026-05-12,131,B01
C02765,หญิง,18-24,B01,สยาม,2026-05-17,2026-05,False,True,1,95,2026-05-27,2026-05-27,116,B02
C02766,ชาย,18-24,B05,มหาวิทยาลัย,2026-05-19,2026-05,False,True,1,305,2026-05-28,2026-05-28,115,B05
C02767,หญิง,45-54,B01,สยาม,2026-04-05,2026-04,False,True,4,435,2026-04-27,2026-07-14,68,B01
C02768,หญิง,55+,B01,สยาม,2025-12-20,2025-12,False,True,2,154,2026-03-01,2026-06-13,99,B01
C02769,หญิง,18-24,B03,อารีย์,2026-04-26,2026-04,False,False,0,0,,,,
C02770,หญิง,45-54,B03,อารีย์,2026-02-21,2026-02,False,True,4,240,2026-02-28,2026-04-19,154,B03
C02771,ชาย,18-24,B02,สีลม,2026-09-08,2026-09,False,False,0,0,,,,
C02772,ไม่ระบุ,18-24,B04,บางนา,2025-12-05,2025-12,False,True,7,555,2025-12-23,2026-09-05,15,B04
C02773,หญิง,18-24,B05,มหาวิทยาลัย,2025-12-29,2025-12,False,True,1,75,2026-09-09,2026-09-09,11,B05
C02774,ชาย,18-24,B01,สยาม,2025-08-15,2025-08,False,True,10,970,2025-08-22,2026-07-25,57,B01
C02775,หญิง,18-24,B05,มหาวิทยาลัย,2025-08-05,2025-08,False,True,7,620,2025-08-15,2026-06-05,107,B05
C02776,ชาย,18-24,B05,มหาวิทยาลัย,2026-03-14,2026-03,False,True,3,260,2026-06-14,2026-08-06,45,B05
C02777,ชาย,55+,B04,บางนา,2025-04-07,2025-04,False,True,11,1453,2025-04-12,2026-03-19,185,B04
C02778,ชาย,45-54,B04,บางนา,2026-03-23,2026-03,False,True,11,1050,2026-03-24,2026-07-24,58,B04
C02779,หญิง,35-44,B01,สยาม,2025-06-28,2025-06,False,True,2,95,2025-07-24,2025-08-29,387,B01
C02780,หญิง,35-44,B05,มหาวิทยาลัย,2025-06-17,2025-06,False,True,10,879,2025-07-11,2026-04-22,151,B05
C02781,ชาย,25-34,B05,มหาวิทยาลัย,2026-07-23,2026-07,False,False,0,0,,,,
C02782,ชาย,18-24,B02,สีลม,2026-02-19,2026-02,False,True,3,557,2026-02-24,2026-04-07,166,B02
C02783,ชาย,25-34,B03,อารีย์,2025-11-26,2025-11,False,True,11,1184,2025-11-30,2026-07-30,52,B03
C02784,ชาย,25-34,B05,มหาวิทยาลัย,2026-06-07,2026-06,False,True,3,490,2026-07-15,2026-08-28,23,B05
C02785,หญิง,25-34,B05,มหาวิทยาลัย,2026-03-31,2026-03,False,True,7,919,2026-04-08,2026-08-30,21,B05
C02786,หญิง,25-34,B04,บางนา,2026-02-17,2026-02,False,False,0,0,,,,
C02787,ไม่ระบุ,25-34,B02,สีลม,2026-02-21,2026-02,False,True,6,810,2026-03-18,2026-08-09,42,B02
C02788,หญิง,18-24,B01,สยาม,2025-04-21,2025-04,False,True,9,1595,2025-06-03,2026-04-01,172,B01
C02789,หญิง,25-34,B05,มหาวิทยาลัย,2026-07-09,2026-07,False,True,5,1039,2026-07-21,2026-08-24,27,B05
C02790,หญิง,35-44,B02,สีลม,2025-12-04,2025-12,False,True,5,550,2025-12-09,2026-01-13,250,B02
C02791,หญิง,55+,B01,สยาม,2026-06-28,2026-06,False,True,5,589,2026-07-06,2026-08-07,44,B01
C02792,หญิง,45-54,B03,อารีย์,2026-06-15,2026-06,False,True,4,575,2026-06-24,2026-09-15,5,B03
C02793,ชาย,25-34,B02,สีลม,2025-05-27,2025-05,False,True,11,1271,2025-05-30,2025-09-30,355,B02
C02794,ชาย,25-34,B05,มหาวิทยาลัย,2025-06-25,2025-06,False,True,13,1966,2025-07-16,2026-07-21,61,B05
C02795,หญิง,18-24,B01,สยาม,2026-03-22,2026-03,False,True,5,645,2026-03-25,2026-05-11,132,B01
C02796,หญิง,25-34,B05,มหาวิทยาลัย,2025-11-28,2025-11,False,True,14,1263,2025-12-25,2026-09-01,19,B05
C02797,ชาย,ต่ำกว่า 18,B05,มหาวิทยาลัย,2025-12-29,2025-12,True,False,0,0,,,,
C02798,ชาย,25-34,B02,สีลม,2026-08-21,2026-08,False,False,0,0,,,,
C02799,หญิง,18-24,B03,อารีย์,2026-01-05,2026-01,False,True,10,1203,2026-01-14,2026-09-19,1,B03
C02800,ชาย,55+,B05,มหาวิทยาลัย,2025-11-21,2025-11,False,True,6,915,2025-11-27,2026-06-10,102,B05
C02801,ชาย,35-44,B03,อารีย์,2026-08-02,2026-08,False,True,1,275,2026-08-09,2026-08-09,42,B03
C02802,หญิง,18-24,B02,สีลม,2026-05-29,2026-05,False,True,1,120,2026-08-19,2026-08-19,32,B02
C02803,หญิง,35-44,B03,อารีย์,2026-05-09,2026-05,False,True,1,95,2026-07-02,2026-07-02,80,B03
C02804,หญิง,25-34,B05,มหาวิทยาลัย,2026-06-10,2026-06,False,True,1,95,2026-07-03,2026-07-03,79,B05
C02805,หญิง,25-34,B01,สยาม,2025-12-11,2025-12,False,True,3,340,2026-03-13,2026-04-26,147,B01
C02806,หญิง,35-44,B03,อารีย์,2026-02-16,2026-02,False,True,6,688,2026-02-28,2026-05-27,116,B03
C02807,ชาย,18-24,B05,มหาวิทยาลัย,2026-01-26,2026-01,False,True,4,780,2026-01-26,2026-08-20,31,B05
C02808,ชาย,18-24,B04,บางนา,2026-04-28,2026-04,False,True,2,280,2026-05-17,2026-06-19,93,B04
C02809,ชาย,25-34,B01,สยาม,2025-08-10,2025-08,False,True,18,2142,2025-08-12,2026-09-14,6,B01
C02810,ชาย,45-54,B01,สยาม,2025-06-13,2025-06,False,False,0,0,,,,
C02811,หญิง,18-24,B03,อารีย์,2026-02-27,2026-02,False,True,9,1083,2026-03-01,2026-08-26,25,B03
C02812,ชาย,25-34,B03,อารีย์,2026-01-26,2026-01,False,True,5,580,2026-02-09,2026-09-16,4,B03
C02813,หญิง,18-24,B01,สยาม,2025-07-24,2025-07,False,True,1,60,2025-08-02,2025-08-02,414,B01
C02814,หญิง,55+,B03,อารีย์,2026-05-24,2026-05,False,True,5,989,2026-06-04,2026-07-12,70,B03
C02815,หญิง,18-24,B02,สีลม,2026-03-27,2026-03,False,True,5,480,2026-05-28,2026-08-09,42,B02
C02816,หญิง,35-44,B02,สีลม,2025-06-23,2025-06,False,True,6,830,2025-06-25,2025-11-16,308,B02
C02817,ชาย,25-34,B01,สยาม,2025-10-13,2025-10,False,True,9,1029,2025-10-14,2026-06-07,105,B01
C02818,หญิง,18-24,B04,บางนา,2026-08-29,2026-08,False,False,0,0,,,,
C02819,หญิง,45-54,B01,สยาม,2026-02-19,2026-02,False,True,1,55,2026-06-18,2026-06-18,94,B01
C02820,หญิง,18-24,B04,บางนา,2026-08-16,2026-08,False,True,2,260,2026-08-20,2026-09-01,19,B04
C02821,ชาย,18-24,B01,สยาม,2026-07-21,2026-07,False,False,0,0,,,,
C02822,หญิง,25-34,B01,สยาม,2025-07-25,2025-07,False,True,1,130,2025-07-25,2025-07-25,422,B01
C02823,ชาย,18-24,B05,มหาวิทยาลัย,2025-10-14,2025-10,False,True,8,1085,2025-11-27,2026-08-01,50,B05
C02824,ชาย,35-44,B04,บางนา,2026-01-03,2026-01,False,True,4,738,2026-01-09,2026-05-01,142,B04
C02825,หญิง,45-54,B03,อารีย์,2026-03-10,2026-03,False,True,3,330,2026-06-03,2026-08-30,21,B03
C02826,ชาย,18-24,B03,อารีย์,2026-05-01,2026-05,False,True,1,135,2026-05-03,2026-05-03,140,B03
C02827,หญิง,35-44,B02,สีลม,2025-10-03,2025-10,False,True,3,459,2026-03-21,2026-08-27,24,B02
C02828,ชาย,25-34,B02,สีลม,2026-05-29,2026-05,False,True,3,580,2026-06-01,2026-07-11,71,B02
C02829,หญิง,18-24,B04,บางนา,2025-09-22,2025-09,False,True,3,424,2025-09-27,2025-11-02,322,B04
C02830,หญิง,25-34,B02,สีลม,2025-08-14,2025-08,False,True,4,808,2025-10-31,2026-05-17,126,B02
C02831,หญิง,25-34,B03,อารีย์,2025-12-16,2025-12,False,False,0,0,,,,
C02832,หญิง,18-24,B04,บางนา,2026-08-19,2026-08,False,False,0,0,,,,
C02833,ไม่ระบุ,18-24,B02,สีลม,2026-03-26,2026-03,False,True,4,580,2026-04-27,2026-07-21,61,B02
C02834,ชาย,25-34,B04,บางนา,2025-06-05,2025-06,False,True,8,633,2025-08-03,2026-01-28,235,B04
C02835,ชาย,45-54,B02,สีลม,2026-06-03,2026-06,False,True,2,200,2026-06-03,2026-08-19,32,B02
C02836,หญิง,25-34,B01,สยาม,2026-05-27,2026-05,False,True,9,1149,2026-06-17,2026-09-07,13,B01
C02837,ชาย,18-24,B01,สยาม,2025-10-01,2025-10,False,True,8,948,2025-10-01,2026-03-19,185,B04
C02838,หญิง,25-34,B05,มหาวิทยาลัย,2025-08-20,2025-08,False,True,1,85,2025-11-08,2025-11-08,316,B02
C02839,หญิง,55+,B02,สีลม,2026-06-05,2026-06,False,False,0,0,,,,
C02840,ไม่ระบุ,55+,B03,อารีย์,2026-08-10,2026-08,False,False,0,0,,,,
C02841,ชาย,45-54,B05,มหาวิทยาลัย,2026-02-25,2026-02,False,True,7,946,2026-03-24,2026-09-01,19,B05
C02842,หญิง,18-24,B05,มหาวิทยาลัย,2025-07-01,2025-07,False,True,3,628,2025-07-02,2025-09-07,378,B05
C02843,หญิง,25-34,B05,มหาวิทยาลัย,2026-05-20,2026-05,False,False,0,0,,,,
C02844,หญิง,25-34,B02,สีลม,2025-12-06,2025-12,False,True,4,615,2025-12-07,2026-02-23,209,B02
C02845,ชาย,18-24,B04,บางนา,2026-06-29,2026-06,False,True,2,300,2026-07-08,2026-08-26,25,B04
C02846,หญิง,18-24,B04,บางนา,2025-06-12,2025-06,False,True,12,2102,2025-06-12,2026-03-19,185,B04
C02847,ชาย,25-34,B04,บางนา,2026-04-06,2026-04,False,True,1,95,2026-05-21,2026-05-21,122,B04
C02848,ชาย,18-24,B02,สีลม,2026-04-01,2026-04,False,True,1,75,2026-07-02,2026-07-02,80,B02
C02849,ชาย,45-54,B04,บางนา,2026-08-24,2026-08,False,True,1,65,2026-09-03,2026-09-03,17,B05
C02850,หญิง,25-34,B02,สีลม,2025-11-01,2025-11,False,True,13,1644,2025-11-29,2026-08-21,30,B02
C02851,หญิง,18-24,B03,อารีย์,2026-09-13,2026-09,False,True,1,230,2026-09-13,2026-09-13,7,B03
C02852,หญิง,25-34,B04,บางนา,2026-07-08,2026-07,False,True,2,265,2026-09-10,2026-09-19,1,B02
C02853,หญิง,35-44,B03,อารีย์,2026-01-11,2026-01,False,True,8,1223,2026-02-03,2026-09-13,7,B03
C02854,หญิง,18-24,B05,มหาวิทยาลัย,2026-08-26,2026-08,False,True,1,65,2026-09-09,2026-09-09,11,B02
C02855,ชาย,18-24,B02,สีลม,2026-01-29,2026-01,False,False,0,0,,,,
C02856,หญิง,25-34,B03,อารีย์,2026-07-30,2026-07,False,True,1,55,2026-08-16,2026-08-16,35,B01
C02857,หญิง,18-24,B02,สีลม,2025-09-03,2025-09,False,True,6,715,2025-10-21,2026-06-05,107,B02
C02858,ชาย,ต่ำกว่า 18,B05,มหาวิทยาลัย,2025-08-30,2025-08,True,True,3,314,2025-09-18,2026-07-10,72,B05
C02859,หญิง,55+,B01,สยาม,2026-03-23,2026-03,False,True,4,950,2026-04-19,2026-07-20,62,B01
C02860,ไม่ระบุ,35-44,B02,สีลม,2026-05-21,2026-05,False,True,4,465,2026-08-04,2026-09-03,17,B02
C02861,หญิง,45-54,B04,บางนา,2026-07-19,2026-07,False,False,0,0,,,,
C02862,หญิง,35-44,B05,มหาวิทยาลัย,2025-12-24,2025-12,False,False,0,0,,,,
C02863,หญิง,18-24,B05,มหาวิทยาลัย,2025-12-22,2025-12,False,True,5,494,2025-12-26,2026-03-11,193,B05
C02864,ชาย,35-44,B01,สยาม,2025-10-26,2025-10,False,True,1,90,2025-11-04,2025-11-04,320,B01
C02865,ชาย,25-34,B04,บางนา,2025-09-10,2025-09,False,True,1,75,2025-10-04,2025-10-04,351,B04
C02866,หญิง,18-24,B01,สยาม,2025-10-20,2025-10,False,True,7,924,2025-11-14,2026-04-15,158,B01
C02867,ชาย,25-34,B04,บางนา,2025-04-04,2025-04,False,True,10,1592,2025-04-20,2025-12-04,290,B04
C02868,หญิง,25-34,B03,อารีย์,2026-02-19,2026-02,False,True,3,355,2026-04-11,2026-04-27,146,B03
C02869,หญิง,55+,B04,บางนา,2026-06-01,2026-06,False,True,6,830,2026-07-15,2026-09-18,2,B04
C02870,หญิง,45-54,B01,สยาม,2025-07-17,2025-07,False,True,10,1460,2025-09-27,2026-05-20,123,B01
C02871,หญิง,18-24,B02,สีลม,2026-05-08,2026-05,False,True,3,210,2026-05-26,2026-09-01,19,B02
C02872,หญิง,ต่ำกว่า 18,B04,บางนา,2025-09-12,2025-09,True,False,0,0,,,,
C02873,หญิง,25-34,B01,สยาม,2026-02-02,2026-02,False,True,10,1120,2026-02-18,2026-08-16,35,B01
C02874,ชาย,ต่ำกว่า 18,B05,มหาวิทยาลัย,2026-05-29,2026-05,True,False,0,0,,,,
C02875,หญิง,45-54,B02,สีลม,2026-01-14,2026-01,False,True,8,1382,2026-02-15,2026-09-13,7,B02
C02876,หญิง,55+,B05,มหาวิทยาลัย,2025-04-07,2025-04,False,True,11,1528,2025-06-05,2026-09-20,0,B05
C02877,หญิง,25-34,B05,มหาวิทยาลัย,2025-05-22,2025-05,False,True,17,2520,2025-07-01,2026-08-19,32,B05
C02878,ไม่ระบุ,18-24,B04,บางนา,2026-06-27,2026-06,False,True,1,150,2026-09-01,2026-09-01,19,B05
C02879,หญิง,35-44,B01,สยาม,2025-07-18,2025-07,False,True,9,1253,2025-07-18,2026-05-14,129,B01
C02880,หญิง,45-54,B02,สีลม,2026-07-04,2026-07,False,True,3,210,2026-07-26,2026-08-21,30,B02
C02881,หญิง,25-34,B04,บางนา,2026-04-13,2026-04,False,False,0,0,,,,
C02882,ชาย,35-44,B01,สยาม,2026-07-30,2026-07,False,True,1,170,2026-08-01,2026-08-01,50,B01
C02883,หญิง,35-44,B05,มหาวิทยาลัย,2026-02-12,2026-02,False,True,3,345,2026-02-26,2026-08-28,23,B05
C02884,ชาย,18-24,B05,มหาวิทยาลัย,2025-04-02,2025-04,False,True,5,495,2025-06-13,2025-09-30,355,B05
C02885,ชาย,25-34,B01,สยาม,2026-07-30,2026-07,False,True,3,300,2026-08-03,2026-09-13,7,B01
C02886,หญิง,25-34,B04,บางนา,2026-09-09,2026-09,False,True,2,270,2026-09-15,2026-09-20,0,B04
C02887,ชาย,55+,B05,มหาวิทยาลัย,2026-09-12,2026-09,False,False,0,0,,,,
C02888,ชาย,35-44,B01,สยาม,2025-12-10,2025-12,False,True,12,1892,2025-12-19,2026-09-12,8,B01
C02889,หญิง,18-24,B02,สีลม,2025-10-03,2025-10,False,True,2,275,2025-12-15,2026-02-14,218,B01
C02890,หญิง,25-34,B04,บางนา,2026-07-01,2026-07,False,True,3,295,2026-07-29,2026-09-02,18,B04
C02891,หญิง,25-34,B04,บางนา,2025-05-27,2025-05,False,True,14,1864,2025-05-30,2026-06-21,91,B04
C02892,หญิง,55+,B04,บางนา,2026-03-12,2026-03,False,True,7,695,2026-03-21,2026-09-10,10,B04
C02893,ชาย,35-44,B02,สีลม,2026-03-29,2026-03,False,True,13,1969,2026-04-01,2026-08-19,32,B02
C02894,ไม่ระบุ,45-54,B02,สีลม,2025-07-13,2025-07,False,True,3,684,2025-07-21,2025-07-24,423,B02
C02895,หญิง,18-24,B05,มหาวิทยาลัย,2026-08-24,2026-08,False,False,0,0,,,,
C02896,ชาย,25-34,B01,สยาม,2025-05-06,2025-05,False,True,20,3029,2025-05-15,2026-08-03,48,B01
C02897,หญิง,35-44,B03,อารีย์,2026-03-25,2026-03,False,False,0,0,,,,
C02898,ชาย,18-24,B03,อารีย์,2026-05-01,2026-05,False,True,1,85,2026-08-12,2026-08-12,39,B03
C02899,หญิง,55+,B04,บางนา,2026-05-12,2026-05,False,True,2,235,2026-06-07,2026-07-16,66,B04
C02900,หญิง,18-24,B05,มหาวิทยาลัย,2025-04-11,2025-04,False,True,9,969,2025-04-23,2025-09-28,357,B05
C02901,ไม่ระบุ,45-54,B04,บางนา,2026-03-29,2026-03,False,True,9,1060,2026-04-04,2026-07-21,61,B04
C02902,หญิง,35-44,B05,มหาวิทยาลัย,2026-07-15,2026-07,False,False,0,0,,,,
C02903,ชาย,55+,B04,บางนา,2026-03-02,2026-03,False,True,4,863,2026-04-19,2026-08-11,40,B04
C02904,หญิง,35-44,B02,สีลม,2026-01-27,2026-01,False,True,2,180,2026-03-24,2026-07-21,61,B02
C02905,ชาย,35-44,B01,สยาม,2025-10-21,2025-10,False,True,5,800,2025-10-23,2026-03-27,177,B01
C02906,หญิง,25-34,B05,มหาวิทยาลัย,2026-07-18,2026-07,False,True,1,75,2026-09-08,2026-09-08,12,B05
C02907,หญิง,18-24,B04,บางนา,2025-06-05,2025-06,False,True,9,1314,2025-08-07,2026-04-27,146,B04
C02908,หญิง,18-24,B01,สยาม,2026-05-12,2026-05,False,True,5,545,2026-05-12,2026-08-02,49,B01
C02909,ชาย,25-34,B02,สีลม,2026-08-21,2026-08,False,False,0,0,,,,
C02910,หญิง,25-34,B05,มหาวิทยาลัย,2026-07-14,2026-07,False,False,0,0,,,,
C02911,หญิง,25-34,B03,อารีย์,2026-01-26,2026-01,False,False,0,0,,,,
C02912,ชาย,25-34,B02,สีลม,2026-03-25,2026-03,False,False,0,0,,,,
C02913,ชาย,25-34,B05,มหาวิทยาลัย,2025-07-08,2025-07,False,True,6,1166,2025-10-10,2026-02-28,204,B05
C02914,หญิง,18-24,B01,สยาม,2026-07-01,2026-07,False,True,1,145,2026-07-08,2026-07-08,74,B01
C02915,ชาย,35-44,B02,สีลม,2026-03-05,2026-03,False,True,3,335,2026-08-25,2026-09-11,9,B02
C02916,หญิง,18-24,B01,สยาม,2025-07-01,2025-07,False,True,1,170,2025-08-30,2025-08-30,386,B01
C02917,ชาย,25-34,B02,สีลม,2025-06-04,2025-06,False,True,1,150,2025-06-08,2025-06-08,469,B01
C02918,ชาย,35-44,B05,มหาวิทยาลัย,2026-01-07,2026-01,False,True,9,1464,2026-02-12,2026-07-06,76,B05
C02919,หญิง,18-24,B04,บางนา,2026-01-29,2026-01,False,True,12,2006,2026-02-12,2026-09-10,10,B04
C02920,หญิง,45-54,B05,มหาวิทยาลัย,2025-06-26,2025-06,False,True,7,990,2025-10-02,2026-04-08,165,B05
C02921,หญิง,55+,B01,สยาม,2026-06-16,2026-06,False,True,2,125,2026-06-24,2026-08-22,29,B01
C02922,หญิง,25-34,B02,สีลม,2025-04-30,2025-04,False,True,12,1328,2025-05-11,2026-08-10,41,B02
C02923,ชาย,25-34,B01,สยาม,2025-05-08,2025-05,False,True,1,110,2025-05-11,2025-05-11,497,B01
C02924,ชาย,25-34,B01,สยาม,2025-05-07,2025-05,False,True,19,2338,2025-06-27,2026-08-06,45,B01
C02925,หญิง,ต่ำกว่า 18,B02,สีลม,2025-12-31,2025-12,True,True,3,300,2026-01-23,2026-05-30,113,B02
C02926,ชาย,25-34,B01,สยาม,2025-10-16,2025-10,False,True,2,350,2025-10-18,2026-02-18,214,B01
C02927,ชาย,ต่ำกว่า 18,B01,สยาม,2025-08-25,2025-08,True,True,9,899,2025-08-29,2026-09-19,1,B01
C02928,หญิง,55+,B03,อารีย์,2026-06-06,2026-06,False,False,0,0,,,,
C02929,หญิง,18-24,B02,สีลม,2026-05-07,2026-05,False,True,2,135,2026-05-29,2026-09-09,11,B02
C02930,หญิง,35-44,B04,บางนา,2025-11-01,2025-11,False,True,8,1210,2025-11-30,2026-06-06,106,B04
C02931,ชาย,ต่ำกว่า 18,B02,สีลม,2025-10-08,2025-10,True,True,9,1312,2025-11-10,2026-05-14,129,B02
C02932,หญิง,45-54,B02,สีลม,2025-09-25,2025-09,False,True,4,475,2025-10-22,2026-01-21,242,B02
C02933,ชาย,ต่ำกว่า 18,B04,บางนา,2026-03-05,2026-03,True,True,4,420,2026-03-05,2026-05-10,133,B04
C02934,หญิง,25-34,B05,มหาวิทยาลัย,2026-07-25,2026-07,False,True,2,310,2026-07-26,2026-08-02,49,B05
C02935,หญิง,18-24,B04,บางนา,2025-12-31,2025-12,False,True,8,1264,2026-01-26,2026-08-28,23,B04
C02936,ไม่ระบุ,25-34,B05,มหาวิทยาลัย,2026-04-04,2026-04,False,True,5,629,2026-06-11,2026-08-19,32,B05
C02937,ชาย,35-44,B04,บางนา,2026-02-23,2026-02,False,True,1,20,2026-09-08,2026-09-08,12,B04
C02938,หญิง,18-24,B03,อารีย์,2025-12-05,2025-12,False,True,14,1558,2025-12-05,2026-08-09,42,B03
C02939,หญิง,18-24,B02,สีลม,2025-09-10,2025-09,False,True,28,4055,2025-09-14,2026-08-26,25,B02
C02940,ชาย,25-34,B02,สีลม,2025-11-12,2025-11,False,True,2,165,2025-12-04,2025-12-29,265,B02
C02941,ชาย,35-44,B02,สีลม,2026-08-28,2026-08,False,False,0,0,,,,
C02942,ชาย,35-44,B01,สยาม,2026-02-19,2026-02,False,True,3,345,2026-04-08,2026-09-16,4,B01
C02943,ชาย,35-44,B03,อารีย์,2026-05-18,2026-05,False,False,0,0,,,,
C02944,หญิง,35-44,B01,สยาม,2026-05-14,2026-05,False,True,6,608,2026-05-25,2026-09-19,1,B01
C02945,หญิง,45-54,B02,สีลม,2025-09-30,2025-09,False,True,4,393,2025-12-12,2026-07-28,54,B02
C02946,หญิง,25-34,B01,สยาม,2025-10-17,2025-10,False,True,1,160,2025-11-08,2025-11-08,316,B01
C02947,หญิง,25-34,B01,สยาม,2025-12-13,2025-12,False,False,0,0,,,,
C02948,หญิง,35-44,B01,สยาม,2026-02-07,2026-02,False,True,11,1380,2026-02-14,2026-07-25,57,B01
C02949,ชาย,25-34,B05,มหาวิทยาลัย,2026-01-29,2026-01,False,True,9,1064,2026-02-03,2026-08-04,47,B05
C02950,ไม่ระบุ,25-34,B01,สยาม,2026-02-12,2026-02,False,True,4,851,2026-03-17,2026-09-01,19,B01
C02951,ชาย,25-34,B05,มหาวิทยาลัย,2025-06-30,2025-06,False,True,4,584,2025-07-18,2026-09-11,9,B05
C02952,หญิง,ต่ำกว่า 18,B05,มหาวิทยาลัย,2026-06-09,2026-06,True,True,3,245,2026-07-16,2026-08-13,38,B05
C02953,ชาย,45-54,B02,สีลม,2026-02-08,2026-02,False,True,5,809,2026-03-23,2026-07-07,75,B02
C02954,หญิง,25-34,B02,สีลม,2025-06-22,2025-06,False,True,13,1433,2025-07-03,2026-09-10,10,B02
C02955,ชาย,18-24,B03,อารีย์,2026-05-04,2026-05,False,True,4,465,2026-06-03,2026-07-15,67,B03
C02956,หญิง,45-54,B01,สยาม,2025-07-19,2025-07,False,True,11,1678,2025-08-30,2026-07-18,64,B01
C02957,หญิง,35-44,B03,อารีย์,2026-01-03,2026-01,False,True,3,410,2026-01-09,2026-02-27,205,B03
C02958,หญิง,55+,B05,มหาวิทยาลัย,2025-04-18,2025-04,False,True,8,860,2025-05-04,2025-11-03,321,B05
C02959,หญิง,18-24,B02,สีลม,2025-11-25,2025-11,False,True,8,1250,2025-11-28,2026-07-20,62,B02
C02960,ชาย,25-34,B05,มหาวิทยาลัย,2026-01-19,2026-01,False,True,3,310,2026-01-31,2026-08-13,38,B05
C02961,ชาย,18-24,B02,สีลม,2026-01-22,2026-01,False,True,5,690,2026-02-26,2026-08-31,20,B02
C02962,หญิง,25-34,B05,มหาวิทยาลัย,2025-08-13,2025-08,False,True,3,479,2025-09-29,2026-06-18,94,B05
C02963,หญิง,18-24,B04,บางนา,2026-04-25,2026-04,False,True,11,1765,2026-04-27,2026-09-17,3,B04
C02964,ชาย,18-24,B05,มหาวิทยาลัย,2026-02-25,2026-02,False,True,3,360,2026-03-24,2026-04-02,171,B05
C02965,ชาย,25-34,B01,สยาม,2026-06-25,2026-06,False,False,0,0,,,,
C02966,ชาย,18-24,B03,อารีย์,2026-08-15,2026-08,False,False,0,0,,,,
C02967,ชาย,25-34,B03,อารีย์,2026-06-18,2026-06,False,True,1,85,2026-07-18,2026-07-18,64,B03
C02968,ชาย,25-34,B05,มหาวิทยาลัย,2025-08-09,2025-08,False,True,13,1638,2025-09-25,2026-08-19,32,B05
C02969,ชาย,55+,B05,มหาวิทยาลัย,2025-12-07,2025-12,False,True,1,310,2025-12-25,2025-12-25,269,B01
C02970,หญิง,25-34,B04,บางนา,2026-08-23,2026-08,False,False,0,0,,,,
C02971,ไม่ระบุ,18-24,B05,มหาวิทยาลัย,2025-05-22,2025-05,False,False,0,0,,,,
C02972,หญิง,18-24,B05,มหาวิทยาลัย,2026-02-23,2026-02,False,True,5,793,2026-03-18,2026-09-17,3,B05
C02973,หญิง,35-44,B01,สยาม,2025-09-15,2025-09,False,True,1,75,2025-10-14,2025-10-14,341,B01
C02974,ชาย,35-44,B05,มหาวิทยาลัย,2026-04-30,2026-04,False,False,0,0,,,,
C02975,ชาย,25-34,B01,สยาม,2026-03-09,2026-03,False,True,8,849,2026-03-10,2026-09-14,6,B01
C02976,ชาย,35-44,B02,สีลม,2025-08-20,2025-08,False,True,3,480,2025-09-01,2026-02-26,206,B02
C02977,ชาย,25-34,B04,บางนา,2026-08-19,2026-08,False,False,0,0,,,,
C02978,หญิง,55+,B04,บางนา,2026-05-22,2026-05,False,True,1,115,2026-06-06,2026-06-06,106,B04
C02979,ชาย,55+,B05,มหาวิทยาลัย,2025-08-25,2025-08,False,True,4,530,2025-09-03,2025-12-12,282,B05
C02980,ชาย,45-54,B05,มหาวิทยาลัย,2025-04-04,2025-04,False,True,10,1372,2025-06-03,2026-03-26,178,B05
C02981,หญิง,25-34,B05,มหาวิทยาลัย,2025-07-31,2025-07,False,True,9,900,2025-08-29,2026-05-20,123,B05
C02982,ชาย,18-24,B03,อารีย์,2026-08-12,2026-08,False,False,0,0,,,,
C02983,หญิง,25-34,B04,บางนา,2025-11-16,2025-11,False,True,7,995,2025-11-24,2026-08-08,43,B04
C02984,หญิง,35-44,B05,มหาวิทยาลัย,2026-05-17,2026-05,False,False,0,0,,,,
C02985,หญิง,25-34,B02,สีลม,2026-05-06,2026-05,False,True,1,60,2026-09-12,2026-09-12,8,B02
C02986,หญิง,35-44,B01,สยาม,2025-08-14,2025-08,False,True,2,359,2025-10-21,2026-02-03,229,B01
C02987,หญิง,18-24,B02,สีลม,2025-08-20,2025-08,False,True,12,1515,2025-08-25,2026-07-28,54,B02
C02988,หญิง,25-34,B04,บางนา,2026-05-13,2026-05,False,True,1,665,2026-08-28,2026-08-28,23,B01
C02989,ชาย,ต่ำกว่า 18,B01,สยาม,2026-05-03,2026-05,True,True,2,175,2026-05-25,2026-06-23,89,B01
C02990,หญิง,25-34,B04,บางนา,2026-09-14,2026-09,False,True,1,140,2026-09-15,2026-09-15,5,B04
C02991,หญิง,18-24,B02,สีลม,2026-07-27,2026-07,False,False,0,0,,,,
C02992,หญิง,18-24,B05,มหาวิทยาลัย,2026-04-30,2026-04,False,True,2,160,2026-08-18,2026-09-12,8,B05
C02993,ชาย,35-44,B02,สีลม,2025-11-09,2025-11,False,True,9,1400,2025-11-30,2026-09-09,11,B02
C02994,ชาย,35-44,B01,สยาม,2025-04-25,2025-04,False,True,25,3171,2025-04-29,2026-09-16,4,B01
C02995,หญิง,35-44,B01,สยาม,2025-04-06,2025-04,False,False,0,0,,,,
C02996,ชาย,25-34,B04,บางนา,2025-12-09,2025-12,False,True,5,655,2025-12-09,2026-02-22,210,B04
C02997,ชาย,25-34,B01,สยาม,2026-05-12,2026-05,False,True,2,305,2026-06-03,2026-08-20,31,B01
C02998,ชาย,ต่ำกว่า 18,B02,สีลม,2026-09-11,2026-09,True,True,1,110,2026-09-17,2026-09-17,3,B02
C02999,หญิง,18-24,B01,สยาม,2025-09-16,2025-09,False,True,14,2202,2025-09-21,2026-08-13,38,B01
C03000,ชาย,55+,B05,มหาวิทยาลัย,2026-06-07,2026-06,False,True,5,550,2026-07-03,2026-09-02,18,B05
